=== node=pgi15-gpu9.iff.kfa-juelich.de gpu=NVIDIA GeForce RTX 4090 Thu Jul 23 02:53:34 PM UTC 2026 ===
=== TAG=exact_mlp MODE=exact EXAMPLE=VmappedNeuralNetwork WIDTH=64 SNN_TRUNC=unset ===
=== graphax=2410078 jaxpr: bound the tokenizer's name alphabet so token ids stay in range ===
=== alphagrad=c34bbf7 exp: synthetic width-64 baselines (MLP / EncoderDecoder / ADALIF_SNN) ===
=== PHASE lat_mem START Thu Jul 23 02:53:34 PM UTC 2026 ===
2026-07-23 14:53:38,141	INFO worker.py:2012 -- Started a local Ray instance.
/Users/assmuth/dsnn/.venv/lib/python3.13/site-packages/ray/_private/worker.py:2051: FutureWarning: Tip: In future versions of Ray, Ray will no longer override accelerator visible devices env var if num_gpus=0 or num_gpus=None (default). To enable this behavior and turn off this error message, set RAY_ACCEL_ENV_VAR_OVERRIDE_ON_ZERO=0
  warnings.warn(
wandb: Loading settings from /Users/assmuth/.config/wandb/settings
wandb: WARNING Using a boolean value for 'reinit' is deprecated. Use 'return_previous' or 'finish_previous' instead.
wandb: Tracking run with wandb version 0.25.0
wandb: W&B syncing is set to `offline` in this directory. Run `wandb online` or set WANDB_MODE=online to enable cloud syncing.
wandb: Run data is saved locally in /Users/assmuth/dsnn/alphagrad/wandb/offline-run-20260723_145338-56s74kfn
[33m(raylet)[0m It looks like you're creating a detached actor in an anonymous namespace. In order to access this actor in the future, you will need to explicitly connect to this namespace with ray.init(namespace="f288d571-172e-4a53-9367-716d0dd03bfe", ...)
[36m(CpuApproximationActor pid=3407048)[0m W0723 14:53:45.187958 3407048 text_format.cc:393] Warning parsing text-format xla.TritonGemmConfigsProto: 15:53 (N = 1): text format contains deprecated field "split_k"
[36m(CpuApproximationActor pid=3407048)[0m W0723 14:53:45.187981 3407048 text_format.cc:393] Warning parsing text-format xla.TritonGemmConfigsProto: 16:53 (N = 2): text format contains deprecated field "split_k"
[36m(CpuApproximationActor pid=3407048)[0m W0723 14:53:45.187999 3407048 text_format.cc:393] Warning parsing text-format xla.TritonGemmConfigsProto: 18:53 (N = 4): text format contains deprecated field "split_k"
[36m(CpuApproximationActor pid=3407048)[0m W0723 14:53:45.188009 3407048 text_format.cc:393] Warning parsing text-format xla.TritonGemmConfigsProto: 22:53 (N = 8): text format contains deprecated field "split_k"
[36m(CpuApproximationActor pid=3407048)[0m W0723 14:53:45.188023 3407048 text_format.cc:393] Warning parsing text-format xla.TritonGemmConfigsProto: 30:53 (N = 16): text format contains deprecated field "split_k"
[36m(CpuApproximationActor pid=3407048)[0m W0723 14:53:45.188054 3407048 text_format.cc:393] Warning parsing text-format xla.TritonGemmConfigsProto: 16:52 (N = 32): text format contains deprecated field "split_k"
[36m(CpuApproximationActor pid=3407048)[0m W0723 14:53:45.188103 3407048 text_format.cc:393] Warning parsing text-format xla.TritonGemmConfigsProto: 48:53 (N = 64): text format contains deprecated field "split_k"
[36m(CpuApproximationActor pid=3407048)[0m W0723 14:53:45.188203 3407048 text_format.cc:393] Warning parsing text-format xla.TritonGemmConfigsProto: 78:53 (N = 128): text format contains deprecated field "split_k"
[36m(CpuApproximationActor pid=3407048)[0m W0723 14:53:45.188389 3407048 text_format.cc:393] Warning parsing text-format xla.TritonGemmConfigsProto: 36:55 (N = 256): text format contains deprecated field "split_k"
[36m(CpuApproximationActor pid=3407047)[0m [cpu_approx_worker pid=3407047] env: ALPHAGRAD_EXACT_ONLY=1 ALPHAGRAD_EXAMPLE_WIDTH=64 ALPHAGRAD_FACE_TRANSFORMS=0 ALPHAGRAD_MEASURE_VIA_AOJ=0 ALPHAGRAD_PER_FACE_MVP=0 ALPHAGRAD_POLICY=palimpsa JAX_COMPILATION_CACHE_DIR=/tmp/dsnn-jax-cache-55181-pgi15-gpu9
[36m(CpuApproximationActor pid=3407047)[0m [measure-actor 0] host=pgi15-gpu9.iff.kfa-juelich.de CUDA_VISIBLE_DEVICES=1 jax_devices=[CudaDevice(id=0)]
[33m(raylet)[0m It looks like you're creating a detached actor in an anonymous namespace. In order to access this actor in the future, you will need to explicitly connect to this namespace with ray.init(namespace="f288d571-172e-4a53-9367-716d0dd03bfe", ...)
[36m(PPOActor pid=3407045)[0m [ppo_ray] ADDITIVE failed/sentinel penalty = -2.0 (bounded-negative, INCLUDED in advantage+loss -- replaces the failed-row mask; failed rows are repulsive, never a zero-gradient no-op).
[36m(PPOActor pid=3407045)[0m [ppo_ray] V2 anti-hack: failed_adv_stamp=1.0 (post-z-score advantage overwrite on failed rows), cost_symlog_cap=0.0 (symlog'd cost channels clipped to +/-cap).
[36m(PPOActor pid=3407045)[0m [ppo_ray] PopArt value norm ON: beta=0.01 sigma_min(base=0.1, quality[6,9]=0.2) sigma_max=1e+12 robust_std=True (winsor k=5.0) — replaces the rollout advantage z-score; under pure-PopArt advantage a failed row is truly-neutral (A==0), no constant stamp.
[36m(PPOActor pid=3407045)[0m [ppo_ray] DYNAMIC SENTINEL ON: failed/sentinel terminals get per-channel mu_c - 2.0*sigma_c (EMA beta=0.01) instead of -1e10. The additive failed_penalty stamp AND the post-z-score failed_adv_stamp are DISABLED (dynamic value supersedes them); failed_transitions logging + PopArt exclusion unchanged.
[36m(PPOActor pid=3407045)[0m [ppo_ray] RAW COSSIM THREAD ON: env emits full-range cosine_sim in idx6; worker applies guide cap=None into the GAE buffer only, logs reward/cosine_sim_raw from the uncapped value.
[36m(PPOActor pid=3407045)[0m [ppo_ray_worker] POLICY V2 ACTIVE: MicroPPOAgent = PALIMPSA backbone + PointerVertexPolicy + MicroActionPolicy(max_substeps=1) + separate value pool; factor tables up to axis size 64 (observed max 64).
[36m(PPOActor pid=3407045)[0m [ppo_ray_worker] V2 policy heads scaled by 0.1 (near-uniform initial policy).
[36m(CpuApproximationActor pid=3407048)[0m [cpu_approx_worker pid=3407048] env: ALPHAGRAD_EXACT_ONLY=1 ALPHAGRAD_EXAMPLE_WIDTH=64 ALPHAGRAD_FACE_TRANSFORMS=0 ALPHAGRAD_MEASURE_VIA_AOJ=0 ALPHAGRAD_PER_FACE_MVP=0 ALPHAGRAD_POLICY=palimpsa JAX_COMPILATION_CACHE_DIR=/tmp/dsnn-jax-cache-55181-pgi15-gpu9[32m [repeated 2x across cluster] (Ray deduplicates logs by default. Set RAY_DEDUP_LOGS=0 to disable log deduplication, or see https://docs.ray.io/en/master/ray-observability/user-guides/configure-logging.html#log-deduplication for more options.)[0m
[36m(CpuApproximationActor pid=3407048)[0m [measure-actor 2] host=pgi15-gpu9.iff.kfa-juelich.de CUDA_VISIBLE_DEVICES=3 jax_devices=[CudaDevice(id=0)][32m [repeated 2x across cluster][0m
  actors spawned + JIT-warm in 27.6s
ppo_ray:   0%|                                                                                                                                             | 0/1000 [00:00<?, ?it/s][36m(CpuApproximationActor pid=3407048)[0m /Users/assmuth/dsnn/graphax/src/graphax/jaxpr.py:779: UserWarning: jaxpr tokenizer: uncaptured value rendered as '?': 'jit'
[36m(CpuApproximationActor pid=3407048)[0m   warnings.warn(
[36m(CpuApproximationActor pid=3407048)[0m /Users/assmuth/dsnn/graphax/src/graphax/jaxpr.py:779: UserWarning: jaxpr tokenizer: uncaptured value rendered as '?': 'compiler_options_kvs'
[36m(CpuApproximationActor pid=3407048)[0m   warnings.warn(
[36m(CpuApproximationActor pid=3407048)[0m /Users/assmuth/dsnn/graphax/src/graphax/jaxpr.py:779: UserWarning: jaxpr tokenizer: uncaptured value rendered as '?': 'donated_invars'
[36m(CpuApproximationActor pid=3407048)[0m   warnings.warn(
[36m(CpuApproximationActor pid=3407048)[0m /Users/assmuth/dsnn/graphax/src/graphax/jaxpr.py:779: UserWarning: jaxpr tokenizer: uncaptured value rendered as '?': 'in_layouts'
[36m(CpuApproximationActor pid=3407048)[0m   warnings.warn(
[36m(CpuApproximationActor pid=3407048)[0m /Users/assmuth/dsnn/graphax/src/graphax/jaxpr.py:779: UserWarning: jaxpr tokenizer: uncaptured value rendered as '?': 'None'
[36m(CpuApproximationActor pid=3407048)[0m   warnings.warn(
[36m(CpuApproximationActor pid=3407048)[0m /Users/assmuth/dsnn/graphax/src/graphax/jaxpr.py:779: UserWarning: jaxpr tokenizer: uncaptured value rendered as '?': 'in_shardings'
[36m(CpuApproximationActor pid=3407048)[0m   warnings.warn(
[36m(CpuApproximationActor pid=3407048)[0m /Users/assmuth/dsnn/graphax/src/graphax/jaxpr.py:779: UserWarning: jaxpr tokenizer: uncaptured value rendered as '?': 'UnspecifiedValue'
[36m(CpuApproximationActor pid=3407048)[0m   warnings.warn(
[36m(CpuApproximationActor pid=3407048)[0m /Users/assmuth/dsnn/graphax/src/graphax/jaxpr.py:779: UserWarning: jaxpr tokenizer: uncaptured value rendered as '?': 'inline'
[36m(CpuApproximationActor pid=3407048)[0m   warnings.warn(
[36m(CpuApproximationActor pid=3407048)[0m /Users/assmuth/dsnn/graphax/src/graphax/jaxpr.py:779: UserWarning: jaxpr tokenizer: uncaptured value rendered as '?': 'keep_unused'
[36m(CpuApproximationActor pid=3407048)[0m   warnings.warn(
[36m(CpuApproximationActor pid=3407048)[0m /Users/assmuth/dsnn/graphax/src/graphax/jaxpr.py:779: UserWarning: jaxpr tokenizer: uncaptured value rendered as '?': 'name'
[36m(CpuApproximationActor pid=3407048)[0m   warnings.warn(
[36m(CpuApproximationActor pid=3407048)[0m /Users/assmuth/dsnn/graphax/src/graphax/jaxpr.py:779: UserWarning: jaxpr tokenizer: uncaptured value rendered as '?': '_where'
[36m(CpuApproximationActor pid=3407048)[0m   warnings.warn(
[36m(CpuApproximationActor pid=3407048)[0m /Users/assmuth/dsnn/graphax/src/graphax/jaxpr.py:779: UserWarning: jaxpr tokenizer: uncaptured value rendered as '?': 'out_layouts'
[36m(CpuApproximationActor pid=3407048)[0m   warnings.warn(
[36m(CpuApproximationActor pid=3407048)[0m /Users/assmuth/dsnn/graphax/src/graphax/jaxpr.py:779: UserWarning: jaxpr tokenizer: uncaptured value rendered as '?': 'out_shardings'
[36m(CpuApproximationActor pid=3407048)[0m   warnings.warn(
[36m(PPOActor pid=3407045)[0m W0723 14:53:45.966392 3407045 text_format.cc:393] Warning parsing text-format xla.TritonGemmConfigsProto: 36:55 (N = 256): text format contains deprecated field "split_k"[32m [repeated 27x across cluster][0m
[36m(CpuApproximationActor pid=3407047)[0m [SENTINEL] measure-exception step=12 order_len=12 terminal=True: TypeError: Argument types differ from the types for which this computation was compiled. Perhaps you are calling the compiled executable with a different enable_x64 mode than when it was AOT 
[36m(CpuApproximationActor pid=3407047)[0m [SENTINEL-VERBOSE] ==================================================
[36m(CpuApproximationActor pid=3407047)[0m [SENTINEL-VERBOSE] step=12 order_len=12 terminal=True init=False point_idx=-1
[36m(CpuApproximationActor pid=3407047)[0m [SENTINEL-VERBOSE] EXC TypeError: Argument types differ from the types for which this computation was compiled. Perhaps you are calling the compiled executable with a different enable_x64 mode than when it was AOT compiled? The mismatches are:
[36m(CpuApproximationActor pid=3407047)[0m Argument 'x' compiled with float32[16,64] and called with float32[16,4]
[36m(CpuApproximationActor pid=3407047)[0m Argument 'y' compiled with float32[16,64] and called with float32[16,4]
[36m(CpuApproximationActor pid=3407047)[0m [SENTINEL-VERBOSE] ORDER (12): [11, 9, 3, 7, 2, 4, 1, 12, 6, 8, 5, 10]
[36m(CpuApproximationActor pid=3407047)[0m [SENTINEL-VERBOSE] MICRO-ACTIONS (per vertex, in elimination order):
[36m(CpuApproximationActor pid=3407047)[0m     v0(vertex_id=11): COMPRESS(axis=1,kind=abs_max)
[36m(CpuApproximationActor pid=3407047)[0m     v1(vertex_id=9): COMPRESS(axis=1,kind=abs_max)
[36m(CpuApproximationActor pid=3407047)[0m     v3(vertex_id=7): COMPRESS(axis=1,kind=abs_max)
[36m(CpuApproximationActor pid=3407047)[0m     v4(vertex_id=2): DIAG(bi1=0,bi2=0,factor=2)
[36m(CpuApproximationActor pid=3407047)[0m     v5(vertex_id=4): COMPRESS(axis=1,kind=abs_max)
[36m(CpuApproximationActor pid=3407047)[0m     v6(vertex_id=1): COMPRESS(axis=0,kind=abs_max)
[36m(CpuApproximationActor pid=3407047)[0m     v8(vertex_id=6): COMPRESS(axis=0,kind=abs_max)
[36m(CpuApproximationActor pid=3407047)[0m     v9(vertex_id=8): COMPRESS(axis=0,kind=abs_max)
[36m(CpuApproximationActor pid=3407047)[0m     v10(vertex_id=5): COMPRESS(axis=1,kind=abs_max)
[36m(CpuApproximationActor pid=3407047)[0m     v11(vertex_id=10): COMPRESS(axis=0,kind=abs_max)
[36m(CpuApproximationActor pid=3407047)[0m [SENTINEL-VERBOSE] TRACEBACK:
[36m(CpuApproximationActor pid=3407047)[0m Traceback (most recent call last):
[36m(CpuApproximationActor pid=3407047)[0m   File "/Users/assmuth/dsnn/alphagrad/src/alphagrad/approx/cpu_approx_worker.py", line 257, in evaluate
[36m(CpuApproximationActor pid=3407047)[0m     tokens, eqn_ids, reward = _callback(
[36m(CpuApproximationActor pid=3407047)[0m                               ~~~~~~~~~^
[36m(CpuApproximationActor pid=3407047)[0m         self._config,
[36m(CpuApproximationActor pid=3407047)[0m         ^^^^^^^^^^^^^
[36m(CpuApproximationActor pid=3407047)[0m     ...<7 lines>...
[36m(CpuApproximationActor pid=3407047)[0m         point_idx=int(point_idx),
[36m(CpuApproximationActor pid=3407047)[0m         ^^^^^^^^^^^^^^^^^^^^^^^^^
[36m(CpuApproximationActor pid=3407047)[0m     )
[36m(CpuApproximationActor pid=3407047)[0m     ^
[36m(CpuApproximationActor pid=3407047)[0m   File "/Users/assmuth/dsnn/alphagrad/src/alphagrad/approx/env.py", line 4003, in _callback
[36m(CpuApproximationActor pid=3407047)[0m     out_approx = compiled_approx(*eval_args_i)
[36m(CpuApproximationActor pid=3407047)[0m   File "/Users/assmuth/dsnn/.venv/lib/python3.13/site-packages/jax/_src/stages.py", line 884, in __call__
[36m(CpuApproximationActor pid=3407047)[0m     return self._call(*args, **kwargs)
[36m(CpuApproximationActor pid=3407047)[0m            ~~~~~~~~~~^^^^^^^^^^^^^^^^^
[36m(CpuApproximationActor pid=3407047)[0m   File "/Users/assmuth/dsnn/.venv/lib/python3.13/site-packages/jax/_src/interpreters/pxla.py", line 1926, in aot_cache_miss
[36m(CpuApproximationActor pid=3407047)[0m     outs, out_flat, args_flat = stages.Compiled.call(params, *args, **kwargs)
[36m(CpuApproximationActor pid=3407047)[0m                                 ~~~~~~~~~~~~~~~~~~~~^^^^^^^^^^^^^^^^^^^^^^^^^
[36m(CpuApproximationActor pid=3407047)[0m   File "/Users/assmuth/dsnn/.venv/lib/python3.13/site-packages/jax/_src/stages.py", line 861, in call
[36m(CpuApproximationActor pid=3407047)[0m     lo_outs = params.executable.call(*params.const_args, *args_flat)
[36m(CpuApproximationActor pid=3407047)[0m   File "/Users/assmuth/dsnn/.venv/lib/python3.13/site-packages/jax/_src/interpreters/pxla.py", line 1893, in call
[36m(CpuApproximationActor pid=3407047)[0m     check_arg_avals_for_call(self._all_args_info.in_avals,
[36m(CpuApproximationActor pid=3407047)[0m     ~~~~~~~~~~~~~~~~~~~~~~~~^^^^^^^^^^^^^^^^^^^^^^^^^^^^^^
[36m(CpuApproximationActor pid=3407047)[0m                              map(core.shaped_abstractify, args),
[36m(CpuApproximationActor pid=3407047)[0m                              ^^^^^^^^^^^^^^^^^^^^^^^^^^^^^^^^^^^
[36m(CpuApproximationActor pid=3407047)[0m                              self._all_args_info.debug_info)
[36m(CpuApproximationActor pid=3407047)[0m                              ^^^^^^^^^^^^^^^^^^^^^^^^^^^^^^^
[36m(CpuApproximationActor pid=3407047)[0m   File "/Users/assmuth/dsnn/.venv/lib/python3.13/site-packages/jax/_src/interpreters/pxla.py", line 1998, in check_arg_avals_for_call
[36m(CpuApproximationActor pid=3407047)[0m     raise TypeError(
[36m(CpuApproximationActor pid=3407047)[0m     ...<3 lines>...
[36m(CpuApproximationActor pid=3407047)[0m         f"{num_mismatch_str} mismatches are:\n{str_errors}")
[36m(CpuApproximationActor pid=3407047)[0m TypeError: Argument types differ from the types for which this computation was compiled. Perhaps you are calling the compiled executable with a different enable_x64 mode than when it was AOT compiled? The mismatches are:
[36m(CpuApproximationActor pid=3407047)[0m Argument 'x' compiled with float32[16,64] and called with float32[16,4]
[36m(CpuApproximationActor pid=3407047)[0m Argument 'y' compiled with float32[16,64] and called with float32[16,4]
[36m(CpuApproximationActor pid=3407047)[0m [SENTINEL-VERBOSE] ==================================================
[36m(CpuApproximationActor pid=3407046)[0m     v0(vertex_id=1): COMPRESS(axis=1,kind=abs_max)
[36m(CpuApproximationActor pid=3407046)[0m     v1(vertex_id=2): COMPRESS(axis=0,kind=abs_max)
[36m(CpuApproximationActor pid=3407046)[0m     v3(vertex_id=9): COMPRESS(axis=1,kind=abs_max)
[36m(CpuApproximationActor pid=3407046)[0m     v4(vertex_id=6): COMPRESS(axis=1,kind=abs_max)
[36m(CpuApproximationActor pid=3407046)[0m     v5(vertex_id=5): COMPRESS(axis=1,kind=abs_max)
[36m(CpuApproximationActor pid=3407046)[0m     v7(vertex_id=7): COMPRESS(axis=0,kind=abs_max)
[36m(CpuApproximationActor pid=3407046)[0m     v8(vertex_id=4): COMPRESS(axis=0,kind=abs_max)
[36m(CpuApproximationActor pid=3407046)[0m     v10(vertex_id=12): COMPRESS(axis=1,kind=abs_max)
[36m(CpuApproximationActor pid=3407046)[0m     v11(vertex_id=11): COMPRESS(axis=0,kind=abs_max)
[36m(CpuApproximationActor pid=3407048)[0m     v1(vertex_id=2): DIAG(bi1=0,bi2=0,factor=16)
[36m(CpuApproximationActor pid=3407048)[0m     v2(vertex_id=9): COMPRESS(axis=1,kind=abs_max)
[36m(CpuApproximationActor pid=3407048)[0m     v3(vertex_id=3): COMPRESS(axis=1,kind=abs_max)
[36m(CpuApproximationActor pid=3407048)[0m     v4(vertex_id=7): COMPRESS(axis=1,kind=abs_max)
[36m(CpuApproximationActor pid=3407048)[0m     v5(vertex_id=10): COMPRESS(axis=0,kind=abs_max)
[36m(CpuApproximationActor pid=3407048)[0m     v8(vertex_id=12): COMPRESS(axis=1,kind=abs_max)
[36m(CpuApproximationActor pid=3407048)[0m     v9(vertex_id=1): COMPRESS(axis=0,kind=abs_max)
[36m(CpuApproximationActor pid=3407048)[0m     v10(vertex_id=5): COMPRESS(axis=1,kind=abs_max)
[36m(CpuApproximationActor pid=3407048)[0m     v11(vertex_id=8): COMPRESS(axis=0,kind=abs_max)
[36m(CpuApproximationActor pid=3407047)[0m     v0(vertex_id=12): COMPRESS(axis=1,kind=abs_max)
[36m(CpuApproximationActor pid=3407047)[0m     v2(vertex_id=5): COMPRESS(axis=1,kind=abs_max)
[36m(CpuApproximationActor pid=3407047)[0m     v3(vertex_id=10): COMPRESS(axis=1,kind=abs_max)
[36m(CpuApproximationActor pid=3407047)[0m     v4(vertex_id=7): COMPRESS(axis=1,kind=abs_max)
[36m(CpuApproximationActor pid=3407047)[0m     v6(vertex_id=11): COMPRESS(axis=0,kind=abs_max)
[36m(CpuApproximationActor pid=3407047)[0m     v7(vertex_id=6): COMPRESS(axis=0,kind=abs_max)
[36m(CpuApproximationActor pid=3407047)[0m     v9(vertex_id=2): COMPRESS(axis=1,kind=abs_max)
[36m(CpuApproximationActor pid=3407047)[0m     v10(vertex_id=1): COMPRESS(axis=0,kind=abs_max)
[36m(PPOActor pid=3407045)[0m [per-face] builds=200 applied=0 skipped=0 applied_frac=0.000
[36m(PPOActor pid=3407045)[0m [ppo_ray] 4/48 failed/sentinel transitions this episode (pool timeout / mem-gate / shape-storm); zeroing raw rewards, forcing dones.
[36m(CpuApproximationActor pid=3407047)[0m [SENTINEL] measure-exception step=12 order_len=12 terminal=True: TypeError: Argument types differ from the types for which this computation was compiled. Perhaps you are calling the compiled executable with a different enable_x64 mode than when it was AOT [32m [repeated 3x across cluster][0m
[36m(CpuApproximationActor pid=3407047)[0m [SENTINEL-VERBOSE] ==================================================[32m [repeated 6x across cluster][0m
[36m(CpuApproximationActor pid=3407047)[0m [SENTINEL-VERBOSE] step=12 order_len=12 terminal=True init=False point_idx=-1[32m [repeated 3x across cluster][0m
[36m(CpuApproximationActor pid=3407047)[0m [SENTINEL-VERBOSE] EXC TypeError: Argument types differ from the types for which this computation was compiled. Perhaps you are calling the compiled executable with a different enable_x64 mode than when it was AOT compiled? The mismatches are:[32m [repeated 3x across cluster][0m
[36m(CpuApproximationActor pid=3407047)[0m Argument 'x' compiled with float32[16,64] and called with float32[16,4][32m [repeated 6x across cluster][0m
[36m(CpuApproximationActor pid=3407047)[0m Argument 'y' compiled with float32[16,64] and called with float32[16,4][32m [repeated 6x across cluster][0m
[36m(CpuApproximationActor pid=3407047)[0m [SENTINEL-VERBOSE] ORDER (12): [12, 3, 5, 10, 7, 8, 11, 6, 4, 2, 1, 9][32m [repeated 3x across cluster][0m
[36m(CpuApproximationActor pid=3407047)[0m [SENTINEL-VERBOSE] MICRO-ACTIONS (per vertex, in elimination order):[32m [repeated 3x across cluster][0m
[36m(CpuApproximationActor pid=3407047)[0m [SENTINEL-VERBOSE] TRACEBACK:[32m [repeated 3x across cluster][0m
[36m(CpuApproximationActor pid=3407047)[0m Traceback (most recent call last):[32m [repeated 3x across cluster][0m
[36m(CpuApproximationActor pid=3407047)[0m   File "/Users/assmuth/dsnn/alphagrad/src/alphagrad/approx/cpu_approx_worker.py", line 257, in evaluate[32m [repeated 3x across cluster][0m
[36m(CpuApproximationActor pid=3407047)[0m     tokens, eqn_ids, reward = _callback([32m [repeated 3x across cluster][0m
[36m(CpuApproximationActor pid=3407047)[0m                               ~~~~~~~~~^[32m [repeated 3x across cluster][0m
[36m(CpuApproximationActor pid=3407047)[0m         self._config,[32m [repeated 3x across cluster][0m
[36m(CpuApproximationActor pid=3407047)[0m         ^^^^^^^^^^^^^[32m [repeated 3x across cluster][0m
[36m(CpuApproximationActor pid=3407047)[0m     ...<3 lines>...[32m [repeated 6x across cluster][0m
[36m(CpuApproximationActor pid=3407047)[0m         point_idx=int(point_idx),[32m [repeated 3x across cluster][0m
[36m(CpuApproximationActor pid=3407047)[0m         ^^^^^^^^^^^^^^^^^^^^^^^^^[32m [repeated 3x across cluster][0m
[36m(CpuApproximationActor pid=3407047)[0m     )[32m [repeated 3x across cluster][0m
[36m(CpuApproximationActor pid=3407047)[0m     ^[32m [repeated 3x across cluster][0m
[36m(CpuApproximationActor pid=3407047)[0m   File "/Users/assmuth/dsnn/alphagrad/src/alphagrad/approx/env.py", line 4003, in _callback[32m [repeated 3x across cluster][0m
[36m(CpuApproximationActor pid=3407047)[0m     out_approx = compiled_approx(*eval_args_i)[32m [repeated 3x across cluster][0m
[36m(CpuApproximationActor pid=3407047)[0m   File "/Users/assmuth/dsnn/.venv/lib/python3.13/site-packages/jax/_src/stages.py", line 884, in __call__[32m [repeated 3x across cluster][0m
[36m(CpuApproximationActor pid=3407047)[0m     return self._call(*args, **kwargs)[32m [repeated 3x across cluster][0m
[36m(CpuApproximationActor pid=3407047)[0m            ~~~~~~~~~~^^^^^^^^^^^^^^^^^[32m [repeated 3x across cluster][0m
[36m(CpuApproximationActor pid=3407047)[0m   File "/Users/assmuth/dsnn/.venv/lib/python3.13/site-packages/jax/_src/interpreters/pxla.py", line 1926, in aot_cache_miss[32m [repeated 3x across cluster][0m
[36m(CpuApproximationActor pid=3407047)[0m     outs, out_flat, args_flat = stages.Compiled.call(params, *args, **kwargs)[32m [repeated 3x across cluster][0m
[36m(CpuApproximationActor pid=3407047)[0m                                 ~~~~~~~~~~~~~~~~~~~~^^^^^^^^^^^^^^^^^^^^^^^^^[32m [repeated 3x across cluster][0m
[36m(CpuApproximationActor pid=3407047)[0m   File "/Users/assmuth/dsnn/.venv/lib/python3.13/site-packages/jax/_src/interpreters/pxla.py", line 1893, in call[32m [repeated 6x across cluster][0m
[36m(CpuApproximationActor pid=3407047)[0m     lo_outs = params.executable.call(*params.const_args, *args_flat)[32m [repeated 3x across cluster][0m
[36m(CpuApproximationActor pid=3407047)[0m     check_arg_avals_for_call(self._all_args_info.in_avals,[32m [repeated 3x across cluster][0m
[36m(CpuApproximationActor pid=3407047)[0m     ~~~~~~~~~~~~~~~~~~~~~~~~^^^^^^^^^^^^^^^^^^^^^^^^^^^^^^[32m [repeated 3x across cluster][0m
[36m(CpuApproximationActor pid=3407047)[0m                              map(core.shaped_abstractify, args),[32m [repeated 3x across cluster][0m
[36m(CpuApproximationActor pid=3407047)[0m                              ^^^^^^^^^^^^^^^^^^^^^^^^^^^^^^^^^^^[32m [repeated 3x across cluster][0m
[36m(CpuApproximationActor pid=3407047)[0m                              self._all_args_info.debug_info)[32m [repeated 3x across cluster][0m
[36m(CpuApproximationActor pid=3407047)[0m                              ^^^^^^^^^^^^^^^^^^^^^^^^^^^^^^^[32m [repeated 3x across cluster][0m
[36m(CpuApproximationActor pid=3407047)[0m   File "/Users/assmuth/dsnn/.venv/lib/python3.13/site-packages/jax/_src/interpreters/pxla.py", line 1998, in check_arg_avals_for_call[32m [repeated 3x across cluster][0m
[36m(CpuApproximationActor pid=3407047)[0m     raise TypeError([32m [repeated 3x across cluster][0m
[36m(CpuApproximationActor pid=3407047)[0m         f"{num_mismatch_str} mismatches are:\n{str_errors}")[32m [repeated 3x across cluster][0m
[36m(CpuApproximationActor pid=3407047)[0m TypeError: Argument types differ from the types for which this computation was compiled. Perhaps you are calling the compiled executable with a different enable_x64 mode than when it was AOT compiled? The mismatches are:[32m [repeated 3x across cluster][0m
[36m(PPOActor pid=3407045)[0m [ppo_ray][popart] ep=0 ev=-1372799.021 adv(mean/std/absmax)=+0.026/0.059/0.168 latency_ns: mu=+0 sig=1 peak_memory: mu=+0 sig=1 frob_residual: mu=+0 sig=1
[36m(PPOActor pid=3407045)[0m [ppo_ray][kl-stop] ep=0 approx_kl_percomp(mean)=0.3062 > target 0.15 after mb 2/4 (joint_kl mean=0.799) -- stopping remaining updates.
[36m(PPOActor pid=3407045)[0m [ppo_ray] anti-degen: excluded 4 degenerate/failed terminal env(s) from best_overall.
ppo_ray:   0%|▏                                                                                                                                 | 1/1000 [01:15<20:50:58, 75.13s/it]ppo_ray best:+0(ep0) mean:+0 loss(p/v):-0.011/0.0032 ent:1.721 nan_skip:0:   0%|                                                                | 1/1000 [01:15<20:50:58, 75.13s/it][36m(CpuApproximationActor pid=3407047)[0m [per-face] builds=200 applied=0 skipped=0 applied_frac=0.000
[36m(CpuApproximationActor pid=3407047)[0m [SENTINEL] measure-exception step=12 order_len=12 terminal=True: TypeError: Argument types differ from the types for which this computation was compiled. Perhaps you are calling the compiled executable with a different enable_x64 mode than when it was AOT 
[36m(CpuApproximationActor pid=3407047)[0m [SENTINEL-VERBOSE] ==================================================
[36m(CpuApproximationActor pid=3407047)[0m [SENTINEL-VERBOSE] step=12 order_len=12 terminal=True init=False point_idx=-1
[36m(CpuApproximationActor pid=3407047)[0m [SENTINEL-VERBOSE] EXC TypeError: Argument types differ from the types for which this computation was compiled. Perhaps you are calling the compiled executable with a different enable_x64 mode than when it was AOT compiled? The mismatches are:
[36m(CpuApproximationActor pid=3407047)[0m Argument 'x' compiled with float32[16,64] and called with float32[16,4]
[36m(CpuApproximationActor pid=3407047)[0m Argument 'y' compiled with float32[16,64] and called with float32[16,4]
[36m(CpuApproximationActor pid=3407047)[0m [SENTINEL-VERBOSE] ORDER (12): [7, 12, 11, 2, 5, 9, 1, 8, 3, 10, 6, 4]
[36m(CpuApproximationActor pid=3407047)[0m [SENTINEL-VERBOSE] MICRO-ACTIONS (per vertex, in elimination order):
[36m(CpuApproximationActor pid=3407047)[0m     v0(vertex_id=7): COMPRESS(axis=1,kind=abs_max)
[36m(CpuApproximationActor pid=3407047)[0m     v2(vertex_id=11): COMPRESS(axis=1,kind=abs_max)
[36m(CpuApproximationActor pid=3407047)[0m     v3(vertex_id=2): COMPRESS(axis=1,kind=abs_max)
[36m(CpuApproximationActor pid=3407047)[0m     v4(vertex_id=5): DIAG(bi1=1,bi2=1,factor=16)
[36m(CpuApproximationActor pid=3407047)[0m     v5(vertex_id=9): COMPRESS(axis=1,kind=abs_max)
[36m(CpuApproximationActor pid=3407047)[0m     v6(vertex_id=1): COMPRESS(axis=0,kind=abs_max)
[36m(CpuApproximationActor pid=3407047)[0m [SENTINEL-VERBOSE] TRACEBACK:
[36m(CpuApproximationActor pid=3407047)[0m Traceback (most recent call last):
[36m(CpuApproximationActor pid=3407047)[0m   File "/Users/assmuth/dsnn/alphagrad/src/alphagrad/approx/cpu_approx_worker.py", line 257, in evaluate
[36m(CpuApproximationActor pid=3407047)[0m     tokens, eqn_ids, reward = _callback(
[36m(CpuApproximationActor pid=3407047)[0m                               ~~~~~~~~~^
[36m(CpuApproximationActor pid=3407047)[0m         self._config,
[36m(CpuApproximationActor pid=3407047)[0m         ^^^^^^^^^^^^^
[36m(CpuApproximationActor pid=3407047)[0m     ...<7 lines>...
[36m(CpuApproximationActor pid=3407047)[0m         point_idx=int(point_idx),
[36m(CpuApproximationActor pid=3407047)[0m         ^^^^^^^^^^^^^^^^^^^^^^^^^
[36m(CpuApproximationActor pid=3407047)[0m     )
[36m(CpuApproximationActor pid=3407047)[0m     ^
[36m(CpuApproximationActor pid=3407047)[0m   File "/Users/assmuth/dsnn/alphagrad/src/alphagrad/approx/env.py", line 4003, in _callback
[36m(CpuApproximationActor pid=3407047)[0m     out_approx = compiled_approx(*eval_args_i)
[36m(CpuApproximationActor pid=3407047)[0m   File "/Users/assmuth/dsnn/.venv/lib/python3.13/site-packages/jax/_src/stages.py", line 884, in __call__
[36m(CpuApproximationActor pid=3407047)[0m     return self._call(*args, **kwargs)
[36m(CpuApproximationActor pid=3407047)[0m            ~~~~~~~~~~^^^^^^^^^^^^^^^^^
[36m(CpuApproximationActor pid=3407047)[0m   File "/Users/assmuth/dsnn/.venv/lib/python3.13/site-packages/jax/_src/interpreters/pxla.py", line 1926, in aot_cache_miss
[36m(CpuApproximationActor pid=3407047)[0m     outs, out_flat, args_flat = stages.Compiled.call(params, *args, **kwargs)
[36m(CpuApproximationActor pid=3407047)[0m                                 ~~~~~~~~~~~~~~~~~~~~^^^^^^^^^^^^^^^^^^^^^^^^^
[36m(CpuApproximationActor pid=3407047)[0m   File "/Users/assmuth/dsnn/.venv/lib/python3.13/site-packages/jax/_src/stages.py", line 861, in call
[36m(CpuApproximationActor pid=3407047)[0m     lo_outs = params.executable.call(*params.const_args, *args_flat)
[36m(CpuApproximationActor pid=3407047)[0m   File "/Users/assmuth/dsnn/.venv/lib/python3.13/site-packages/jax/_src/interpreters/pxla.py", line 1893, in call
[36m(CpuApproximationActor pid=3407047)[0m     check_arg_avals_for_call(self._all_args_info.in_avals,
[36m(CpuApproximationActor pid=3407047)[0m     ~~~~~~~~~~~~~~~~~~~~~~~~^^^^^^^^^^^^^^^^^^^^^^^^^^^^^^
[36m(CpuApproximationActor pid=3407047)[0m                              map(core.shaped_abstractify, args),
[36m(CpuApproximationActor pid=3407047)[0m                              ^^^^^^^^^^^^^^^^^^^^^^^^^^^^^^^^^^^
[36m(CpuApproximationActor pid=3407047)[0m                              self._all_args_info.debug_info)
[36m(CpuApproximationActor pid=3407047)[0m                              ^^^^^^^^^^^^^^^^^^^^^^^^^^^^^^^
[36m(CpuApproximationActor pid=3407047)[0m   File "/Users/assmuth/dsnn/.venv/lib/python3.13/site-packages/jax/_src/interpreters/pxla.py", line 1998, in check_arg_avals_for_call
[36m(CpuApproximationActor pid=3407047)[0m     raise TypeError(
[36m(CpuApproximationActor pid=3407047)[0m     ...<3 lines>...
[36m(CpuApproximationActor pid=3407047)[0m         f"{num_mismatch_str} mismatches are:\n{str_errors}")
[36m(CpuApproximationActor pid=3407047)[0m TypeError: Argument types differ from the types for which this computation was compiled. Perhaps you are calling the compiled executable with a different enable_x64 mode than when it was AOT compiled? The mismatches are:
[36m(CpuApproximationActor pid=3407047)[0m Argument 'x' compiled with float32[16,64] and called with float32[16,4]
[36m(CpuApproximationActor pid=3407047)[0m Argument 'y' compiled with float32[16,64] and called with float32[16,4]
[36m(CpuApproximationActor pid=3407047)[0m [SENTINEL-VERBOSE] ==================================================
[36m(CpuApproximationActor pid=3407046)[0m     v0(vertex_id=9): COMPRESS(axis=1,kind=max)
[36m(CpuApproximationActor pid=3407046)[0m     v7(vertex_id=1): DIAG(bi1=1,bi2=0,factor=16)
[36m(CpuApproximationActor pid=3407046)[0m     v11(vertex_id=10): COMPRESS(axis=1,kind=abs_max)
[36m(CpuApproximationActor pid=3407048)[0m     v1(vertex_id=10): COMPRESS(axis=1,kind=abs_max)
[36m(CpuApproximationActor pid=3407048)[0m     v4(vertex_id=12): COMPRESS(axis=1,kind=max)
[36m(CpuApproximationActor pid=3407048)[0m     v7(vertex_id=7): COMPRESS(axis=1,kind=abs_max)
[36m(CpuApproximationActor pid=3407048)[0m     v8(vertex_id=6): COMPRESS(axis=0,kind=abs_max)
[36m(CpuApproximationActor pid=3407047)[0m     v0(vertex_id=4): COMPRESS(axis=1,kind=abs_max)
[36m(CpuApproximationActor pid=3407047)[0m     v1(vertex_id=1): COMPRESS(axis=1,kind=max)
[36m(CpuApproximationActor pid=3407047)[0m     v5(vertex_id=6): COMPRESS(axis=0,kind=abs_max)
[36m(CpuApproximationActor pid=3407047)[0m     v6(vertex_id=7): COMPRESS(axis=1,kind=abs_max)
[36m(CpuApproximationActor pid=3407047)[0m     v7(vertex_id=3): COMPRESS(axis=1,kind=abs_max)
[36m(CpuApproximationActor pid=3407047)[0m     v8(vertex_id=10): COMPRESS(axis=0,kind=abs_min)
[36m(CpuApproximationActor pid=3407047)[0m     v9(vertex_id=11): COMPRESS(axis=1,kind=abs_max)
[36m(PPOActor pid=3407045)[0m [ppo_ray] 4/48 failed/sentinel transitions this episode (pool timeout / mem-gate / shape-storm); zeroing raw rewards, forcing dones.
[36m(PPOActor pid=3407045)[0m [ppo_ray][popart] ep=1 ev=-393026.969 adv(mean/std/absmax)=+0.017/0.064/0.130 latency_ns: mu=+0 sig=1 peak_memory: mu=+0 sig=1 frob_residual: mu=+0 sig=1
[36m(PPOActor pid=3407045)[0m [ppo_ray][kl-stop] ep=1 approx_kl_percomp(mean)=0.2321 > target 0.15 after mb 4/4 (joint_kl mean=0.899) -- stopping remaining updates.
[36m(PPOActor pid=3407045)[0m [ppo_ray] anti-degen: excluded 4 degenerate/failed terminal env(s) from best_overall.
[36m(CpuApproximationActor pid=3407047)[0m [SENTINEL] measure-exception step=12 order_len=12 terminal=True: TypeError: Argument types differ from the types for which this computation was compiled. Perhaps you are calling the compiled executable with a different enable_x64 mode than when it was AOT [32m [repeated 3x across cluster][0m
[36m(CpuApproximationActor pid=3407047)[0m [SENTINEL-VERBOSE] ==================================================[32m [repeated 6x across cluster][0m
[36m(CpuApproximationActor pid=3407047)[0m [SENTINEL-VERBOSE] step=12 order_len=12 terminal=True init=False point_idx=-1[32m [repeated 3x across cluster][0m
[36m(CpuApproximationActor pid=3407047)[0m [SENTINEL-VERBOSE] EXC TypeError: Argument types differ from the types for which this computation was compiled. Perhaps you are calling the compiled executable with a different enable_x64 mode than when it was AOT compiled? The mismatches are:[32m [repeated 3x across cluster][0m
[36m(CpuApproximationActor pid=3407047)[0m Argument 'x' compiled with float32[16,64] and called with float32[16,4][32m [repeated 6x across cluster][0m
[36m(CpuApproximationActor pid=3407047)[0m Argument 'y' compiled with float32[16,64] and called with float32[16,4][32m [repeated 6x across cluster][0m
[36m(CpuApproximationActor pid=3407047)[0m [SENTINEL-VERBOSE] ORDER (12): [4, 1, 2, 9, 5, 6, 7, 3, 10, 11, 12, 8][32m [repeated 3x across cluster][0m
[36m(CpuApproximationActor pid=3407047)[0m [SENTINEL-VERBOSE] MICRO-ACTIONS (per vertex, in elimination order):[32m [repeated 3x across cluster][0m
[36m(CpuApproximationActor pid=3407047)[0m [SENTINEL-VERBOSE] TRACEBACK:[32m [repeated 3x across cluster][0m
[36m(CpuApproximationActor pid=3407047)[0m Traceback (most recent call last):[32m [repeated 3x across cluster][0m
[36m(CpuApproximationActor pid=3407047)[0m   File "/Users/assmuth/dsnn/alphagrad/src/alphagrad/approx/cpu_approx_worker.py", line 257, in evaluate[32m [repeated 3x across cluster][0m
[36m(CpuApproximationActor pid=3407047)[0m     tokens, eqn_ids, reward = _callback([32m [repeated 3x across cluster][0m
[36m(CpuApproximationActor pid=3407047)[0m                               ~~~~~~~~~^[32m [repeated 3x across cluster][0m
[36m(CpuApproximationActor pid=3407047)[0m         self._config,[32m [repeated 3x across cluster][0m
[36m(CpuApproximationActor pid=3407047)[0m         ^^^^^^^^^^^^^[32m [repeated 3x across cluster][0m
[36m(CpuApproximationActor pid=3407047)[0m     ...<3 lines>...[32m [repeated 6x across cluster][0m
[36m(CpuApproximationActor pid=3407047)[0m         point_idx=int(point_idx),[32m [repeated 3x across cluster][0m
[36m(CpuApproximationActor pid=3407047)[0m         ^^^^^^^^^^^^^^^^^^^^^^^^^[32m [repeated 3x across cluster][0m
[36m(CpuApproximationActor pid=3407047)[0m     )[32m [repeated 3x across cluster][0m
[36m(CpuApproximationActor pid=3407047)[0m     ^[32m [repeated 3x across cluster][0m
[36m(CpuApproximationActor pid=3407047)[0m   File "/Users/assmuth/dsnn/alphagrad/src/alphagrad/approx/env.py", line 4003, in _callback[32m [repeated 3x across cluster][0m
[36m(CpuApproximationActor pid=3407047)[0m     out_approx = compiled_approx(*eval_args_i)[32m [repeated 3x across cluster][0m
[36m(CpuApproximationActor pid=3407047)[0m   File "/Users/assmuth/dsnn/.venv/lib/python3.13/site-packages/jax/_src/stages.py", line 884, in __call__[32m [repeated 3x across cluster][0m
[36m(CpuApproximationActor pid=3407047)[0m     return self._call(*args, **kwargs)[32m [repeated 3x across cluster][0m
[36m(CpuApproximationActor pid=3407047)[0m            ~~~~~~~~~~^^^^^^^^^^^^^^^^^[32m [repeated 3x across cluster][0m
[36m(CpuApproximationActor pid=3407047)[0m   File "/Users/assmuth/dsnn/.venv/lib/python3.13/site-packages/jax/_src/interpreters/pxla.py", line 1926, in aot_cache_miss[32m [repeated 3x across cluster][0m
[36m(CpuApproximationActor pid=3407047)[0m     outs, out_flat, args_flat = stages.Compiled.call(params, *args, **kwargs)[32m [repeated 3x across cluster][0m
[36m(CpuApproximationActor pid=3407047)[0m                                 ~~~~~~~~~~~~~~~~~~~~^^^^^^^^^^^^^^^^^^^^^^^^^[32m [repeated 3x across cluster][0m
[36m(CpuApproximationActor pid=3407047)[0m   File "/Users/assmuth/dsnn/.venv/lib/python3.13/site-packages/jax/_src/interpreters/pxla.py", line 1893, in call[32m [repeated 6x across cluster][0m
[36m(CpuApproximationActor pid=3407047)[0m     lo_outs = params.executable.call(*params.const_args, *args_flat)[32m [repeated 3x across cluster][0m
[36m(CpuApproximationActor pid=3407047)[0m     check_arg_avals_for_call(self._all_args_info.in_avals,[32m [repeated 3x across cluster][0m
[36m(CpuApproximationActor pid=3407047)[0m     ~~~~~~~~~~~~~~~~~~~~~~~~^^^^^^^^^^^^^^^^^^^^^^^^^^^^^^[32m [repeated 3x across cluster][0m
[36m(CpuApproximationActor pid=3407047)[0m                              map(core.shaped_abstractify, args),[32m [repeated 3x across cluster][0m
[36m(CpuApproximationActor pid=3407047)[0m                              ^^^^^^^^^^^^^^^^^^^^^^^^^^^^^^^^^^^[32m [repeated 3x across cluster][0m
[36m(CpuApproximationActor pid=3407047)[0m                              self._all_args_info.debug_info)[32m [repeated 3x across cluster][0m
[36m(CpuApproximationActor pid=3407047)[0m                              ^^^^^^^^^^^^^^^^^^^^^^^^^^^^^^^[32m [repeated 3x across cluster][0m
[36m(CpuApproximationActor pid=3407047)[0m   File "/Users/assmuth/dsnn/.venv/lib/python3.13/site-packages/jax/_src/interpreters/pxla.py", line 1998, in check_arg_avals_for_call[32m [repeated 3x across cluster][0m
[36m(CpuApproximationActor pid=3407047)[0m     raise TypeError([32m [repeated 3x across cluster][0m
[36m(CpuApproximationActor pid=3407047)[0m         f"{num_mismatch_str} mismatches are:\n{str_errors}")[32m [repeated 3x across cluster][0m
[36m(CpuApproximationActor pid=3407047)[0m TypeError: Argument types differ from the types for which this computation was compiled. Perhaps you are calling the compiled executable with a different enable_x64 mode than when it was AOT compiled? The mismatches are:[32m [repeated 3x across cluster][0m
ppo_ray best:+0(ep0) mean:+0 loss(p/v):-0.011/0.0032 ent:1.721 nan_skip:0:   0%|▏                                                               | 2/1000 [01:26<10:24:14, 37.53s/it]ppo_ray best:+0(ep0) mean:+0 loss(p/v):-0.0065/0.0061 ent:2.219 nan_skip:0:   0%|▏                                                              | 2/1000 [01:26<10:24:14, 37.53s/it][36m(CpuApproximationActor pid=3407047)[0m /Users/assmuth/dsnn/graphax/src/graphax/jaxpr.py:779: UserWarning: jaxpr tokenizer: uncaptured value rendered as '?': 'jit'[32m [repeated 2x across cluster][0m
[36m(CpuApproximationActor pid=3407047)[0m   warnings.warn([32m [repeated 26x across cluster][0m
[36m(CpuApproximationActor pid=3407047)[0m /Users/assmuth/dsnn/graphax/src/graphax/jaxpr.py:779: UserWarning: jaxpr tokenizer: uncaptured value rendered as '?': 'compiler_options_kvs'[32m [repeated 2x across cluster][0m
[36m(CpuApproximationActor pid=3407047)[0m /Users/assmuth/dsnn/graphax/src/graphax/jaxpr.py:779: UserWarning: jaxpr tokenizer: uncaptured value rendered as '?': 'donated_invars'[32m [repeated 2x across cluster][0m
[36m(CpuApproximationActor pid=3407047)[0m /Users/assmuth/dsnn/graphax/src/graphax/jaxpr.py:779: UserWarning: jaxpr tokenizer: uncaptured value rendered as '?': 'in_layouts'[32m [repeated 2x across cluster][0m
[36m(CpuApproximationActor pid=3407047)[0m /Users/assmuth/dsnn/graphax/src/graphax/jaxpr.py:779: UserWarning: jaxpr tokenizer: uncaptured value rendered as '?': 'None'[32m [repeated 2x across cluster][0m
[36m(CpuApproximationActor pid=3407047)[0m /Users/assmuth/dsnn/graphax/src/graphax/jaxpr.py:779: UserWarning: jaxpr tokenizer: uncaptured value rendered as '?': 'in_shardings'[32m [repeated 2x across cluster][0m
[36m(CpuApproximationActor pid=3407047)[0m /Users/assmuth/dsnn/graphax/src/graphax/jaxpr.py:779: UserWarning: jaxpr tokenizer: uncaptured value rendered as '?': 'UnspecifiedValue'[32m [repeated 2x across cluster][0m
[36m(CpuApproximationActor pid=3407047)[0m /Users/assmuth/dsnn/graphax/src/graphax/jaxpr.py:779: UserWarning: jaxpr tokenizer: uncaptured value rendered as '?': 'inline'[32m [repeated 2x across cluster][0m
[36m(CpuApproximationActor pid=3407047)[0m /Users/assmuth/dsnn/graphax/src/graphax/jaxpr.py:779: UserWarning: jaxpr tokenizer: uncaptured value rendered as '?': 'keep_unused'[32m [repeated 2x across cluster][0m
[36m(CpuApproximationActor pid=3407047)[0m /Users/assmuth/dsnn/graphax/src/graphax/jaxpr.py:779: UserWarning: jaxpr tokenizer: uncaptured value rendered as '?': 'name'[32m [repeated 2x across cluster][0m
[36m(CpuApproximationActor pid=3407047)[0m /Users/assmuth/dsnn/graphax/src/graphax/jaxpr.py:779: UserWarning: jaxpr tokenizer: uncaptured value rendered as '?': '_where'[32m [repeated 2x across cluster][0m
[36m(CpuApproximationActor pid=3407047)[0m /Users/assmuth/dsnn/graphax/src/graphax/jaxpr.py:779: UserWarning: jaxpr tokenizer: uncaptured value rendered as '?': 'out_layouts'[32m [repeated 2x across cluster][0m
[36m(CpuApproximationActor pid=3407047)[0m /Users/assmuth/dsnn/graphax/src/graphax/jaxpr.py:779: UserWarning: jaxpr tokenizer: uncaptured value rendered as '?': 'out_shardings'[32m [repeated 2x across cluster][0m
[36m(CpuApproximationActor pid=3411396)[0m W0723 14:55:33.553503 3411396 text_format.cc:393] Warning parsing text-format xla.TritonGemmConfigsProto: 36:55 (N = 256): text format contains deprecated field "split_k"[32m [repeated 9x across cluster][0m
[36m(CpuApproximationActor pid=3411396)[0m [cpu_approx_worker pid=3411396] env: ALPHAGRAD_EXACT_ONLY=1 ALPHAGRAD_EXAMPLE_WIDTH=64 ALPHAGRAD_FACE_TRANSFORMS=0 ALPHAGRAD_MEASURE_VIA_AOJ=0 ALPHAGRAD_PER_FACE_MVP=0 ALPHAGRAD_POLICY=palimpsa JAX_COMPILATION_CACHE_DIR=/tmp/dsnn-jax-cache-55181-pgi15-gpu9
[36m(CpuApproximationActor pid=3411396)[0m [measure-actor 4] host=pgi15-gpu9.iff.kfa-juelich.de CUDA_VISIBLE_DEVICES=1 jax_devices=[CudaDevice(id=0)]
[36m(PPOActor pid=3407045)[0m [per-face] builds=400 applied=0 skipped=0 applied_frac=0.000
[36m(CpuApproximationActor pid=3411396)[0m /Users/assmuth/dsnn/graphax/src/graphax/jaxpr.py:779: UserWarning: jaxpr tokenizer: uncaptured value rendered as '?': 'jit'
[36m(CpuApproximationActor pid=3411396)[0m   warnings.warn([32m [repeated 13x across cluster][0m
[36m(CpuApproximationActor pid=3411396)[0m /Users/assmuth/dsnn/graphax/src/graphax/jaxpr.py:779: UserWarning: jaxpr tokenizer: uncaptured value rendered as '?': 'compiler_options_kvs'
[36m(CpuApproximationActor pid=3411396)[0m /Users/assmuth/dsnn/graphax/src/graphax/jaxpr.py:779: UserWarning: jaxpr tokenizer: uncaptured value rendered as '?': 'donated_invars'
[36m(CpuApproximationActor pid=3411396)[0m /Users/assmuth/dsnn/graphax/src/graphax/jaxpr.py:779: UserWarning: jaxpr tokenizer: uncaptured value rendered as '?': 'in_layouts'
[36m(CpuApproximationActor pid=3411396)[0m /Users/assmuth/dsnn/graphax/src/graphax/jaxpr.py:779: UserWarning: jaxpr tokenizer: uncaptured value rendered as '?': 'None'
[36m(CpuApproximationActor pid=3411396)[0m /Users/assmuth/dsnn/graphax/src/graphax/jaxpr.py:779: UserWarning: jaxpr tokenizer: uncaptured value rendered as '?': 'in_shardings'
[36m(CpuApproximationActor pid=3411396)[0m /Users/assmuth/dsnn/graphax/src/graphax/jaxpr.py:779: UserWarning: jaxpr tokenizer: uncaptured value rendered as '?': 'UnspecifiedValue'
[36m(CpuApproximationActor pid=3411396)[0m /Users/assmuth/dsnn/graphax/src/graphax/jaxpr.py:779: UserWarning: jaxpr tokenizer: uncaptured value rendered as '?': 'inline'
[36m(CpuApproximationActor pid=3411396)[0m /Users/assmuth/dsnn/graphax/src/graphax/jaxpr.py:779: UserWarning: jaxpr tokenizer: uncaptured value rendered as '?': 'keep_unused'
[36m(CpuApproximationActor pid=3411396)[0m /Users/assmuth/dsnn/graphax/src/graphax/jaxpr.py:779: UserWarning: jaxpr tokenizer: uncaptured value rendered as '?': 'name'
[36m(CpuApproximationActor pid=3411396)[0m /Users/assmuth/dsnn/graphax/src/graphax/jaxpr.py:779: UserWarning: jaxpr tokenizer: uncaptured value rendered as '?': '_where'
[36m(CpuApproximationActor pid=3411396)[0m /Users/assmuth/dsnn/graphax/src/graphax/jaxpr.py:779: UserWarning: jaxpr tokenizer: uncaptured value rendered as '?': 'out_layouts'
[36m(CpuApproximationActor pid=3411396)[0m /Users/assmuth/dsnn/graphax/src/graphax/jaxpr.py:779: UserWarning: jaxpr tokenizer: uncaptured value rendered as '?': 'out_shardings'
[36m(CpuApproximationActor pid=3407046)[0m [SENTINEL] measure-exception step=12 order_len=12 terminal=True: TypeError: Argument types differ from the types for which this computation was compiled. Perhaps you are calling the compiled executable with a different enable_x64 mode than when it was AOT 
[36m(CpuApproximationActor pid=3407046)[0m [SENTINEL-VERBOSE] ==================================================
[36m(CpuApproximationActor pid=3407046)[0m [SENTINEL-VERBOSE] step=12 order_len=12 terminal=True init=False point_idx=-1
[36m(CpuApproximationActor pid=3407046)[0m [SENTINEL-VERBOSE] EXC TypeError: Argument types differ from the types for which this computation was compiled. Perhaps you are calling the compiled executable with a different enable_x64 mode than when it was AOT compiled? The mismatches are:
[36m(CpuApproximationActor pid=3407046)[0m Argument 'x' compiled with float32[16,64] and called with float32[16,4]
[36m(CpuApproximationActor pid=3407046)[0m Argument 'y' compiled with float32[16,64] and called with float32[16,4]
[36m(CpuApproximationActor pid=3407046)[0m [SENTINEL-VERBOSE] ORDER (12): [10, 7, 5, 12, 2, 4, 9, 1, 8, 3, 11, 6]
[36m(CpuApproximationActor pid=3407046)[0m [SENTINEL-VERBOSE] MICRO-ACTIONS (per vertex, in elimination order):
[36m(CpuApproximationActor pid=3407046)[0m     v0(vertex_id=10): QUANT(dtype=float8_e8m0fnu)
[36m(CpuApproximationActor pid=3407046)[0m     v1(vertex_id=7): COMPRESS(axis=1,kind=max)
[36m(CpuApproximationActor pid=3407046)[0m     v3(vertex_id=12): QUANT(dtype=float8_e8m0fnu)
[36m(CpuApproximationActor pid=3407046)[0m     v5(vertex_id=4): QUANT(dtype=float8_e8m0fnu)
[36m(CpuApproximationActor pid=3407046)[0m     v6(vertex_id=9): QUANT(dtype=float8_e8m0fnu)
[36m(CpuApproximationActor pid=3407046)[0m     v7(vertex_id=1): DIAG(bi1=1,bi2=1,factor=16)
[36m(CpuApproximationActor pid=3407046)[0m     v8(vertex_id=8): QUANT(dtype=float8_e8m0fnu)
[36m(CpuApproximationActor pid=3407046)[0m     v9(vertex_id=3): QUANT(dtype=float8_e8m0fnu)
[36m(CpuApproximationActor pid=3407046)[0m     v10(vertex_id=11): QUANT(dtype=float8_e8m0fnu)
[36m(CpuApproximationActor pid=3407046)[0m     v11(vertex_id=6): COMPRESS(axis=0,kind=max)
[36m(CpuApproximationActor pid=3407046)[0m [SENTINEL-VERBOSE] TRACEBACK:
[36m(CpuApproximationActor pid=3407046)[0m Traceback (most recent call last):
[36m(CpuApproximationActor pid=3407046)[0m   File "/Users/assmuth/dsnn/alphagrad/src/alphagrad/approx/cpu_approx_worker.py", line 257, in evaluate
[36m(CpuApproximationActor pid=3407046)[0m     tokens, eqn_ids, reward = _callback(
[36m(CpuApproximationActor pid=3407046)[0m                               ~~~~~~~~~^
[36m(CpuApproximationActor pid=3407046)[0m         self._config,
[36m(CpuApproximationActor pid=3407046)[0m         ^^^^^^^^^^^^^
[36m(CpuApproximationActor pid=3407046)[0m     ...<7 lines>...
[36m(CpuApproximationActor pid=3407046)[0m         point_idx=int(point_idx),
[36m(CpuApproximationActor pid=3407046)[0m         ^^^^^^^^^^^^^^^^^^^^^^^^^
[36m(CpuApproximationActor pid=3407046)[0m     )
[36m(CpuApproximationActor pid=3407046)[0m     ^
[36m(CpuApproximationActor pid=3407046)[0m   File "/Users/assmuth/dsnn/alphagrad/src/alphagrad/approx/env.py", line 4003, in _callback
[36m(CpuApproximationActor pid=3407046)[0m     out_approx = compiled_approx(*eval_args_i)
[36m(CpuApproximationActor pid=3407046)[0m   File "/Users/assmuth/dsnn/.venv/lib/python3.13/site-packages/jax/_src/stages.py", line 884, in __call__
[36m(CpuApproximationActor pid=3407046)[0m     return self._call(*args, **kwargs)
[36m(CpuApproximationActor pid=3407046)[0m            ~~~~~~~~~~^^^^^^^^^^^^^^^^^
[36m(CpuApproximationActor pid=3407046)[0m   File "/Users/assmuth/dsnn/.venv/lib/python3.13/site-packages/jax/_src/interpreters/pxla.py", line 1926, in aot_cache_miss
[36m(CpuApproximationActor pid=3407046)[0m     outs, out_flat, args_flat = stages.Compiled.call(params, *args, **kwargs)
[36m(CpuApproximationActor pid=3407046)[0m                                 ~~~~~~~~~~~~~~~~~~~~^^^^^^^^^^^^^^^^^^^^^^^^^
[36m(CpuApproximationActor pid=3407046)[0m   File "/Users/assmuth/dsnn/.venv/lib/python3.13/site-packages/jax/_src/stages.py", line 861, in call
[36m(CpuApproximationActor pid=3407046)[0m     lo_outs = params.executable.call(*params.const_args, *args_flat)
[36m(CpuApproximationActor pid=3407046)[0m   File "/Users/assmuth/dsnn/.venv/lib/python3.13/site-packages/jax/_src/interpreters/pxla.py", line 1893, in call
[36m(CpuApproximationActor pid=3407046)[0m     check_arg_avals_for_call(self._all_args_info.in_avals,
[36m(CpuApproximationActor pid=3407046)[0m     ~~~~~~~~~~~~~~~~~~~~~~~~^^^^^^^^^^^^^^^^^^^^^^^^^^^^^^
[36m(CpuApproximationActor pid=3407046)[0m                              map(core.shaped_abstractify, args),
[36m(CpuApproximationActor pid=3407046)[0m                              ^^^^^^^^^^^^^^^^^^^^^^^^^^^^^^^^^^^
[36m(CpuApproximationActor pid=3407046)[0m                              self._all_args_info.debug_info)
[36m(CpuApproximationActor pid=3407046)[0m                              ^^^^^^^^^^^^^^^^^^^^^^^^^^^^^^^
[36m(CpuApproximationActor pid=3407046)[0m   File "/Users/assmuth/dsnn/.venv/lib/python3.13/site-packages/jax/_src/interpreters/pxla.py", line 1998, in check_arg_avals_for_call
[36m(CpuApproximationActor pid=3407046)[0m     raise TypeError(
[36m(CpuApproximationActor pid=3407046)[0m     ...<3 lines>...
[36m(CpuApproximationActor pid=3407046)[0m         f"{num_mismatch_str} mismatches are:\n{str_errors}")
[36m(CpuApproximationActor pid=3407046)[0m TypeError: Argument types differ from the types for which this computation was compiled. Perhaps you are calling the compiled executable with a different enable_x64 mode than when it was AOT compiled? The mismatches are:
[36m(CpuApproximationActor pid=3407046)[0m Argument 'x' compiled with float32[16,64] and called with float32[16,4]
[36m(CpuApproximationActor pid=3407046)[0m Argument 'y' compiled with float32[16,64] and called with float32[16,4]
[36m(CpuApproximationActor pid=3407046)[0m [SENTINEL-VERBOSE] ==================================================
[36m(CpuApproximationActor pid=3407048)[0m     v0(vertex_id=5): DIAG(bi1=1,bi2=1,factor=8)
[36m(CpuApproximationActor pid=3407048)[0m     v1(vertex_id=1): QUANT(dtype=float8_e8m0fnu)
[36m(CpuApproximationActor pid=3407048)[0m     v2(vertex_id=8): QUANT(dtype=float8_e8m0fnu)
[36m(CpuApproximationActor pid=3407048)[0m     v6(vertex_id=2): COMPRESS(axis=1,kind=max)
[36m(CpuApproximationActor pid=3407048)[0m     v8(vertex_id=11): QUANT(dtype=float8_e8m0fnu)
[36m(CpuApproximationActor pid=3407048)[0m     v10(vertex_id=12): QUANT(dtype=float8_e8m0fnu)
[36m(CpuApproximationActor pid=3407048)[0m     v11(vertex_id=9): QUANT(dtype=float8_e8m0fnu)
[36m(CpuApproximationActor pid=3411396)[0m     v0(vertex_id=7): COMPRESS(axis=1,kind=max)
[36m(CpuApproximationActor pid=3411396)[0m     v5(vertex_id=2): DIAG(bi1=0,bi2=0,factor=2)
[36m(CpuApproximationActor pid=3411396)[0m     v7(vertex_id=1): COMPRESS(axis=3,kind=max)
[36m(CpuApproximationActor pid=3411396)[0m     v8(vertex_id=5): COMPRESS(axis=1,kind=max)
[36m(CpuApproximationActor pid=3411396)[0m     v9(vertex_id=8): QUANT(dtype=float8_e8m0fnu)
[36m(CpuApproximationActor pid=3411396)[0m     v10(vertex_id=11): QUANT(dtype=float8_e8m0fnu)
[36m(CpuApproximationActor pid=3407046)[0m     v0(vertex_id=8): QUANT(dtype=float8_e3m4)
[36m(CpuApproximationActor pid=3407046)[0m     v3(vertex_id=2): QUANT(dtype=float8_e8m0fnu)
[36m(CpuApproximationActor pid=3407046)[0m     v7(vertex_id=3): QUANT(dtype=float8_e8m0fnu)
[36m(CpuApproximationActor pid=3407046)[0m     v8(vertex_id=5): DIAG(bi1=1,bi2=0,factor=2)
[36m(CpuApproximationActor pid=3407046)[0m     v9(vertex_id=6): QUANT(dtype=float8_e8m0fnu)
[36m(CpuApproximationActor pid=3407046)[0m     v10(vertex_id=7): COMPRESS(axis=1,kind=max)
[36m(CpuApproximationActor pid=3407046)[0m     v11(vertex_id=9): COMPRESS(axis=1,kind=max)
[36m(PPOActor pid=3407045)[0m [ppo_ray] 4/48 failed/sentinel transitions this episode (pool timeout / mem-gate / shape-storm); zeroing raw rewards, forcing dones.
[36m(PPOActor pid=3407045)[0m [ppo_ray][popart] ep=2 ev=-425020.789 adv(mean/std/absmax)=-0.024/0.057/0.115 latency_ns: mu=+0 sig=1 peak_memory: mu=+0 sig=1 frob_residual: mu=+0 sig=1
ppo_ray best:+0(ep0) mean:+0 loss(p/v):-0.0065/0.0061 ent:2.219 nan_skip:0:   0%|▏                                                               | 3/1000 [01:45<8:01:31, 28.98s/it]ppo_ray best:+0(ep0) mean:+0 loss(p/v):0.025/0.00098 ent:2.324 nan_skip:0:   0%|▏                                                                | 3/1000 [01:45<8:01:31, 28.98s/it][36m(PPOActor pid=3407045)[0m [ppo_ray] anti-degen: excluded 4 degenerate/failed terminal env(s) from best_overall.
[36m(CpuApproximationActor pid=3407046)[0m [SENTINEL] measure-exception step=12 order_len=12 terminal=True: TypeError: Argument types differ from the types for which this computation was compiled. Perhaps you are calling the compiled executable with a different enable_x64 mode than when it was AOT [32m [repeated 3x across cluster][0m
[36m(CpuApproximationActor pid=3407046)[0m [SENTINEL-VERBOSE] ==================================================[32m [repeated 6x across cluster][0m
[36m(CpuApproximationActor pid=3407046)[0m [SENTINEL-VERBOSE] step=12 order_len=12 terminal=True init=False point_idx=-1[32m [repeated 3x across cluster][0m
[36m(CpuApproximationActor pid=3407046)[0m [SENTINEL-VERBOSE] EXC TypeError: Argument types differ from the types for which this computation was compiled. Perhaps you are calling the compiled executable with a different enable_x64 mode than when it was AOT compiled? The mismatches are:[32m [repeated 3x across cluster][0m
[36m(CpuApproximationActor pid=3407046)[0m Argument 'x' compiled with float32[16,64] and called with float32[16,4][32m [repeated 6x across cluster][0m
[36m(CpuApproximationActor pid=3407046)[0m Argument 'y' compiled with float32[16,64] and called with float32[16,4][32m [repeated 6x across cluster][0m
[36m(CpuApproximationActor pid=3407046)[0m [SENTINEL-VERBOSE] ORDER (12): [8, 4, 10, 2, 12, 11, 1, 3, 5, 6, 7, 9][32m [repeated 3x across cluster][0m
[36m(CpuApproximationActor pid=3407046)[0m [SENTINEL-VERBOSE] MICRO-ACTIONS (per vertex, in elimination order):[32m [repeated 3x across cluster][0m
[36m(CpuApproximationActor pid=3407046)[0m [SENTINEL-VERBOSE] TRACEBACK:[32m [repeated 3x across cluster][0m
[36m(CpuApproximationActor pid=3407046)[0m Traceback (most recent call last):[32m [repeated 3x across cluster][0m
[36m(CpuApproximationActor pid=3407046)[0m   File "/Users/assmuth/dsnn/alphagrad/src/alphagrad/approx/cpu_approx_worker.py", line 257, in evaluate[32m [repeated 3x across cluster][0m
[36m(CpuApproximationActor pid=3407046)[0m     tokens, eqn_ids, reward = _callback([32m [repeated 3x across cluster][0m
[36m(CpuApproximationActor pid=3407046)[0m                               ~~~~~~~~~^[32m [repeated 3x across cluster][0m
[36m(CpuApproximationActor pid=3407046)[0m         self._config,[32m [repeated 3x across cluster][0m
[36m(CpuApproximationActor pid=3407046)[0m         ^^^^^^^^^^^^^[32m [repeated 3x across cluster][0m
[36m(CpuApproximationActor pid=3407046)[0m     ...<3 lines>...[32m [repeated 6x across cluster][0m
[36m(CpuApproximationActor pid=3407046)[0m         point_idx=int(point_idx),[32m [repeated 3x across cluster][0m
[36m(CpuApproximationActor pid=3407046)[0m         ^^^^^^^^^^^^^^^^^^^^^^^^^[32m [repeated 3x across cluster][0m
[36m(CpuApproximationActor pid=3407046)[0m     )[32m [repeated 3x across cluster][0m
[36m(CpuApproximationActor pid=3407046)[0m     ^[32m [repeated 3x across cluster][0m
[36m(CpuApproximationActor pid=3407046)[0m   File "/Users/assmuth/dsnn/alphagrad/src/alphagrad/approx/env.py", line 4003, in _callback[32m [repeated 3x across cluster][0m
[36m(CpuApproximationActor pid=3407046)[0m     out_approx = compiled_approx(*eval_args_i)[32m [repeated 3x across cluster][0m
[36m(CpuApproximationActor pid=3407046)[0m   File "/Users/assmuth/dsnn/.venv/lib/python3.13/site-packages/jax/_src/stages.py", line 884, in __call__[32m [repeated 3x across cluster][0m
[36m(CpuApproximationActor pid=3407046)[0m     return self._call(*args, **kwargs)[32m [repeated 3x across cluster][0m
[36m(CpuApproximationActor pid=3407046)[0m            ~~~~~~~~~~^^^^^^^^^^^^^^^^^[32m [repeated 3x across cluster][0m
[36m(CpuApproximationActor pid=3407046)[0m   File "/Users/assmuth/dsnn/.venv/lib/python3.13/site-packages/jax/_src/interpreters/pxla.py", line 1926, in aot_cache_miss[32m [repeated 3x across cluster][0m
[36m(CpuApproximationActor pid=3407046)[0m     outs, out_flat, args_flat = stages.Compiled.call(params, *args, **kwargs)[32m [repeated 3x across cluster][0m
[36m(CpuApproximationActor pid=3407046)[0m                                 ~~~~~~~~~~~~~~~~~~~~^^^^^^^^^^^^^^^^^^^^^^^^^[32m [repeated 3x across cluster][0m
[36m(CpuApproximationActor pid=3407046)[0m   File "/Users/assmuth/dsnn/.venv/lib/python3.13/site-packages/jax/_src/interpreters/pxla.py", line 1893, in call[32m [repeated 6x across cluster][0m
[36m(CpuApproximationActor pid=3407046)[0m     lo_outs = params.executable.call(*params.const_args, *args_flat)[32m [repeated 3x across cluster][0m
[36m(CpuApproximationActor pid=3407046)[0m     check_arg_avals_for_call(self._all_args_info.in_avals,[32m [repeated 3x across cluster][0m
[36m(CpuApproximationActor pid=3407046)[0m     ~~~~~~~~~~~~~~~~~~~~~~~~^^^^^^^^^^^^^^^^^^^^^^^^^^^^^^[32m [repeated 3x across cluster][0m
[36m(CpuApproximationActor pid=3407046)[0m                              map(core.shaped_abstractify, args),[32m [repeated 3x across cluster][0m
[36m(CpuApproximationActor pid=3407046)[0m                              ^^^^^^^^^^^^^^^^^^^^^^^^^^^^^^^^^^^[32m [repeated 3x across cluster][0m
[36m(CpuApproximationActor pid=3407046)[0m                              self._all_args_info.debug_info)[32m [repeated 3x across cluster][0m
[36m(CpuApproximationActor pid=3407046)[0m                              ^^^^^^^^^^^^^^^^^^^^^^^^^^^^^^^[32m [repeated 3x across cluster][0m
[36m(CpuApproximationActor pid=3407046)[0m   File "/Users/assmuth/dsnn/.venv/lib/python3.13/site-packages/jax/_src/interpreters/pxla.py", line 1998, in check_arg_avals_for_call[32m [repeated 3x across cluster][0m
[36m(CpuApproximationActor pid=3407046)[0m     raise TypeError([32m [repeated 3x across cluster][0m
[36m(CpuApproximationActor pid=3407046)[0m         f"{num_mismatch_str} mismatches are:\n{str_errors}")[32m [repeated 3x across cluster][0m
[36m(CpuApproximationActor pid=3407046)[0m TypeError: Argument types differ from the types for which this computation was compiled. Perhaps you are calling the compiled executable with a different enable_x64 mode than when it was AOT compiled? The mismatches are:[32m [repeated 3x across cluster][0m
[36m(PPOActor pid=3407045)[0m [per-face] builds=600 applied=0 skipped=0 applied_frac=0.000
[36m(CpuApproximationActor pid=3407046)[0m     v0(vertex_id=12): QUANT(dtype=float8_e8m0fnu)
[36m(CpuApproximationActor pid=3407046)[0m     v1(vertex_id=5): QUANT(dtype=float8_e8m0fnu)
[36m(CpuApproximationActor pid=3407046)[0m     v3(vertex_id=2): QUANT(dtype=float8_e8m0fnu)
[36m(CpuApproximationActor pid=3407046)[0m     v6(vertex_id=6): QUANT(dtype=float8_e8m0fnu)
[36m(CpuApproximationActor pid=3407046)[0m     v7(vertex_id=7): QUANT(dtype=float8_e8m0fnu)
[36m(CpuApproximationActor pid=3407046)[0m     v8(vertex_id=9): QUANT(dtype=float8_e8m0fnu)
[36m(CpuApproximationActor pid=3407046)[0m     v10(vertex_id=11): QUANT(dtype=float8_e8m0fnu)
[36m(CpuApproximationActor pid=3407046)[0m     v11(vertex_id=8): QUANT(dtype=float8_e8m0fnu)
[36m(CpuApproximationActor pid=3407048)[0m     v0(vertex_id=8): QUANT(dtype=float8_e8m0fnu)
[36m(CpuApproximationActor pid=3407048)[0m     v1(vertex_id=11): COMPRESS(axis=1,kind=max)
[36m(CpuApproximationActor pid=3407048)[0m     v2(vertex_id=3): QUANT(dtype=float8_e8m0fnu)
[36m(CpuApproximationActor pid=3407048)[0m     v3(vertex_id=10): QUANT(dtype=float8_e8m0fnu)
[36m(CpuApproximationActor pid=3407048)[0m     v4(vertex_id=9): QUANT(dtype=float8_e8m0fnu)
[36m(CpuApproximationActor pid=3407048)[0m     v5(vertex_id=7): QUANT(dtype=float8_e8m0fnu)
[36m(CpuApproximationActor pid=3407048)[0m     v7(vertex_id=5): COMPRESS(axis=1,kind=max)
[36m(CpuApproximationActor pid=3407048)[0m     v9(vertex_id=2): DIAG(bi1=0,bi2=1,factor=16)
[36m(CpuApproximationActor pid=3407048)[0m     v10(vertex_id=6): QUANT(dtype=float8_e8m0fnu)
[36m(CpuApproximationActor pid=3407048)[0m     v11(vertex_id=1): QUANT(dtype=float8_e8m0fnu)
[36m(CpuApproximationActor pid=3411396)[0m     v0(vertex_id=2): DIAG(bi1=0,bi2=0,factor=16)
[36m(CpuApproximationActor pid=3411396)[0m     v1(vertex_id=9): QUANT(dtype=float8_e8m0fnu)
[36m(CpuApproximationActor pid=3411396)[0m     v2(vertex_id=10): COMPRESS(axis=1,kind=max)
[36m(CpuApproximationActor pid=3411396)[0m     v4(vertex_id=7): QUANT(dtype=float8_e8m0fnu)
[36m(CpuApproximationActor pid=3411396)[0m     v5(vertex_id=12): QUANT(dtype=float8_e8m0fnu)
[36m(CpuApproximationActor pid=3411396)[0m     v7(vertex_id=4): QUANT(dtype=float8_e8m0fnu)
[36m(CpuApproximationActor pid=3411396)[0m     v9(vertex_id=1): DIAG(bi1=1,bi2=0,factor=2)
[36m(CpuApproximationActor pid=3411396)[0m     v10(vertex_id=8): QUANT(dtype=float8_e8m0fnu)
[36m(CpuApproximationActor pid=3411396)[0m     v11(vertex_id=11): QUANT(dtype=float8_e8m0fnu)
[36m(CpuApproximationActor pid=3411396)[0m [SENTINEL] measure-exception step=12 order_len=12 terminal=True: TypeError: Argument types differ from the types for which this computation was compiled. Perhaps you are calling the compiled executable with a different enable_x64 mode than when it was AOT [32m [repeated 3x across cluster][0m
[36m(CpuApproximationActor pid=3411396)[0m [SENTINEL-VERBOSE] ==================================================[32m [repeated 6x across cluster][0m
[36m(CpuApproximationActor pid=3411396)[0m [SENTINEL-VERBOSE] step=12 order_len=12 terminal=True init=False point_idx=-1[32m [repeated 3x across cluster][0m
[36m(CpuApproximationActor pid=3411396)[0m [SENTINEL-VERBOSE] EXC TypeError: Argument types differ from the types for which this computation was compiled. Perhaps you are calling the compiled executable with a different enable_x64 mode than when it was AOT compiled? The mismatches are:[32m [repeated 3x across cluster][0m
[36m(CpuApproximationActor pid=3411396)[0m Argument 'x' compiled with float32[16,64] and called with float32[16,4][32m [repeated 6x across cluster][0m
[36m(CpuApproximationActor pid=3411396)[0m Argument 'y' compiled with float32[16,64] and called with float32[16,4][32m [repeated 6x across cluster][0m
[36m(CpuApproximationActor pid=3411396)[0m [SENTINEL-VERBOSE] ORDER (12): [2, 9, 10, 3, 7, 12, 5, 4, 6, 1, 8, 11][32m [repeated 3x across cluster][0m
[36m(CpuApproximationActor pid=3411396)[0m [SENTINEL-VERBOSE] MICRO-ACTIONS (per vertex, in elimination order):[32m [repeated 3x across cluster][0m
[36m(CpuApproximationActor pid=3411396)[0m [SENTINEL-VERBOSE] TRACEBACK:[32m [repeated 3x across cluster][0m
[36m(CpuApproximationActor pid=3411396)[0m Traceback (most recent call last):[32m [repeated 3x across cluster][0m
[36m(CpuApproximationActor pid=3411396)[0m   File "/Users/assmuth/dsnn/alphagrad/src/alphagrad/approx/cpu_approx_worker.py", line 257, in evaluate[32m [repeated 3x across cluster][0m
[36m(CpuApproximationActor pid=3411396)[0m     tokens, eqn_ids, reward = _callback([32m [repeated 3x across cluster][0m
[36m(CpuApproximationActor pid=3411396)[0m                               ~~~~~~~~~^[32m [repeated 3x across cluster][0m
[36m(CpuApproximationActor pid=3411396)[0m         self._config,[32m [repeated 3x across cluster][0m
[36m(CpuApproximationActor pid=3411396)[0m         ^^^^^^^^^^^^^[32m [repeated 3x across cluster][0m
[36m(CpuApproximationActor pid=3411396)[0m     ...<3 lines>...[32m [repeated 6x across cluster][0m
[36m(CpuApproximationActor pid=3411396)[0m         point_idx=int(point_idx),[32m [repeated 3x across cluster][0m
[36m(CpuApproximationActor pid=3411396)[0m         ^^^^^^^^^^^^^^^^^^^^^^^^^[32m [repeated 3x across cluster][0m
[36m(CpuApproximationActor pid=3411396)[0m     )[32m [repeated 3x across cluster][0m
[36m(CpuApproximationActor pid=3411396)[0m     ^[32m [repeated 3x across cluster][0m
[36m(CpuApproximationActor pid=3411396)[0m   File "/Users/assmuth/dsnn/alphagrad/src/alphagrad/approx/env.py", line 4003, in _callback[32m [repeated 3x across cluster][0m
[36m(CpuApproximationActor pid=3411396)[0m     out_approx = compiled_approx(*eval_args_i)[32m [repeated 3x across cluster][0m
[36m(CpuApproximationActor pid=3411396)[0m   File "/Users/assmuth/dsnn/.venv/lib/python3.13/site-packages/jax/_src/stages.py", line 884, in __call__[32m [repeated 3x across cluster][0m
[36m(CpuApproximationActor pid=3411396)[0m     return self._call(*args, **kwargs)[32m [repeated 3x across cluster][0m
[36m(CpuApproximationActor pid=3411396)[0m            ~~~~~~~~~~^^^^^^^^^^^^^^^^^[32m [repeated 3x across cluster][0m
[36m(CpuApproximationActor pid=3411396)[0m   File "/Users/assmuth/dsnn/.venv/lib/python3.13/site-packages/jax/_src/interpreters/pxla.py", line 1926, in aot_cache_miss[32m [repeated 3x across cluster][0m
[36m(CpuApproximationActor pid=3411396)[0m     outs, out_flat, args_flat = stages.Compiled.call(params, *args, **kwargs)[32m [repeated 3x across cluster][0m
[36m(CpuApproximationActor pid=3411396)[0m                                 ~~~~~~~~~~~~~~~~~~~~^^^^^^^^^^^^^^^^^^^^^^^^^[32m [repeated 3x across cluster][0m
[36m(CpuApproximationActor pid=3411396)[0m   File "/Users/assmuth/dsnn/.venv/lib/python3.13/site-packages/jax/_src/interpreters/pxla.py", line 1893, in call[32m [repeated 6x across cluster][0m
[36m(CpuApproximationActor pid=3411396)[0m     lo_outs = params.executable.call(*params.const_args, *args_flat)[32m [repeated 3x across cluster][0m
[36m(CpuApproximationActor pid=3411396)[0m     check_arg_avals_for_call(self._all_args_info.in_avals,[32m [repeated 3x across cluster][0m
[36m(CpuApproximationActor pid=3411396)[0m     ~~~~~~~~~~~~~~~~~~~~~~~~^^^^^^^^^^^^^^^^^^^^^^^^^^^^^^[32m [repeated 3x across cluster][0m
[36m(CpuApproximationActor pid=3411396)[0m                              map(core.shaped_abstractify, args),[32m [repeated 3x across cluster][0m
[36m(CpuApproximationActor pid=3411396)[0m                              ^^^^^^^^^^^^^^^^^^^^^^^^^^^^^^^^^^^[32m [repeated 3x across cluster][0m
[36m(CpuApproximationActor pid=3411396)[0m                              self._all_args_info.debug_info)[32m [repeated 3x across cluster][0m
[36m(CpuApproximationActor pid=3411396)[0m                              ^^^^^^^^^^^^^^^^^^^^^^^^^^^^^^^[32m [repeated 3x across cluster][0m
[36m(CpuApproximationActor pid=3411396)[0m   File "/Users/assmuth/dsnn/.venv/lib/python3.13/site-packages/jax/_src/interpreters/pxla.py", line 1998, in check_arg_avals_for_call[32m [repeated 3x across cluster][0m
[36m(CpuApproximationActor pid=3411396)[0m     raise TypeError([32m [repeated 3x across cluster][0m
[36m(CpuApproximationActor pid=3411396)[0m         f"{num_mismatch_str} mismatches are:\n{str_errors}")[32m [repeated 3x across cluster][0m
[36m(CpuApproximationActor pid=3411396)[0m TypeError: Argument types differ from the types for which this computation was compiled. Perhaps you are calling the compiled executable with a different enable_x64 mode than when it was AOT compiled? The mismatches are:[32m [repeated 3x across cluster][0m
[36m(CpuApproximationActor pid=3407046)[0m     v0(vertex_id=6): QUANT(dtype=float8_e8m0fnu)
[36m(CpuApproximationActor pid=3407046)[0m     v1(vertex_id=3): QUANT(dtype=float8_e8m0fnu)
[36m(CpuApproximationActor pid=3407046)[0m     v2(vertex_id=8): QUANT(dtype=float8_e8m0fnu)
[36m(CpuApproximationActor pid=3407046)[0m     v4(vertex_id=10): QUANT(dtype=float8_e8m0fnu)
[36m(CpuApproximationActor pid=3407046)[0m     v5(vertex_id=4): QUANT(dtype=float8_e8m0fnu)
[36m(CpuApproximationActor pid=3407046)[0m     v6(vertex_id=2): QUANT(dtype=float8_e8m0fnu)
[36m(CpuApproximationActor pid=3407046)[0m     v7(vertex_id=11): QUANT(dtype=float8_e8m0fnu)
[36m(CpuApproximationActor pid=3407046)[0m     v8(vertex_id=7): QUANT(dtype=float8_e8m0fnu)
[36m(CpuApproximationActor pid=3407046)[0m     v9(vertex_id=9): COMPRESS(axis=1,kind=max)
[36m(CpuApproximationActor pid=3407046)[0m     v10(vertex_id=5): DIAG(bi1=0,bi2=0,factor=2)
[36m(CpuApproximationActor pid=3407046)[0m     v11(vertex_id=12): QUANT(dtype=float8_e8m0fnu)
[36m(PPOActor pid=3407045)[0m [ppo_ray] 4/48 failed/sentinel transitions this episode (pool timeout / mem-gate / shape-storm); zeroing raw rewards, forcing dones.
[36m(PPOActor pid=3407045)[0m [ppo_ray][popart] ep=3 ev=-161434.130 adv(mean/std/absmax)=-0.058/0.040/0.137 latency_ns: mu=+0 sig=1 peak_memory: mu=+0 sig=1 frob_residual: mu=+0 sig=1
[36m(CpuApproximationActor pid=3407046)[0m [per-face] builds=200 applied=0 skipped=0 applied_frac=0.000
ppo_ray best:+0(ep0) mean:+0 loss(p/v):0.025/0.00098 ent:2.324 nan_skip:0:   0%|▎                                                                | 4/1000 [01:54<5:52:09, 21.21s/it]ppo_ray best:+0(ep0) mean:+0 loss(p/v):0.074/0.0021 ent:2.018 nan_skip:0:   0%|▎                                                                 | 4/1000 [01:54<5:52:09, 21.21s/it][36m(PPOActor pid=3407045)[0m [ppo_ray] anti-degen: excluded 4 degenerate/failed terminal env(s) from best_overall.
[36m(CpuApproximationActor pid=3411879)[0m W0723 14:56:01.207508 3411879 text_format.cc:393] Warning parsing text-format xla.TritonGemmConfigsProto: 15:53 (N = 1): text format contains deprecated field "split_k"
[36m(CpuApproximationActor pid=3411879)[0m W0723 14:56:01.207531 3411879 text_format.cc:393] Warning parsing text-format xla.TritonGemmConfigsProto: 16:53 (N = 2): text format contains deprecated field "split_k"
[36m(CpuApproximationActor pid=3411879)[0m W0723 14:56:01.207538 3411879 text_format.cc:393] Warning parsing text-format xla.TritonGemmConfigsProto: 18:53 (N = 4): text format contains deprecated field "split_k"
[36m(CpuApproximationActor pid=3411879)[0m W0723 14:56:01.207546 3411879 text_format.cc:393] Warning parsing text-format xla.TritonGemmConfigsProto: 22:53 (N = 8): text format contains deprecated field "split_k"
[36m(CpuApproximationActor pid=3411879)[0m W0723 14:56:01.207560 3411879 text_format.cc:393] Warning parsing text-format xla.TritonGemmConfigsProto: 30:53 (N = 16): text format contains deprecated field "split_k"
[36m(CpuApproximationActor pid=3411879)[0m W0723 14:56:01.207588 3411879 text_format.cc:393] Warning parsing text-format xla.TritonGemmConfigsProto: 16:52 (N = 32): text format contains deprecated field "split_k"
[36m(CpuApproximationActor pid=3411879)[0m W0723 14:56:01.207643 3411879 text_format.cc:393] Warning parsing text-format xla.TritonGemmConfigsProto: 48:53 (N = 64): text format contains deprecated field "split_k"
[36m(CpuApproximationActor pid=3411879)[0m W0723 14:56:01.207741 3411879 text_format.cc:393] Warning parsing text-format xla.TritonGemmConfigsProto: 78:53 (N = 128): text format contains deprecated field "split_k"
[36m(CpuApproximationActor pid=3411879)[0m W0723 14:56:01.207926 3411879 text_format.cc:393] Warning parsing text-format xla.TritonGemmConfigsProto: 36:55 (N = 256): text format contains deprecated field "split_k"
[36m(CpuApproximationActor pid=3411879)[0m [cpu_approx_worker pid=3411879] env: ALPHAGRAD_EXACT_ONLY=1 ALPHAGRAD_EXAMPLE_WIDTH=64 ALPHAGRAD_FACE_TRANSFORMS=0 ALPHAGRAD_MEASURE_VIA_AOJ=0 ALPHAGRAD_PER_FACE_MVP=0 ALPHAGRAD_POLICY=palimpsa JAX_COMPILATION_CACHE_DIR=/tmp/dsnn-jax-cache-55181-pgi15-gpu9
[36m(CpuApproximationActor pid=3411879)[0m [measure-actor 5] host=pgi15-gpu9.iff.kfa-juelich.de CUDA_VISIBLE_DEVICES=2 jax_devices=[CudaDevice(id=0)]
[36m(CpuApproximationActor pid=3407046)[0m [SENTINEL] measure-exception step=12 order_len=12 terminal=True: TypeError: Argument types differ from the types for which this computation was compiled. Perhaps you are calling the compiled executable with a different enable_x64 mode than when it was AOT 
[36m(CpuApproximationActor pid=3407046)[0m [SENTINEL-VERBOSE] ==================================================[32m [repeated 2x across cluster][0m
[36m(CpuApproximationActor pid=3407046)[0m [SENTINEL-VERBOSE] step=12 order_len=12 terminal=True init=False point_idx=-1
[36m(CpuApproximationActor pid=3407046)[0m [SENTINEL-VERBOSE] EXC TypeError: Argument types differ from the types for which this computation was compiled. Perhaps you are calling the compiled executable with a different enable_x64 mode than when it was AOT compiled? The mismatches are:
[36m(CpuApproximationActor pid=3407046)[0m Argument 'x' compiled with float32[16,64] and called with float32[16,4][32m [repeated 2x across cluster][0m
[36m(CpuApproximationActor pid=3407046)[0m Argument 'y' compiled with float32[16,64] and called with float32[16,4][32m [repeated 2x across cluster][0m
[36m(CpuApproximationActor pid=3407046)[0m [SENTINEL-VERBOSE] ORDER (12): [6, 3, 8, 1, 10, 4, 2, 11, 7, 9, 5, 12]
[36m(CpuApproximationActor pid=3407046)[0m [SENTINEL-VERBOSE] MICRO-ACTIONS (per vertex, in elimination order):
[36m(CpuApproximationActor pid=3407046)[0m [SENTINEL-VERBOSE] TRACEBACK:
[36m(CpuApproximationActor pid=3407046)[0m Traceback (most recent call last):
[36m(CpuApproximationActor pid=3407046)[0m   File "/Users/assmuth/dsnn/alphagrad/src/alphagrad/approx/cpu_approx_worker.py", line 257, in evaluate
[36m(CpuApproximationActor pid=3407046)[0m     tokens, eqn_ids, reward = _callback(
[36m(CpuApproximationActor pid=3407046)[0m                               ~~~~~~~~~^
[36m(CpuApproximationActor pid=3407046)[0m         self._config,
[36m(CpuApproximationActor pid=3407046)[0m         ^^^^^^^^^^^^^
[36m(CpuApproximationActor pid=3407046)[0m     ...<3 lines>...[32m [repeated 2x across cluster][0m
[36m(CpuApproximationActor pid=3407046)[0m         point_idx=int(point_idx),
[36m(CpuApproximationActor pid=3407046)[0m         ^^^^^^^^^^^^^^^^^^^^^^^^^
[36m(CpuApproximationActor pid=3407046)[0m     )
[36m(CpuApproximationActor pid=3407046)[0m     ^
[36m(CpuApproximationActor pid=3407046)[0m   File "/Users/assmuth/dsnn/alphagrad/src/alphagrad/approx/env.py", line 4003, in _callback
[36m(CpuApproximationActor pid=3407046)[0m     out_approx = compiled_approx(*eval_args_i)
[36m(CpuApproximationActor pid=3407046)[0m   File "/Users/assmuth/dsnn/.venv/lib/python3.13/site-packages/jax/_src/stages.py", line 884, in __call__
[36m(CpuApproximationActor pid=3407046)[0m     return self._call(*args, **kwargs)
[36m(CpuApproximationActor pid=3407046)[0m            ~~~~~~~~~~^^^^^^^^^^^^^^^^^
[36m(CpuApproximationActor pid=3407046)[0m   File "/Users/assmuth/dsnn/.venv/lib/python3.13/site-packages/jax/_src/interpreters/pxla.py", line 1926, in aot_cache_miss
[36m(CpuApproximationActor pid=3407046)[0m     outs, out_flat, args_flat = stages.Compiled.call(params, *args, **kwargs)
[36m(CpuApproximationActor pid=3407046)[0m                                 ~~~~~~~~~~~~~~~~~~~~^^^^^^^^^^^^^^^^^^^^^^^^^
[36m(CpuApproximationActor pid=3407046)[0m   File "/Users/assmuth/dsnn/.venv/lib/python3.13/site-packages/jax/_src/interpreters/pxla.py", line 1893, in call[32m [repeated 2x across cluster][0m
[36m(CpuApproximationActor pid=3407046)[0m     lo_outs = params.executable.call(*params.const_args, *args_flat)
[36m(CpuApproximationActor pid=3407046)[0m     check_arg_avals_for_call(self._all_args_info.in_avals,
[36m(CpuApproximationActor pid=3407046)[0m     ~~~~~~~~~~~~~~~~~~~~~~~~^^^^^^^^^^^^^^^^^^^^^^^^^^^^^^
[36m(CpuApproximationActor pid=3407046)[0m                              map(core.shaped_abstractify, args),
[36m(CpuApproximationActor pid=3407046)[0m                              ^^^^^^^^^^^^^^^^^^^^^^^^^^^^^^^^^^^
[36m(CpuApproximationActor pid=3407046)[0m                              self._all_args_info.debug_info)
[36m(CpuApproximationActor pid=3407046)[0m                              ^^^^^^^^^^^^^^^^^^^^^^^^^^^^^^^
[36m(CpuApproximationActor pid=3407046)[0m   File "/Users/assmuth/dsnn/.venv/lib/python3.13/site-packages/jax/_src/interpreters/pxla.py", line 1998, in check_arg_avals_for_call
[36m(CpuApproximationActor pid=3407046)[0m     raise TypeError(
[36m(CpuApproximationActor pid=3407046)[0m         f"{num_mismatch_str} mismatches are:\n{str_errors}")
[36m(CpuApproximationActor pid=3407046)[0m TypeError: Argument types differ from the types for which this computation was compiled. Perhaps you are calling the compiled executable with a different enable_x64 mode than when it was AOT compiled? The mismatches are:
[36m(PPOActor pid=3407045)[0m [per-face] builds=800 applied=0 skipped=0 applied_frac=0.000
[36m(CpuApproximationActor pid=3411879)[0m /Users/assmuth/dsnn/graphax/src/graphax/jaxpr.py:779: UserWarning: jaxpr tokenizer: uncaptured value rendered as '?': 'jit'
[36m(CpuApproximationActor pid=3411879)[0m   warnings.warn(
[36m(CpuApproximationActor pid=3411879)[0m /Users/assmuth/dsnn/graphax/src/graphax/jaxpr.py:779: UserWarning: jaxpr tokenizer: uncaptured value rendered as '?': 'compiler_options_kvs'
[36m(CpuApproximationActor pid=3411879)[0m   warnings.warn(
[36m(CpuApproximationActor pid=3411879)[0m /Users/assmuth/dsnn/graphax/src/graphax/jaxpr.py:779: UserWarning: jaxpr tokenizer: uncaptured value rendered as '?': 'donated_invars'
[36m(CpuApproximationActor pid=3411879)[0m   warnings.warn(
[36m(CpuApproximationActor pid=3411879)[0m /Users/assmuth/dsnn/graphax/src/graphax/jaxpr.py:779: UserWarning: jaxpr tokenizer: uncaptured value rendered as '?': 'in_layouts'
[36m(CpuApproximationActor pid=3411879)[0m   warnings.warn(
[36m(CpuApproximationActor pid=3411879)[0m /Users/assmuth/dsnn/graphax/src/graphax/jaxpr.py:779: UserWarning: jaxpr tokenizer: uncaptured value rendered as '?': 'None'
[36m(CpuApproximationActor pid=3411879)[0m   warnings.warn(
[36m(CpuApproximationActor pid=3411879)[0m /Users/assmuth/dsnn/graphax/src/graphax/jaxpr.py:779: UserWarning: jaxpr tokenizer: uncaptured value rendered as '?': 'in_shardings'
[36m(CpuApproximationActor pid=3411879)[0m   warnings.warn(
[36m(CpuApproximationActor pid=3411879)[0m /Users/assmuth/dsnn/graphax/src/graphax/jaxpr.py:779: UserWarning: jaxpr tokenizer: uncaptured value rendered as '?': 'UnspecifiedValue'
[36m(CpuApproximationActor pid=3411879)[0m   warnings.warn(
[36m(CpuApproximationActor pid=3411879)[0m /Users/assmuth/dsnn/graphax/src/graphax/jaxpr.py:779: UserWarning: jaxpr tokenizer: uncaptured value rendered as '?': 'inline'
[36m(CpuApproximationActor pid=3411879)[0m   warnings.warn(
[36m(CpuApproximationActor pid=3411879)[0m /Users/assmuth/dsnn/graphax/src/graphax/jaxpr.py:779: UserWarning: jaxpr tokenizer: uncaptured value rendered as '?': 'keep_unused'
[36m(CpuApproximationActor pid=3411879)[0m   warnings.warn(
[36m(CpuApproximationActor pid=3411879)[0m /Users/assmuth/dsnn/graphax/src/graphax/jaxpr.py:779: UserWarning: jaxpr tokenizer: uncaptured value rendered as '?': 'name'
[36m(CpuApproximationActor pid=3411879)[0m   warnings.warn(
[36m(CpuApproximationActor pid=3411879)[0m /Users/assmuth/dsnn/graphax/src/graphax/jaxpr.py:779: UserWarning: jaxpr tokenizer: uncaptured value rendered as '?': '_where'
[36m(CpuApproximationActor pid=3411879)[0m   warnings.warn(
[36m(CpuApproximationActor pid=3411879)[0m /Users/assmuth/dsnn/graphax/src/graphax/jaxpr.py:779: UserWarning: jaxpr tokenizer: uncaptured value rendered as '?': 'out_layouts'
[36m(CpuApproximationActor pid=3411879)[0m   warnings.warn(
[36m(CpuApproximationActor pid=3411879)[0m /Users/assmuth/dsnn/graphax/src/graphax/jaxpr.py:779: UserWarning: jaxpr tokenizer: uncaptured value rendered as '?': 'out_shardings'
[36m(CpuApproximationActor pid=3411879)[0m   warnings.warn(
[36m(CpuApproximationActor pid=3407048)[0m [SENTINEL] measure-exception step=12 order_len=12 terminal=True: TypeError: Argument types differ from the types for which this computation was compiled. Perhaps you are calling the compiled executable with a different enable_x64 mode than when it was AOT 
[36m(CpuApproximationActor pid=3407048)[0m [SENTINEL-VERBOSE] step=12 order_len=12 terminal=True init=False point_idx=-1
[36m(CpuApproximationActor pid=3407048)[0m [SENTINEL-VERBOSE] EXC TypeError: Argument types differ from the types for which this computation was compiled. Perhaps you are calling the compiled executable with a different enable_x64 mode than when it was AOT compiled? The mismatches are:
[36m(CpuApproximationActor pid=3407048)[0m [SENTINEL-VERBOSE] ORDER (12): [2, 8, 4, 12, 7, 9, 1, 10, 11, 6, 3, 5]
[36m(CpuApproximationActor pid=3407048)[0m [SENTINEL-VERBOSE] MICRO-ACTIONS (per vertex, in elimination order):
[36m(CpuApproximationActor pid=3407048)[0m     v1(vertex_id=8): QUANT(dtype=float8_e8m0fnu)
[36m(CpuApproximationActor pid=3407048)[0m     v2(vertex_id=4): QUANT(dtype=float8_e8m0fnu)
[36m(CpuApproximationActor pid=3407048)[0m     v3(vertex_id=12): QUANT(dtype=float8_e8m0fnu)
[36m(CpuApproximationActor pid=3407048)[0m     v4(vertex_id=7): QUANT(dtype=float8_e8m0fnu)
[36m(CpuApproximationActor pid=3407048)[0m     v5(vertex_id=9): QUANT(dtype=float8_e8m0fnu)
[36m(CpuApproximationActor pid=3407048)[0m     v6(vertex_id=1): QUANT(dtype=float8_e8m0fnu)
[36m(CpuApproximationActor pid=3407048)[0m     v7(vertex_id=10): COMPRESS(axis=1,kind=abs_max)
[36m(CpuApproximationActor pid=3407048)[0m     v8(vertex_id=11): QUANT(dtype=float8_e8m0fnu)
[36m(CpuApproximationActor pid=3407048)[0m     v9(vertex_id=6): QUANT(dtype=float8_e8m0fnu)
[36m(CpuApproximationActor pid=3407048)[0m     v10(vertex_id=3): QUANT(dtype=float8_e8m0fnu)
[36m(CpuApproximationActor pid=3407048)[0m [SENTINEL-VERBOSE] TRACEBACK:
[36m(CpuApproximationActor pid=3407048)[0m Traceback (most recent call last):
[36m(CpuApproximationActor pid=3407048)[0m   File "/Users/assmuth/dsnn/alphagrad/src/alphagrad/approx/cpu_approx_worker.py", line 257, in evaluate
[36m(CpuApproximationActor pid=3407048)[0m     tokens, eqn_ids, reward = _callback(
[36m(CpuApproximationActor pid=3407048)[0m                               ~~~~~~~~~^
[36m(CpuApproximationActor pid=3407048)[0m         self._config,
[36m(CpuApproximationActor pid=3407048)[0m         ^^^^^^^^^^^^^
[36m(CpuApproximationActor pid=3407048)[0m         point_idx=int(point_idx),
[36m(CpuApproximationActor pid=3407048)[0m         ^^^^^^^^^^^^^^^^^^^^^^^^^
[36m(CpuApproximationActor pid=3407048)[0m     )
[36m(CpuApproximationActor pid=3407048)[0m     ^
[36m(CpuApproximationActor pid=3407048)[0m   File "/Users/assmuth/dsnn/alphagrad/src/alphagrad/approx/env.py", line 4003, in _callback
[36m(CpuApproximationActor pid=3407048)[0m     out_approx = compiled_approx(*eval_args_i)
[36m(CpuApproximationActor pid=3407048)[0m   File "/Users/assmuth/dsnn/.venv/lib/python3.13/site-packages/jax/_src/stages.py", line 884, in __call__
[36m(CpuApproximationActor pid=3407048)[0m     return self._call(*args, **kwargs)
[36m(CpuApproximationActor pid=3407048)[0m            ~~~~~~~~~~^^^^^^^^^^^^^^^^^
[36m(CpuApproximationActor pid=3407048)[0m   File "/Users/assmuth/dsnn/.venv/lib/python3.13/site-packages/jax/_src/interpreters/pxla.py", line 1926, in aot_cache_miss
[36m(CpuApproximationActor pid=3407048)[0m     outs, out_flat, args_flat = stages.Compiled.call(params, *args, **kwargs)
[36m(CpuApproximationActor pid=3407048)[0m                                 ~~~~~~~~~~~~~~~~~~~~^^^^^^^^^^^^^^^^^^^^^^^^^
[36m(CpuApproximationActor pid=3407048)[0m     lo_outs = params.executable.call(*params.const_args, *args_flat)
[36m(CpuApproximationActor pid=3407048)[0m     check_arg_avals_for_call(self._all_args_info.in_avals,
[36m(CpuApproximationActor pid=3407048)[0m     ~~~~~~~~~~~~~~~~~~~~~~~~^^^^^^^^^^^^^^^^^^^^^^^^^^^^^^
[36m(CpuApproximationActor pid=3407048)[0m                              map(core.shaped_abstractify, args),
[36m(CpuApproximationActor pid=3407048)[0m                              ^^^^^^^^^^^^^^^^^^^^^^^^^^^^^^^^^^^
[36m(CpuApproximationActor pid=3407048)[0m                              self._all_args_info.debug_info)
[36m(CpuApproximationActor pid=3407048)[0m                              ^^^^^^^^^^^^^^^^^^^^^^^^^^^^^^^
[36m(CpuApproximationActor pid=3407048)[0m   File "/Users/assmuth/dsnn/.venv/lib/python3.13/site-packages/jax/_src/interpreters/pxla.py", line 1998, in check_arg_avals_for_call
[36m(CpuApproximationActor pid=3407048)[0m     raise TypeError(
[36m(CpuApproximationActor pid=3407048)[0m         f"{num_mismatch_str} mismatches are:\n{str_errors}")
[36m(CpuApproximationActor pid=3407048)[0m TypeError: Argument types differ from the types for which this computation was compiled. Perhaps you are calling the compiled executable with a different enable_x64 mode than when it was AOT compiled? The mismatches are:
[36m(CpuApproximationActor pid=3407048)[0m [SENTINEL-VERBOSE] ==================================================[32m [repeated 2x across cluster][0m
[36m(CpuApproximationActor pid=3407048)[0m Argument 'x' compiled with float32[16,64] and called with float32[16,4][32m [repeated 2x across cluster][0m
[36m(CpuApproximationActor pid=3407048)[0m Argument 'y' compiled with float32[16,64] and called with float32[16,4][32m [repeated 2x across cluster][0m
[36m(CpuApproximationActor pid=3407048)[0m     ...<3 lines>...[32m [repeated 2x across cluster][0m
[36m(CpuApproximationActor pid=3407048)[0m   File "/Users/assmuth/dsnn/.venv/lib/python3.13/site-packages/jax/_src/interpreters/pxla.py", line 1893, in call[32m [repeated 2x across cluster][0m
[36m(PPOActor pid=3407045)[0m [per-face] builds=1000 applied=0 skipped=0 applied_frac=0.000[32m [repeated 2x across cluster][0m
[36m(CpuApproximationActor pid=3411396)[0m     v0(vertex_id=5): COMPRESS(axis=1,kind=abs_max)
[36m(CpuApproximationActor pid=3411396)[0m     v1(vertex_id=6): COMPRESS(axis=0,kind=max)
[36m(CpuApproximationActor pid=3411396)[0m     v2(vertex_id=2): COMPRESS(axis=1,kind=max)
[36m(CpuApproximationActor pid=3411396)[0m     v3(vertex_id=3): QUANT(dtype=float8_e8m0fnu)
[36m(CpuApproximationActor pid=3411396)[0m     v4(vertex_id=12): QUANT(dtype=float8_e8m0fnu)
[36m(CpuApproximationActor pid=3411396)[0m     v5(vertex_id=4): QUANT(dtype=float8_e8m0fnu)
[36m(CpuApproximationActor pid=3411396)[0m     v6(vertex_id=8): QUANT(dtype=float8_e8m0fnu)
[36m(CpuApproximationActor pid=3411396)[0m     v7(vertex_id=7): QUANT(dtype=float8_e8m0fnu)
[36m(CpuApproximationActor pid=3411396)[0m     v8(vertex_id=10): COMPRESS(axis=1,kind=abs_max)
[36m(CpuApproximationActor pid=3411396)[0m     v9(vertex_id=1): COMPRESS(axis=0,kind=abs_max)
[36m(CpuApproximationActor pid=3411396)[0m     v10(vertex_id=9): COMPRESS(axis=0,kind=abs_max)
[36m(CpuApproximationActor pid=3411396)[0m     v11(vertex_id=11): COMPRESS(axis=1,kind=abs_max)
[36m(CpuApproximationActor pid=3411879)[0m     v0(vertex_id=3): QUANT(dtype=float8_e8m0fnu)
[36m(CpuApproximationActor pid=3411879)[0m     v1(vertex_id=11): QUANT(dtype=float8_e8m0fnu)
[36m(CpuApproximationActor pid=3411879)[0m     v2(vertex_id=8): QUANT(dtype=float8_e8m0fnu)
[36m(CpuApproximationActor pid=3411879)[0m     v3(vertex_id=10): COMPRESS(axis=1,kind=max)
[36m(CpuApproximationActor pid=3411879)[0m     v4(vertex_id=1): QUANT(dtype=float8_e8m0fnu)
[36m(CpuApproximationActor pid=3411879)[0m     v5(vertex_id=9): QUANT(dtype=float8_e8m0fnu)
[36m(CpuApproximationActor pid=3411879)[0m     v6(vertex_id=6): QUANT(dtype=float8_e8m0fnu)
[36m(CpuApproximationActor pid=3411879)[0m     v8(vertex_id=12): QUANT(dtype=float8_e8m0fnu)
[36m(CpuApproximationActor pid=3411879)[0m     v9(vertex_id=2): DIAG(bi1=0,bi2=1,factor=16)
[36m(CpuApproximationActor pid=3411879)[0m     v11(vertex_id=7): QUANT(dtype=float8_e8m0fnu)
[36m(CpuApproximationActor pid=3407048)[0m     v1(vertex_id=8): QUANT(dtype=float8_e8m0fnu)
[36m(CpuApproximationActor pid=3407048)[0m     v2(vertex_id=3): COMPRESS(axis=1,kind=abs_max)
[36m(CpuApproximationActor pid=3407048)[0m     v3(vertex_id=6): COMPRESS(axis=1,kind=abs_max)
[36m(CpuApproximationActor pid=3407048)[0m     v4(vertex_id=7): COMPRESS(axis=0,kind=abs_min)
[36m(CpuApproximationActor pid=3407048)[0m     v7(vertex_id=11): COMPRESS(axis=1,kind=abs_max)
[36m(CpuApproximationActor pid=3407048)[0m     v8(vertex_id=12): COMPRESS(axis=0,kind=abs_max)
[36m(CpuApproximationActor pid=3407048)[0m     v9(vertex_id=9): QUANT(dtype=float8_e8m0fnu)
[36m(CpuApproximationActor pid=3407048)[0m     v11(vertex_id=1): COMPRESS(axis=1,kind=abs_max)
[36m(PPOActor pid=3407045)[0m [ppo_ray] 4/48 failed/sentinel transitions this episode (pool timeout / mem-gate / shape-storm); zeroing raw rewards, forcing dones.
[36m(PPOActor pid=3407045)[0m [ppo_ray][popart] ep=4 ev=-245066.679 adv(mean/std/absmax)=+0.017/0.044/0.113 latency_ns: mu=+0 sig=1 peak_memory: mu=+0 sig=1 frob_residual: mu=+0 sig=1
ppo_ray best:+0(ep0) mean:+0 loss(p/v):0.074/0.0021 ent:2.018 nan_skip:0:   0%|▎                                                                 | 5/1000 [02:12<5:32:48, 20.07s/it]ppo_ray best:+0(ep0) mean:+0 loss(p/v):-0.012/0.0018 ent:2.285 nan_skip:0:   0%|▎                                                                | 5/1000 [02:12<5:32:48, 20.07s/it]                                                                                                                                                                                      [ppo_ray] ep=   5/1000 best=+0(ep0) mean=+0 ent=2.285 buf=0 step=5
            best-overall-traj-rewards: 
            per-channel-best:          late=+0 peak=+0 frob=+0
            mean-per-channel:          
ppo_ray best:+0(ep0) mean:+0 loss(p/v):-0.012/0.0018 ent:2.285 nan_skip:0:   0%|▎                                                                | 5/1000 [02:12<5:32:48, 20.07s/it][36m(PPOActor pid=3407045)[0m [ppo_ray] anti-degen: excluded 4 degenerate/failed terminal env(s) from best_overall.
[36m(CpuApproximationActor pid=3407048)[0m [SENTINEL] measure-exception step=12 order_len=12 terminal=True: TypeError: Argument types differ from the types for which this computation was compiled. Perhaps you are calling the compiled executable with a different enable_x64 mode than when it was AOT [32m [repeated 3x across cluster][0m
[36m(CpuApproximationActor pid=3407048)[0m [SENTINEL-VERBOSE] step=12 order_len=12 terminal=True init=False point_idx=-1[32m [repeated 3x across cluster][0m
[36m(CpuApproximationActor pid=3407048)[0m [SENTINEL-VERBOSE] EXC TypeError: Argument types differ from the types for which this computation was compiled. Perhaps you are calling the compiled executable with a different enable_x64 mode than when it was AOT compiled? The mismatches are:[32m [repeated 3x across cluster][0m
[36m(CpuApproximationActor pid=3407048)[0m [SENTINEL-VERBOSE] ORDER (12): [4, 8, 3, 6, 7, 10, 5, 11, 12, 9, 2, 1][32m [repeated 3x across cluster][0m
[36m(CpuApproximationActor pid=3407048)[0m [SENTINEL-VERBOSE] MICRO-ACTIONS (per vertex, in elimination order):[32m [repeated 3x across cluster][0m
[36m(CpuApproximationActor pid=3407048)[0m [SENTINEL-VERBOSE] TRACEBACK:[32m [repeated 3x across cluster][0m
[36m(CpuApproximationActor pid=3407048)[0m Traceback (most recent call last):[32m [repeated 3x across cluster][0m
[36m(CpuApproximationActor pid=3407048)[0m   File "/Users/assmuth/dsnn/alphagrad/src/alphagrad/approx/cpu_approx_worker.py", line 257, in evaluate[32m [repeated 3x across cluster][0m
[36m(CpuApproximationActor pid=3407048)[0m     tokens, eqn_ids, reward = _callback([32m [repeated 3x across cluster][0m
[36m(CpuApproximationActor pid=3407048)[0m                               ~~~~~~~~~^[32m [repeated 3x across cluster][0m
[36m(CpuApproximationActor pid=3407048)[0m         self._config,[32m [repeated 3x across cluster][0m
[36m(CpuApproximationActor pid=3407048)[0m         ^^^^^^^^^^^^^[32m [repeated 3x across cluster][0m
[36m(CpuApproximationActor pid=3407048)[0m         point_idx=int(point_idx),[32m [repeated 3x across cluster][0m
[36m(CpuApproximationActor pid=3407048)[0m         ^^^^^^^^^^^^^^^^^^^^^^^^^[32m [repeated 3x across cluster][0m
[36m(CpuApproximationActor pid=3407048)[0m     )[32m [repeated 3x across cluster][0m
[36m(CpuApproximationActor pid=3407048)[0m     ^[32m [repeated 3x across cluster][0m
[36m(CpuApproximationActor pid=3407048)[0m   File "/Users/assmuth/dsnn/alphagrad/src/alphagrad/approx/env.py", line 4003, in _callback[32m [repeated 3x across cluster][0m
[36m(CpuApproximationActor pid=3407048)[0m     out_approx = compiled_approx(*eval_args_i)[32m [repeated 3x across cluster][0m
[36m(CpuApproximationActor pid=3407048)[0m   File "/Users/assmuth/dsnn/.venv/lib/python3.13/site-packages/jax/_src/stages.py", line 884, in __call__[32m [repeated 3x across cluster][0m
[36m(CpuApproximationActor pid=3407048)[0m     return self._call(*args, **kwargs)[32m [repeated 3x across cluster][0m
[36m(CpuApproximationActor pid=3407048)[0m            ~~~~~~~~~~^^^^^^^^^^^^^^^^^[32m [repeated 3x across cluster][0m
[36m(CpuApproximationActor pid=3407048)[0m   File "/Users/assmuth/dsnn/.venv/lib/python3.13/site-packages/jax/_src/interpreters/pxla.py", line 1926, in aot_cache_miss[32m [repeated 3x across cluster][0m
[36m(CpuApproximationActor pid=3407048)[0m     outs, out_flat, args_flat = stages.Compiled.call(params, *args, **kwargs)[32m [repeated 3x across cluster][0m
[36m(CpuApproximationActor pid=3407048)[0m                                 ~~~~~~~~~~~~~~~~~~~~^^^^^^^^^^^^^^^^^^^^^^^^^[32m [repeated 3x across cluster][0m
[36m(CpuApproximationActor pid=3407048)[0m     lo_outs = params.executable.call(*params.const_args, *args_flat)[32m [repeated 3x across cluster][0m
[36m(CpuApproximationActor pid=3407048)[0m     check_arg_avals_for_call(self._all_args_info.in_avals,[32m [repeated 3x across cluster][0m
[36m(CpuApproximationActor pid=3407048)[0m     ~~~~~~~~~~~~~~~~~~~~~~~~^^^^^^^^^^^^^^^^^^^^^^^^^^^^^^[32m [repeated 3x across cluster][0m
[36m(CpuApproximationActor pid=3407048)[0m                              map(core.shaped_abstractify, args),[32m [repeated 3x across cluster][0m
[36m(CpuApproximationActor pid=3407048)[0m                              ^^^^^^^^^^^^^^^^^^^^^^^^^^^^^^^^^^^[32m [repeated 3x across cluster][0m
[36m(CpuApproximationActor pid=3407048)[0m                              self._all_args_info.debug_info)[32m [repeated 3x across cluster][0m
[36m(CpuApproximationActor pid=3407048)[0m                              ^^^^^^^^^^^^^^^^^^^^^^^^^^^^^^^[32m [repeated 3x across cluster][0m
[36m(CpuApproximationActor pid=3407048)[0m   File "/Users/assmuth/dsnn/.venv/lib/python3.13/site-packages/jax/_src/interpreters/pxla.py", line 1998, in check_arg_avals_for_call[32m [repeated 3x across cluster][0m
[36m(CpuApproximationActor pid=3407048)[0m     raise TypeError([32m [repeated 3x across cluster][0m
[36m(CpuApproximationActor pid=3407048)[0m         f"{num_mismatch_str} mismatches are:\n{str_errors}")[32m [repeated 3x across cluster][0m
[36m(CpuApproximationActor pid=3407048)[0m TypeError: Argument types differ from the types for which this computation was compiled. Perhaps you are calling the compiled executable with a different enable_x64 mode than when it was AOT compiled? The mismatches are:[32m [repeated 3x across cluster][0m
[36m(CpuApproximationActor pid=3407048)[0m [SENTINEL-VERBOSE] ==================================================[32m [repeated 6x across cluster][0m
[36m(CpuApproximationActor pid=3407048)[0m Argument 'x' compiled with float32[16,64] and called with float32[16,4][32m [repeated 6x across cluster][0m
[36m(CpuApproximationActor pid=3407048)[0m Argument 'y' compiled with float32[16,64] and called with float32[16,4][32m [repeated 6x across cluster][0m
[36m(CpuApproximationActor pid=3407048)[0m     ...<3 lines>...[32m [repeated 6x across cluster][0m
[36m(CpuApproximationActor pid=3407048)[0m   File "/Users/assmuth/dsnn/.venv/lib/python3.13/site-packages/jax/_src/interpreters/pxla.py", line 1893, in call[32m [repeated 6x across cluster][0m
[36m(PPOActor pid=3407045)[0m [per-face] builds=1200 applied=0 skipped=0 applied_frac=0.000
[36m(CpuApproximationActor pid=3407048)[0m     v0(vertex_id=5): DIAG(bi1=1,bi2=1,factor=64)
[36m(CpuApproximationActor pid=3407048)[0m     v1(vertex_id=8): QUANT(dtype=float8_e8m0fnu)
[36m(CpuApproximationActor pid=3407048)[0m     v2(vertex_id=6): COMPRESS(axis=1,kind=max)
[36m(CpuApproximationActor pid=3407048)[0m     v3(vertex_id=12): QUANT(dtype=bfloat16)
[36m(CpuApproximationActor pid=3407048)[0m     v4(vertex_id=2): COMPRESS(axis=1,kind=abs_max)
[36m(CpuApproximationActor pid=3407048)[0m     v5(vertex_id=11): COMPRESS(axis=1,kind=max)
[36m(CpuApproximationActor pid=3407048)[0m     v6(vertex_id=10): COMPRESS(axis=1,kind=max)
[36m(CpuApproximationActor pid=3407048)[0m     v7(vertex_id=7): QUANT(dtype=float8_e8m0fnu)
[36m(CpuApproximationActor pid=3407048)[0m     v8(vertex_id=3): QUANT(dtype=float8_e8m0fnu)
[36m(CpuApproximationActor pid=3407048)[0m     v9(vertex_id=4): QUANT(dtype=float8_e8m0fnu)
[36m(CpuApproximationActor pid=3407048)[0m     v10(vertex_id=1): QUANT(dtype=float8_e8m0fnu)
[36m(CpuApproximationActor pid=3407048)[0m     v11(vertex_id=9): QUANT(dtype=float8_e8m0fnu)
[36m(CpuApproximationActor pid=3411879)[0m     v0(vertex_id=3): QUANT(dtype=int16)
[36m(CpuApproximationActor pid=3411879)[0m     v1(vertex_id=7): COMPRESS(axis=1,kind=max)
[36m(CpuApproximationActor pid=3411879)[0m     v2(vertex_id=8): QUANT(dtype=float8_e8m0fnu)
[36m(CpuApproximationActor pid=3411879)[0m     v3(vertex_id=2): COMPRESS(axis=1,kind=abs_max)
[36m(CpuApproximationActor pid=3411879)[0m     v4(vertex_id=11): COMPRESS(axis=1,kind=max)
[36m(CpuApproximationActor pid=3411879)[0m     v5(vertex_id=12): QUANT(dtype=float8_e8m0fnu)
[36m(CpuApproximationActor pid=3411879)[0m     v6(vertex_id=1): COMPRESS(axis=0,kind=abs_max)
[36m(CpuApproximationActor pid=3411879)[0m     v7(vertex_id=9): COMPRESS(axis=1,kind=abs_max)
[36m(CpuApproximationActor pid=3411879)[0m     v8(vertex_id=10): QUANT(dtype=float8_e8m0fnu)
[36m(CpuApproximationActor pid=3411879)[0m     v9(vertex_id=6): COMPRESS(axis=1,kind=abs_max)
[36m(CpuApproximationActor pid=3411879)[0m     v10(vertex_id=4): QUANT(dtype=float8_e8m0fnu)
[36m(CpuApproximationActor pid=3411879)[0m     v11(vertex_id=5): QUANT(dtype=float8_e8m0fnu)
[36m(CpuApproximationActor pid=3411396)[0m     v0(vertex_id=7): QUANT(dtype=float8_e8m0fnu)
[36m(CpuApproximationActor pid=3411396)[0m     v2(vertex_id=4): QUANT(dtype=float8_e8m0fnu)
[36m(CpuApproximationActor pid=3411396)[0m     v3(vertex_id=11): COMPRESS(axis=1,kind=max)
[36m(CpuApproximationActor pid=3411396)[0m     v4(vertex_id=9): QUANT(dtype=float8_e8m0fnu)
[36m(CpuApproximationActor pid=3411396)[0m     v5(vertex_id=12): QUANT(dtype=float8_e8m0fnu)
[36m(CpuApproximationActor pid=3411396)[0m     v6(vertex_id=1): COMPRESS(axis=1,kind=abs_max)
[36m(CpuApproximationActor pid=3411396)[0m     v7(vertex_id=3): QUANT(dtype=float8_e8m0fnu)
[36m(CpuApproximationActor pid=3411396)[0m     v8(vertex_id=10): COMPRESS(axis=1,kind=abs_max)
[36m(CpuApproximationActor pid=3411396)[0m     v10(vertex_id=6): QUANT(dtype=float8_e8m0fnu)
[36m(CpuApproximationActor pid=3411396)[0m     v11(vertex_id=8): QUANT(dtype=float8_e8m0fnu)
[36m(CpuApproximationActor pid=3411396)[0m [SENTINEL] measure-exception step=12 order_len=12 terminal=True: TypeError: Argument types differ from the types for which this computation was compiled. Perhaps you are calling the compiled executable with a different enable_x64 mode than when it was AOT [32m [repeated 3x across cluster][0m
[36m(CpuApproximationActor pid=3411396)[0m [SENTINEL-VERBOSE] step=12 order_len=12 terminal=True init=False point_idx=-1[32m [repeated 3x across cluster][0m
[36m(CpuApproximationActor pid=3411396)[0m [SENTINEL-VERBOSE] EXC TypeError: Argument types differ from the types for which this computation was compiled. Perhaps you are calling the compiled executable with a different enable_x64 mode than when it was AOT compiled? The mismatches are:[32m [repeated 3x across cluster][0m
[36m(CpuApproximationActor pid=3411396)[0m [SENTINEL-VERBOSE] ORDER (12): [7, 5, 4, 11, 9, 12, 1, 3, 10, 2, 6, 8][32m [repeated 3x across cluster][0m
[36m(CpuApproximationActor pid=3411396)[0m [SENTINEL-VERBOSE] MICRO-ACTIONS (per vertex, in elimination order):[32m [repeated 3x across cluster][0m
[36m(CpuApproximationActor pid=3411396)[0m [SENTINEL-VERBOSE] TRACEBACK:[32m [repeated 3x across cluster][0m
[36m(CpuApproximationActor pid=3411396)[0m Traceback (most recent call last):[32m [repeated 3x across cluster][0m
[36m(CpuApproximationActor pid=3411396)[0m   File "/Users/assmuth/dsnn/alphagrad/src/alphagrad/approx/cpu_approx_worker.py", line 257, in evaluate[32m [repeated 3x across cluster][0m
[36m(CpuApproximationActor pid=3411396)[0m     tokens, eqn_ids, reward = _callback([32m [repeated 3x across cluster][0m
[36m(CpuApproximationActor pid=3411396)[0m                               ~~~~~~~~~^[32m [repeated 3x across cluster][0m
[36m(CpuApproximationActor pid=3411396)[0m         self._config,[32m [repeated 3x across cluster][0m
[36m(CpuApproximationActor pid=3411396)[0m         ^^^^^^^^^^^^^[32m [repeated 3x across cluster][0m
[36m(CpuApproximationActor pid=3411396)[0m         point_idx=int(point_idx),[32m [repeated 3x across cluster][0m
[36m(CpuApproximationActor pid=3411396)[0m         ^^^^^^^^^^^^^^^^^^^^^^^^^[32m [repeated 3x across cluster][0m
[36m(CpuApproximationActor pid=3411396)[0m     )[32m [repeated 3x across cluster][0m
[36m(CpuApproximationActor pid=3411396)[0m     ^[32m [repeated 3x across cluster][0m
[36m(CpuApproximationActor pid=3411396)[0m   File "/Users/assmuth/dsnn/alphagrad/src/alphagrad/approx/env.py", line 4003, in _callback[32m [repeated 3x across cluster][0m
[36m(CpuApproximationActor pid=3411396)[0m     out_approx = compiled_approx(*eval_args_i)[32m [repeated 3x across cluster][0m
[36m(CpuApproximationActor pid=3411396)[0m   File "/Users/assmuth/dsnn/.venv/lib/python3.13/site-packages/jax/_src/stages.py", line 884, in __call__[32m [repeated 3x across cluster][0m
[36m(CpuApproximationActor pid=3411396)[0m     return self._call(*args, **kwargs)[32m [repeated 3x across cluster][0m
[36m(CpuApproximationActor pid=3411396)[0m            ~~~~~~~~~~^^^^^^^^^^^^^^^^^[32m [repeated 3x across cluster][0m
[36m(CpuApproximationActor pid=3411396)[0m   File "/Users/assmuth/dsnn/.venv/lib/python3.13/site-packages/jax/_src/interpreters/pxla.py", line 1926, in aot_cache_miss[32m [repeated 3x across cluster][0m
[36m(CpuApproximationActor pid=3411396)[0m     outs, out_flat, args_flat = stages.Compiled.call(params, *args, **kwargs)[32m [repeated 3x across cluster][0m
[36m(CpuApproximationActor pid=3411396)[0m                                 ~~~~~~~~~~~~~~~~~~~~^^^^^^^^^^^^^^^^^^^^^^^^^[32m [repeated 3x across cluster][0m
[36m(CpuApproximationActor pid=3411396)[0m     lo_outs = params.executable.call(*params.const_args, *args_flat)[32m [repeated 3x across cluster][0m
[36m(CpuApproximationActor pid=3411396)[0m     check_arg_avals_for_call(self._all_args_info.in_avals,[32m [repeated 3x across cluster][0m
[36m(CpuApproximationActor pid=3411396)[0m     ~~~~~~~~~~~~~~~~~~~~~~~~^^^^^^^^^^^^^^^^^^^^^^^^^^^^^^[32m [repeated 3x across cluster][0m
[36m(CpuApproximationActor pid=3411396)[0m                              map(core.shaped_abstractify, args),[32m [repeated 3x across cluster][0m
[36m(CpuApproximationActor pid=3411396)[0m                              ^^^^^^^^^^^^^^^^^^^^^^^^^^^^^^^^^^^[32m [repeated 3x across cluster][0m
[36m(CpuApproximationActor pid=3411396)[0m                              self._all_args_info.debug_info)[32m [repeated 3x across cluster][0m
[36m(CpuApproximationActor pid=3411396)[0m                              ^^^^^^^^^^^^^^^^^^^^^^^^^^^^^^^[32m [repeated 3x across cluster][0m
[36m(CpuApproximationActor pid=3411396)[0m   File "/Users/assmuth/dsnn/.venv/lib/python3.13/site-packages/jax/_src/interpreters/pxla.py", line 1998, in check_arg_avals_for_call[32m [repeated 3x across cluster][0m
[36m(CpuApproximationActor pid=3411396)[0m     raise TypeError([32m [repeated 3x across cluster][0m
[36m(CpuApproximationActor pid=3411396)[0m         f"{num_mismatch_str} mismatches are:\n{str_errors}")[32m [repeated 3x across cluster][0m
[36m(CpuApproximationActor pid=3411396)[0m TypeError: Argument types differ from the types for which this computation was compiled. Perhaps you are calling the compiled executable with a different enable_x64 mode than when it was AOT compiled? The mismatches are:[32m [repeated 3x across cluster][0m
[36m(CpuApproximationActor pid=3411396)[0m [SENTINEL-VERBOSE] ==================================================[32m [repeated 6x across cluster][0m
[36m(CpuApproximationActor pid=3411396)[0m Argument 'x' compiled with float32[16,64] and called with float32[16,4][32m [repeated 6x across cluster][0m
[36m(CpuApproximationActor pid=3411396)[0m Argument 'y' compiled with float32[16,64] and called with float32[16,4][32m [repeated 6x across cluster][0m
[36m(CpuApproximationActor pid=3411396)[0m     ...<3 lines>...[32m [repeated 6x across cluster][0m
[36m(CpuApproximationActor pid=3411396)[0m   File "/Users/assmuth/dsnn/.venv/lib/python3.13/site-packages/jax/_src/interpreters/pxla.py", line 1893, in call[32m [repeated 6x across cluster][0m
[36m(CpuApproximationActor pid=3407048)[0m     v0(vertex_id=9): COMPRESS(axis=1,kind=abs_max)
[36m(CpuApproximationActor pid=3407048)[0m     v1(vertex_id=3): QUANT(dtype=float8_e8m0fnu)
[36m(CpuApproximationActor pid=3407048)[0m     v2(vertex_id=6): QUANT(dtype=float8_e8m0fnu)
[36m(CpuApproximationActor pid=3407048)[0m     v3(vertex_id=11): COMPRESS(axis=1,kind=abs_max)
[36m(CpuApproximationActor pid=3407048)[0m     v4(vertex_id=2): COMPRESS(axis=1,kind=abs_max)
[36m(CpuApproximationActor pid=3407048)[0m     v5(vertex_id=4): COMPRESS(axis=1,kind=abs_max)
[36m(CpuApproximationActor pid=3407048)[0m     v6(vertex_id=7): QUANT(dtype=float8_e8m0fnu)
[36m(CpuApproximationActor pid=3407048)[0m     v7(vertex_id=5): QUANT(dtype=float8_e8m0fnu)
[36m(CpuApproximationActor pid=3407048)[0m     v8(vertex_id=1): COMPRESS(axis=1,kind=max)
[36m(CpuApproximationActor pid=3407048)[0m     v10(vertex_id=12): COMPRESS(axis=1,kind=abs_max)
[36m(CpuApproximationActor pid=3407048)[0m     v11(vertex_id=8): QUANT(dtype=float8_e8m0fnu)
[36m(PPOActor pid=3407045)[0m [ppo_ray] 4/48 failed/sentinel transitions this episode (pool timeout / mem-gate / shape-storm); zeroing raw rewards, forcing dones.
[36m(PPOActor pid=3407045)[0m [ppo_ray][popart] ep=5 ev=-71263.536 adv(mean/std/absmax)=+0.023/0.038/0.116 latency_ns: mu=+0 sig=1 peak_memory: mu=+0 sig=1 frob_residual: mu=+0 sig=1
[36m(PPOActor pid=3407045)[0m [ppo_ray] anti-degen: excluded 4 degenerate/failed terminal env(s) from best_overall.
[36m(CpuApproximationActor pid=3407048)[0m [per-face] builds=400 applied=0 skipped=0 applied_frac=0.000[32m [repeated 2x across cluster][0m
ppo_ray best:+0(ep0) mean:+0 loss(p/v):-0.012/0.0018 ent:2.285 nan_skip:0:   1%|▍                                                                | 6/1000 [02:22<4:32:59, 16.48s/it]ppo_ray best:+0(ep0) mean:+0 loss(p/v):-0.013/0.0013 ent:2.241 nan_skip:0:   1%|▍                                                                | 6/1000 [02:22<4:32:59, 16.48s/it][36m(CpuApproximationActor pid=3412342)[0m W0723 14:56:28.786468 3412342 text_format.cc:393] Warning parsing text-format xla.TritonGemmConfigsProto: 15:53 (N = 1): text format contains deprecated field "split_k"
[36m(CpuApproximationActor pid=3412342)[0m W0723 14:56:28.786491 3412342 text_format.cc:393] Warning parsing text-format xla.TritonGemmConfigsProto: 16:53 (N = 2): text format contains deprecated field "split_k"
[36m(CpuApproximationActor pid=3412342)[0m W0723 14:56:28.786498 3412342 text_format.cc:393] Warning parsing text-format xla.TritonGemmConfigsProto: 18:53 (N = 4): text format contains deprecated field "split_k"
[36m(CpuApproximationActor pid=3412342)[0m W0723 14:56:28.786507 3412342 text_format.cc:393] Warning parsing text-format xla.TritonGemmConfigsProto: 22:53 (N = 8): text format contains deprecated field "split_k"
[36m(CpuApproximationActor pid=3412342)[0m W0723 14:56:28.786520 3412342 text_format.cc:393] Warning parsing text-format xla.TritonGemmConfigsProto: 30:53 (N = 16): text format contains deprecated field "split_k"
[36m(CpuApproximationActor pid=3412342)[0m W0723 14:56:28.786548 3412342 text_format.cc:393] Warning parsing text-format xla.TritonGemmConfigsProto: 16:52 (N = 32): text format contains deprecated field "split_k"
[36m(CpuApproximationActor pid=3412342)[0m W0723 14:56:28.786597 3412342 text_format.cc:393] Warning parsing text-format xla.TritonGemmConfigsProto: 48:53 (N = 64): text format contains deprecated field "split_k"
[36m(CpuApproximationActor pid=3412342)[0m W0723 14:56:28.786694 3412342 text_format.cc:393] Warning parsing text-format xla.TritonGemmConfigsProto: 78:53 (N = 128): text format contains deprecated field "split_k"
[36m(CpuApproximationActor pid=3412342)[0m W0723 14:56:28.786878 3412342 text_format.cc:393] Warning parsing text-format xla.TritonGemmConfigsProto: 36:55 (N = 256): text format contains deprecated field "split_k"
[36m(CpuApproximationActor pid=3412342)[0m [cpu_approx_worker pid=3412342] env: ALPHAGRAD_EXACT_ONLY=1 ALPHAGRAD_EXAMPLE_WIDTH=64 ALPHAGRAD_FACE_TRANSFORMS=0 ALPHAGRAD_MEASURE_VIA_AOJ=0 ALPHAGRAD_PER_FACE_MVP=0 ALPHAGRAD_POLICY=palimpsa JAX_COMPILATION_CACHE_DIR=/tmp/dsnn-jax-cache-55181-pgi15-gpu9
[36m(CpuApproximationActor pid=3412342)[0m [measure-actor 6] host=pgi15-gpu9.iff.kfa-juelich.de CUDA_VISIBLE_DEVICES=3 jax_devices=[CudaDevice(id=0)]
[36m(CpuApproximationActor pid=3407048)[0m [SENTINEL] measure-exception step=12 order_len=12 terminal=True: TypeError: Argument types differ from the types for which this computation was compiled. Perhaps you are calling the compiled executable with a different enable_x64 mode than when it was AOT 
[36m(CpuApproximationActor pid=3407048)[0m [SENTINEL-VERBOSE] step=12 order_len=12 terminal=True init=False point_idx=-1
[36m(CpuApproximationActor pid=3407048)[0m [SENTINEL-VERBOSE] EXC TypeError: Argument types differ from the types for which this computation was compiled. Perhaps you are calling the compiled executable with a different enable_x64 mode than when it was AOT compiled? The mismatches are:
[36m(CpuApproximationActor pid=3407048)[0m [SENTINEL-VERBOSE] ORDER (12): [9, 3, 6, 11, 2, 4, 7, 5, 1, 10, 12, 8]
[36m(CpuApproximationActor pid=3407048)[0m [SENTINEL-VERBOSE] MICRO-ACTIONS (per vertex, in elimination order):
[36m(CpuApproximationActor pid=3407048)[0m [SENTINEL-VERBOSE] TRACEBACK:
[36m(CpuApproximationActor pid=3407048)[0m Traceback (most recent call last):
[36m(CpuApproximationActor pid=3407048)[0m   File "/Users/assmuth/dsnn/alphagrad/src/alphagrad/approx/cpu_approx_worker.py", line 257, in evaluate
[36m(CpuApproximationActor pid=3407048)[0m     tokens, eqn_ids, reward = _callback(
[36m(CpuApproximationActor pid=3407048)[0m                               ~~~~~~~~~^
[36m(CpuApproximationActor pid=3407048)[0m         self._config,
[36m(CpuApproximationActor pid=3407048)[0m         ^^^^^^^^^^^^^
[36m(CpuApproximationActor pid=3407048)[0m         point_idx=int(point_idx),
[36m(CpuApproximationActor pid=3407048)[0m         ^^^^^^^^^^^^^^^^^^^^^^^^^
[36m(CpuApproximationActor pid=3407048)[0m     )
[36m(CpuApproximationActor pid=3407048)[0m     ^
[36m(CpuApproximationActor pid=3407048)[0m   File "/Users/assmuth/dsnn/alphagrad/src/alphagrad/approx/env.py", line 4003, in _callback
[36m(CpuApproximationActor pid=3407048)[0m     out_approx = compiled_approx(*eval_args_i)
[36m(CpuApproximationActor pid=3407048)[0m   File "/Users/assmuth/dsnn/.venv/lib/python3.13/site-packages/jax/_src/stages.py", line 884, in __call__
[36m(CpuApproximationActor pid=3407048)[0m     return self._call(*args, **kwargs)
[36m(CpuApproximationActor pid=3407048)[0m            ~~~~~~~~~~^^^^^^^^^^^^^^^^^
[36m(CpuApproximationActor pid=3407048)[0m   File "/Users/assmuth/dsnn/.venv/lib/python3.13/site-packages/jax/_src/interpreters/pxla.py", line 1926, in aot_cache_miss
[36m(CpuApproximationActor pid=3407048)[0m     outs, out_flat, args_flat = stages.Compiled.call(params, *args, **kwargs)
[36m(CpuApproximationActor pid=3407048)[0m                                 ~~~~~~~~~~~~~~~~~~~~^^^^^^^^^^^^^^^^^^^^^^^^^
[36m(CpuApproximationActor pid=3407048)[0m     lo_outs = params.executable.call(*params.const_args, *args_flat)
[36m(CpuApproximationActor pid=3407048)[0m     check_arg_avals_for_call(self._all_args_info.in_avals,
[36m(CpuApproximationActor pid=3407048)[0m     ~~~~~~~~~~~~~~~~~~~~~~~~^^^^^^^^^^^^^^^^^^^^^^^^^^^^^^
[36m(CpuApproximationActor pid=3407048)[0m                              map(core.shaped_abstractify, args),
[36m(CpuApproximationActor pid=3407048)[0m                              ^^^^^^^^^^^^^^^^^^^^^^^^^^^^^^^^^^^
[36m(CpuApproximationActor pid=3407048)[0m                              self._all_args_info.debug_info)
[36m(CpuApproximationActor pid=3407048)[0m                              ^^^^^^^^^^^^^^^^^^^^^^^^^^^^^^^
[36m(CpuApproximationActor pid=3407048)[0m   File "/Users/assmuth/dsnn/.venv/lib/python3.13/site-packages/jax/_src/interpreters/pxla.py", line 1998, in check_arg_avals_for_call
[36m(CpuApproximationActor pid=3407048)[0m     raise TypeError(
[36m(CpuApproximationActor pid=3407048)[0m         f"{num_mismatch_str} mismatches are:\n{str_errors}")
[36m(CpuApproximationActor pid=3407048)[0m TypeError: Argument types differ from the types for which this computation was compiled. Perhaps you are calling the compiled executable with a different enable_x64 mode than when it was AOT compiled? The mismatches are:
[36m(CpuApproximationActor pid=3407048)[0m [SENTINEL-VERBOSE] ==================================================[32m [repeated 2x across cluster][0m
[36m(CpuApproximationActor pid=3407048)[0m Argument 'x' compiled with float32[16,64] and called with float32[16,4][32m [repeated 2x across cluster][0m
[36m(CpuApproximationActor pid=3407048)[0m Argument 'y' compiled with float32[16,64] and called with float32[16,4][32m [repeated 2x across cluster][0m
[36m(CpuApproximationActor pid=3407048)[0m     ...<3 lines>...[32m [repeated 2x across cluster][0m
[36m(CpuApproximationActor pid=3407048)[0m   File "/Users/assmuth/dsnn/.venv/lib/python3.13/site-packages/jax/_src/interpreters/pxla.py", line 1893, in call[32m [repeated 2x across cluster][0m
[36m(PPOActor pid=3407045)[0m [per-face] builds=1400 applied=0 skipped=0 applied_frac=0.000
Traceback (most recent call last):
  File "/Users/assmuth/dsnn/alphagrad/src/alphagrad/approx/ppo_ray.py", line 776, in <module>
    sys.exit(main())
             ~~~~^^
  File "/Users/assmuth/dsnn/alphagrad/src/alphagrad/approx/ppo_ray.py", line 770, in main
    rc = _run(args)
  File "/Users/assmuth/dsnn/alphagrad/src/alphagrad/approx/ppo_ray.py", line 561, in _run
    stats = ray.get(actor.run_rollout_and_train.remote(seed_counter))
  File "/Users/assmuth/dsnn/.venv/lib/python3.13/site-packages/ray/_private/auto_init_hook.py", line 22, in auto_init_wrapper
    return fn(*args, **kwargs)
  File "/Users/assmuth/dsnn/.venv/lib/python3.13/site-packages/ray/_private/client_mode_hook.py", line 107, in wrapper
    return func(*args, **kwargs)
  File "/Users/assmuth/dsnn/.venv/lib/python3.13/site-packages/ray/_private/worker.py", line 2980, in get
    values, debugger_breakpoint = worker.get_objects(
                                  ~~~~~~~~~~~~~~~~~~^
        object_refs, timeout, use_object_store=_use_object_store
        ^^^^^^^^^^^^^^^^^^^^^^^^^^^^^^^^^^^^^^^^^^^^^^^^^^^^^^^^
    )
    ^
  File "/Users/assmuth/dsnn/.venv/lib/python3.13/site-packages/ray/_private/worker.py", line 1023, in get_objects
    raise value.as_instanceof_cause()
ray.exceptions.RayTaskError(ValueError): [36mray::PPOActor.run_rollout_and_train()[39m (pid=3407045, ip=192.168.15.9, actor_id=beaa41c751d729bab5a6267901000000, repr=<alphagrad.approx.ppo_ray_actors.PPOActor object at 0x7ca51f901550>)
  File "/Users/assmuth/dsnn/graphax/src/graphax/core.py", line 917, in _apply_micro
    return apply_quant(edge_outval, _t)
  File "/Users/assmuth/dsnn/graphax/src/graphax/sparse/micro_actions.py", line 70, in _wrapper
    out = fn(st, action, *a, **k)
  File "/Users/assmuth/dsnn/graphax/src/graphax/sparse/micro_actions.py", line 623, in apply_quant
    q = jnp.round(st.val.astype(jnp.float32) / s_safe)
                  ~~~~~~~~~~~~~~~~~~~~~~~~~~~^~~~~~~~
  File "/Users/assmuth/dsnn/.venv/lib/python3.13/site-packages/jax/_src/numpy/array_methods.py", line 1501, in op
    return getattr(self.aval, f"_{name}")(self, *args)
           ~~~~~~~~~~~~~~~~~~~~~~~~~~~~~~^^^^^^^^^^^^^
  File "/Users/assmuth/dsnn/.venv/lib/python3.13/site-packages/jax/_src/numpy/array_methods.py", line 800, in _operator_truediv
    return ufuncs.true_divide(self, cast(ArrayLike, other))
           ~~~~~~~~~~~~~~~~~~^^^^^^^^^^^^^^^^^^^^^^^^^^^^^^
  File "/Users/assmuth/dsnn/.venv/lib/python3.13/site-packages/jax/_src/numpy/ufuncs.py", line 2472, in true_divide
    x1, x2 = promote_args_inexact("true_divide", x1, x2)
             ~~~~~~~~~~~~~~~~~~~~^^^^^^^^^^^^^^^^^^^^^^^
  File "/Users/assmuth/dsnn/.venv/lib/python3.13/site-packages/jax/_src/numpy/util.py", line 248, in promote_args_inexact
    return promote_shapes(fun_name, *promote_dtypes_inexact(*args))
                                     ~~~~~~~~~~~~~~~~~~~~~~^^^^^^^
  File "/Users/assmuth/dsnn/.venv/lib/python3.13/site-packages/jax/_src/numpy/util.py", line 92, in promote_dtypes_inexact
    to_dtype, weak_type = dtypes.lattice_result_type(*args)
                          ~~~~~~~~~~~~~~~~~~~~~~~~~~^^^^^^^
jax.dtypes.TypePromotionError: Input dtypes ('float32', 'float8_e8m0fnu') have no available implicit dtype promotion path. To avoid unintended promotion, 8-bit floats do not support implicit promotion. If you'd like your inputs to be promoted to another type, you can do so explicitly using e.g. x.astype('float32')
--------------------
For simplicity, JAX has removed its internal frames from the traceback of the following exception. Set JAX_TRACEBACK_FILTERING=off to include these.

The above exception was the direct cause of the following exception:

[36mray::PPOActor.run_rollout_and_train()[39m (pid=3407045, ip=192.168.15.9, actor_id=beaa41c751d729bab5a6267901000000, repr=<alphagrad.approx.ppo_ray_actors.PPOActor object at 0x7ca51f901550>)
  File "/Users/assmuth/dsnn/alphagrad/src/alphagrad/approx/ppo_ray_actors.py", line 71, in run_rollout_and_train
    return self._impl.run_rollout_and_train(int(rng_seed))
           ~~~~~~~~~~~~~~~~~~~~~~~~~~~~~~~~^^^^^^^^^^^^^^^
  File "/Users/assmuth/dsnn/alphagrad/src/alphagrad/approx/ppo_ray_worker.py", line 2260, in run_rollout_and_train
    self._advance_mask_oracles(order_np, step_np, specs_np)
    ~~~~~~~~~~~~~~~~~~~~~~~~~~^^^^^^^^^^^^^^^^^^^^^^^^^^^^^
  File "/Users/assmuth/dsnn/alphagrad/src/alphagrad/approx/ppo_ray_worker.py", line 1562, in _advance_mask_oracles
    oracle.advance(v, tmap.get(v, ()))
    ~~~~~~~~~~~~~~^^^^^^^^^^^^^^^^^^^^
  File "/Users/assmuth/dsnn/alphagrad/src/alphagrad/approx/common/masks.py", line 510, in advance
    incr.eliminate(vertex, rules=tuple(rules))
    ~~~~~~~~~~~~~~^^^^^^^^^^^^^^^^^^^^^^^^^^^^
  File "/Users/assmuth/dsnn/graphax/src/graphax/incremental.py", line 148, in eliminate
    _eliminate_vertex(int(vertex), self.jaxpr, self.graph,
    ~~~~~~~~~~~~~~~~~^^^^^^^^^^^^^^^^^^^^^^^^^^^^^^^^^^^^^
                      self.tgraph, self.vo, False,
                      ^^^^^^^^^^^^^^^^^^^^^^^^^^^^
                      transforms=tuple(rules),
                      ^^^^^^^^^^^^^^^^^^^^^^^^
                      face_transforms=face_transforms)
                      ^^^^^^^^^^^^^^^^^^^^^^^^^^^^^^^^
  File "/Users/assmuth/dsnn/graphax/src/graphax/core.py", line 1736, in _eliminate_vertex
    raise ValueError(
    ...<10 lines>...
    ) from _exc
ValueError: TRANSFORM DID NOT FIT at vertex 9: Quant(dtype='int16') on edge (in=Var(id=136925660145088):float32[64,64], out=Var(id=136925776386752):float32[16,64]) -> TypePromotionError: Input dtypes ('float32', 'float8_e8m0fnu') have no available implicit dtype promotion path. To avoid unintended promotion, 8-bit floats do not support implicit promotion. If you'd like your inputs to be promoted to another type, you can do so explicitly using e.g. x.astype('float32'). edge out_dims=[(16, None, None, 0), (64, None, None, 1)] primal_dims=[(64, None, None, 2), (64, None, None, 3)] val=(16, 64, 64, 64). This transform was previously SKIPPED SILENTLY, which desyncs the two edges of a shared variable and makes a no-op approximation report cos=1.0. Mask invalid actions up front (see diag_mask/compress_mask) instead of discovering them by throwing. Set GRAPHAX_BEST_EFFORT_TRANSFORMS=1 to restore the legacy silent skip.
Traceback (most recent call last):
  File "/Users/assmuth/dsnn/alphagrad/src/alphagrad/approx/ppo_ray.py", line 776, in <module>
    sys.exit(main())
             ~~~~^^
  File "/Users/assmuth/dsnn/alphagrad/src/alphagrad/approx/ppo_ray.py", line 770, in main
    rc = _run(args)
  File "/Users/assmuth/dsnn/alphagrad/src/alphagrad/approx/ppo_ray.py", line 561, in _run
    stats = ray.get(actor.run_rollout_and_train.remote(seed_counter))
  File "/Users/assmuth/dsnn/.venv/lib/python3.13/site-packages/ray/_private/auto_init_hook.py", line 22, in auto_init_wrapper
    return fn(*args, **kwargs)
  File "/Users/assmuth/dsnn/.venv/lib/python3.13/site-packages/ray/_private/client_mode_hook.py", line 107, in wrapper
    return func(*args, **kwargs)
  File "/Users/assmuth/dsnn/.venv/lib/python3.13/site-packages/ray/_private/worker.py", line 2980, in get
    values, debugger_breakpoint = worker.get_objects(
                                  ~~~~~~~~~~~~~~~~~~^
        object_refs, timeout, use_object_store=_use_object_store
        ^^^^^^^^^^^^^^^^^^^^^^^^^^^^^^^^^^^^^^^^^^^^^^^^^^^^^^^^
    )
    ^
  File "/Users/assmuth/dsnn/.venv/lib/python3.13/site-packages/ray/_private/worker.py", line 1023, in get_objects
    raise value.as_instanceof_cause()
ray.exceptions.RayTaskError(ValueError): [36mray::PPOActor.run_rollout_and_train()[39m (pid=3407045, ip=192.168.15.9, actor_id=beaa41c751d729bab5a6267901000000, repr=<alphagrad.approx.ppo_ray_actors.PPOActor object at 0x7ca51f901550>)
  File "/Users/assmuth/dsnn/graphax/src/graphax/core.py", line 917, in _apply_micro
    return apply_quant(edge_outval, _t)
  File "/Users/assmuth/dsnn/graphax/src/graphax/sparse/micro_actions.py", line 70, in _wrapper
    out = fn(st, action, *a, **k)
  File "/Users/assmuth/dsnn/graphax/src/graphax/sparse/micro_actions.py", line 623, in apply_quant
    q = jnp.round(st.val.astype(jnp.float32) / s_safe)
                  ~~~~~~~~~~~~~~~~~~~~~~~~~~~^~~~~~~~
  File "/Users/assmuth/dsnn/.venv/lib/python3.13/site-packages/jax/_src/numpy/array_methods.py", line 1501, in op
    return getattr(self.aval, f"_{name}")(self, *args)
           ~~~~~~~~~~~~~~~~~~~~~~~~~~~~~~^^^^^^^^^^^^^
  File "/Users/assmuth/dsnn/.venv/lib/python3.13/site-packages/jax/_src/numpy/array_methods.py", line 800, in _operator_truediv
    return ufuncs.true_divide(self, cast(ArrayLike, other))
           ~~~~~~~~~~~~~~~~~~^^^^^^^^^^^^^^^^^^^^^^^^^^^^^^
  File "/Users/assmuth/dsnn/.venv/lib/python3.13/site-packages/jax/_src/numpy/ufuncs.py", line 2472, in true_divide
    x1, x2 = promote_args_inexact("true_divide", x1, x2)
             ~~~~~~~~~~~~~~~~~~~~^^^^^^^^^^^^^^^^^^^^^^^
  File "/Users/assmuth/dsnn/.venv/lib/python3.13/site-packages/jax/_src/numpy/util.py", line 248, in promote_args_inexact
    return promote_shapes(fun_name, *promote_dtypes_inexact(*args))
                                     ~~~~~~~~~~~~~~~~~~~~~~^^^^^^^
  File "/Users/assmuth/dsnn/.venv/lib/python3.13/site-packages/jax/_src/numpy/util.py", line 92, in promote_dtypes_inexact
    to_dtype, weak_type = dtypes.lattice_result_type(*args)
                          ~~~~~~~~~~~~~~~~~~~~~~~~~~^^^^^^^
jax.dtypes.TypePromotionError: Input dtypes ('float32', 'float8_e8m0fnu') have no available implicit dtype promotion path. To avoid unintended promotion, 8-bit floats do not support implicit promotion. If you'd like your inputs to be promoted to another type, you can do so explicitly using e.g. x.astype('float32')
--------------------
For simplicity, JAX has removed its internal frames from the traceback of the following exception. Set JAX_TRACEBACK_FILTERING=off to include these.

The above exception was the direct cause of the following exception:

[36mray::PPOActor.run_rollout_and_train()[39m (pid=3407045, ip=192.168.15.9, actor_id=beaa41c751d729bab5a6267901000000, repr=<alphagrad.approx.ppo_ray_actors.PPOActor object at 0x7ca51f901550>)
  File "/Users/assmuth/dsnn/alphagrad/src/alphagrad/approx/ppo_ray_actors.py", line 71, in run_rollout_and_train
    return self._impl.run_rollout_and_train(int(rng_seed))
           ~~~~~~~~~~~~~~~~~~~~~~~~~~~~~~~~^^^^^^^^^^^^^^^
  File "/Users/assmuth/dsnn/alphagrad/src/alphagrad/approx/ppo_ray_worker.py", line 2260, in run_rollout_and_train
    self._advance_mask_oracles(order_np, step_np, specs_np)
    ~~~~~~~~~~~~~~~~~~~~~~~~~~^^^^^^^^^^^^^^^^^^^^^^^^^^^^^
  File "/Users/assmuth/dsnn/alphagrad/src/alphagrad/approx/ppo_ray_worker.py", line 1562, in _advance_mask_oracles
    oracle.advance(v, tmap.get(v, ()))
    ~~~~~~~~~~~~~~^^^^^^^^^^^^^^^^^^^^
  File "/Users/assmuth/dsnn/alphagrad/src/alphagrad/approx/common/masks.py", line 510, in advance
    incr.eliminate(vertex, rules=tuple(rules))
    ~~~~~~~~~~~~~~^^^^^^^^^^^^^^^^^^^^^^^^^^^^
  File "/Users/assmuth/dsnn/graphax/src/graphax/incremental.py", line 148, in eliminate
    _eliminate_vertex(int(vertex), self.jaxpr, self.graph,
    ~~~~~~~~~~~~~~~~~^^^^^^^^^^^^^^^^^^^^^^^^^^^^^^^^^^^^^
                      self.tgraph, self.vo, False,
                      ^^^^^^^^^^^^^^^^^^^^^^^^^^^^
                      transforms=tuple(rules),
                      ^^^^^^^^^^^^^^^^^^^^^^^^
                      face_transforms=face_transforms)
                      ^^^^^^^^^^^^^^^^^^^^^^^^^^^^^^^^
  File "/Users/assmuth/dsnn/graphax/src/graphax/core.py", line 1736, in _eliminate_vertex
    raise ValueError(
    ...<10 lines>...
    ) from _exc
ValueError: TRANSFORM DID NOT FIT at vertex 9: Quant(dtype='int16') on edge (in=Var(id=136925660145088):float32[64,64], out=Var(id=136925776386752):float32[16,64]) -> TypePromotionError: Input dtypes ('float32', 'float8_e8m0fnu') have no available implicit dtype promotion path. To avoid unintended promotion, 8-bit floats do not support implicit promotion. If you'd like your inputs to be promoted to another type, you can do so explicitly using e.g. x.astype('float32'). edge out_dims=[(16, None, None, 0), (64, None, None, 1)] primal_dims=[(64, None, None, 2), (64, None, None, 3)] val=(16, 64, 64, 64). This transform was previously SKIPPED SILENTLY, which desyncs the two edges of a shared variable and makes a no-op approximation report cos=1.0. Mask invalid actions up front (see diag_mask/compress_mask) instead of discovering them by throwing. Set GRAPHAX_BEST_EFFORT_TRANSFORMS=1 to restore the legacy silent skip.
[1;34mwandb[0m: 
[1;34mwandb[0m: You can sync this run to the cloud by running:
[1;34mwandb[0m: [1mwandb sync /Users/assmuth/dsnn/alphagrad/wandb/offline-run-20260723_145338-56s74kfn[0m
[1;34mwandb[0m: Find logs at: [1;35mwandb/offline-run-20260723_145338-56s74kfn/logs[0m
=== PHASE lat_mem RC=1 Thu Jul 23 02:56:36 PM UTC 2026 ===
[log_to_csv] campaign_exp/exact_mlp_lat_mem/run.log -> campaign_exp/exact_mlp_lat_mem/metrics.csv: 0 rows (of 6 episodes, warmup=50, drop_zeros=True), 1 columns
=== PHASE flops START Thu Jul 23 02:56:36 PM UTC 2026 ===
2026-07-23 14:56:39,536	INFO worker.py:2012 -- Started a local Ray instance.
/Users/assmuth/dsnn/.venv/lib/python3.13/site-packages/ray/_private/worker.py:2051: FutureWarning: Tip: In future versions of Ray, Ray will no longer override accelerator visible devices env var if num_gpus=0 or num_gpus=None (default). To enable this behavior and turn off this error message, set RAY_ACCEL_ENV_VAR_OVERRIDE_ON_ZERO=0
  warnings.warn(
wandb: Loading settings from /Users/assmuth/.config/wandb/settings
wandb: WARNING Using a boolean value for 'reinit' is deprecated. Use 'return_previous' or 'finish_previous' instead.
wandb: Tracking run with wandb version 0.25.0
wandb: W&B syncing is set to `offline` in this directory. Run `wandb online` or set WANDB_MODE=online to enable cloud syncing.
wandb: Run data is saved locally in /Users/assmuth/dsnn/alphagrad/wandb/offline-run-20260723_145640-tgigmpx8
[33m(raylet)[0m It looks like you're creating a detached actor in an anonymous namespace. In order to access this actor in the future, you will need to explicitly connect to this namespace with ray.init(namespace="eba7aeae-78c8-4301-874b-cd2387a350af", ...)
[36m(PPOActor pid=3413782)[0m W0723 14:56:46.262702 3413782 text_format.cc:393] Warning parsing text-format xla.AutotuneResult: 5:10 (N = 1): text format contains deprecated field "split_k"
[36m(CpuApproximationActor pid=3413785)[0m W0723 14:56:46.439223 3413785 text_format.cc:393] Warning parsing text-format xla.TritonGemmConfigsProto: 15:53 (N = 1): text format contains deprecated field "split_k"
[36m(CpuApproximationActor pid=3413785)[0m W0723 14:56:46.439246 3413785 text_format.cc:393] Warning parsing text-format xla.TritonGemmConfigsProto: 16:53 (N = 2): text format contains deprecated field "split_k"
[36m(CpuApproximationActor pid=3413785)[0m W0723 14:56:46.439254 3413785 text_format.cc:393] Warning parsing text-format xla.TritonGemmConfigsProto: 18:53 (N = 4): text format contains deprecated field "split_k"
[36m(CpuApproximationActor pid=3413785)[0m W0723 14:56:46.439263 3413785 text_format.cc:393] Warning parsing text-format xla.TritonGemmConfigsProto: 22:53 (N = 8): text format contains deprecated field "split_k"
[36m(CpuApproximationActor pid=3413785)[0m W0723 14:56:46.439278 3413785 text_format.cc:393] Warning parsing text-format xla.TritonGemmConfigsProto: 30:53 (N = 16): text format contains deprecated field "split_k"
[36m(CpuApproximationActor pid=3413785)[0m W0723 14:56:46.439307 3413785 text_format.cc:393] Warning parsing text-format xla.TritonGemmConfigsProto: 16:52 (N = 32): text format contains deprecated field "split_k"
[36m(CpuApproximationActor pid=3413785)[0m W0723 14:56:46.439358 3413785 text_format.cc:393] Warning parsing text-format xla.TritonGemmConfigsProto: 48:53 (N = 64): text format contains deprecated field "split_k"
[36m(CpuApproximationActor pid=3413785)[0m W0723 14:56:46.439458 3413785 text_format.cc:393] Warning parsing text-format xla.TritonGemmConfigsProto: 78:53 (N = 128): text format contains deprecated field "split_k"
[36m(CpuApproximationActor pid=3413785)[0m W0723 14:56:46.439644 3413785 text_format.cc:393] Warning parsing text-format xla.TritonGemmConfigsProto: 36:55 (N = 256): text format contains deprecated field "split_k"
[36m(PPOActor pid=3413782)[0m [ppo_ray] ADDITIVE failed/sentinel penalty = -2.0 (bounded-negative, INCLUDED in advantage+loss -- replaces the failed-row mask; failed rows are repulsive, never a zero-gradient no-op).
[36m(PPOActor pid=3413782)[0m [ppo_ray] V2 anti-hack: failed_adv_stamp=1.0 (post-z-score advantage overwrite on failed rows), cost_symlog_cap=0.0 (symlog'd cost channels clipped to +/-cap).
[36m(PPOActor pid=3413782)[0m [ppo_ray] PopArt value norm ON: beta=0.01 sigma_min(base=0.1, quality[6,9]=0.2) sigma_max=1e+12 robust_std=True (winsor k=5.0) — replaces the rollout advantage z-score; under pure-PopArt advantage a failed row is truly-neutral (A==0), no constant stamp.
[36m(PPOActor pid=3413782)[0m [ppo_ray] DYNAMIC SENTINEL ON: failed/sentinel terminals get per-channel mu_c - 2.0*sigma_c (EMA beta=0.01) instead of -1e10. The additive failed_penalty stamp AND the post-z-score failed_adv_stamp are DISABLED (dynamic value supersedes them); failed_transitions logging + PopArt exclusion unchanged.
[36m(PPOActor pid=3413782)[0m [ppo_ray] RAW COSSIM THREAD ON: env emits full-range cosine_sim in idx6; worker applies guide cap=None into the GAE buffer only, logs reward/cosine_sim_raw from the uncapped value.
[33m(raylet)[0m It looks like you're creating a detached actor in an anonymous namespace. In order to access this actor in the future, you will need to explicitly connect to this namespace with ray.init(namespace="eba7aeae-78c8-4301-874b-cd2387a350af", ...)
[36m(PPOActor pid=3413782)[0m [ppo_ray_worker] POLICY V2 ACTIVE: MicroPPOAgent = PALIMPSA backbone + PointerVertexPolicy + MicroActionPolicy(max_substeps=1) + separate value pool; factor tables up to axis size 64 (observed max 64).
[36m(CpuApproximationActor pid=3413785)[0m [cpu_approx_worker pid=3413785] env: ALPHAGRAD_EXACT_ONLY=1 ALPHAGRAD_EXAMPLE_WIDTH=64 ALPHAGRAD_FACE_TRANSFORMS=0 ALPHAGRAD_MEASURE_VIA_AOJ=0 ALPHAGRAD_PER_FACE_MVP=0 ALPHAGRAD_POLICY=palimpsa JAX_COMPILATION_CACHE_DIR=/tmp/dsnn-jax-cache-55181-pgi15-gpu9
[36m(CpuApproximationActor pid=3413785)[0m [measure-actor 1] host=pgi15-gpu9.iff.kfa-juelich.de CUDA_VISIBLE_DEVICES=3 jax_devices=[CudaDevice(id=0)]
[36m(PPOActor pid=3413782)[0m [ppo_ray_worker] V2 policy heads scaled by 0.1 (near-uniform initial policy).
[36m(CpuApproximationActor pid=3413784)[0m [cpu_approx_worker pid=3413784] env: ALPHAGRAD_EXACT_ONLY=1 ALPHAGRAD_EXAMPLE_WIDTH=64 ALPHAGRAD_FACE_TRANSFORMS=0 ALPHAGRAD_MEASURE_VIA_AOJ=0 ALPHAGRAD_PER_FACE_MVP=0 ALPHAGRAD_POLICY=palimpsa JAX_COMPILATION_CACHE_DIR=/tmp/dsnn-jax-cache-55181-pgi15-gpu9[32m [repeated 2x across cluster] (Ray deduplicates logs by default. Set RAY_DEDUP_LOGS=0 to disable log deduplication, or see https://docs.ray.io/en/master/ray-observability/user-guides/configure-logging.html#log-deduplication for more options.)[0m
[36m(CpuApproximationActor pid=3413784)[0m [measure-actor 0] host=pgi15-gpu9.iff.kfa-juelich.de CUDA_VISIBLE_DEVICES=1 jax_devices=[CudaDevice(id=0)][32m [repeated 2x across cluster][0m
  actors spawned + JIT-warm in 26.1s
ppo_ray:   0%|                                                                                                                                             | 0/1000 [00:00<?, ?it/s][36m(CpuApproximationActor pid=3413783)[0m /Users/assmuth/dsnn/graphax/src/graphax/jaxpr.py:779: UserWarning: jaxpr tokenizer: uncaptured value rendered as '?': 'jit'
[36m(CpuApproximationActor pid=3413783)[0m   warnings.warn(
[36m(CpuApproximationActor pid=3413783)[0m /Users/assmuth/dsnn/graphax/src/graphax/jaxpr.py:779: UserWarning: jaxpr tokenizer: uncaptured value rendered as '?': 'compiler_options_kvs'
[36m(CpuApproximationActor pid=3413783)[0m   warnings.warn(
[36m(CpuApproximationActor pid=3413783)[0m /Users/assmuth/dsnn/graphax/src/graphax/jaxpr.py:779: UserWarning: jaxpr tokenizer: uncaptured value rendered as '?': 'donated_invars'
[36m(CpuApproximationActor pid=3413783)[0m   warnings.warn(
[36m(CpuApproximationActor pid=3413783)[0m /Users/assmuth/dsnn/graphax/src/graphax/jaxpr.py:779: UserWarning: jaxpr tokenizer: uncaptured value rendered as '?': 'in_layouts'
[36m(CpuApproximationActor pid=3413783)[0m   warnings.warn(
[36m(CpuApproximationActor pid=3413783)[0m /Users/assmuth/dsnn/graphax/src/graphax/jaxpr.py:779: UserWarning: jaxpr tokenizer: uncaptured value rendered as '?': 'None'
[36m(CpuApproximationActor pid=3413783)[0m   warnings.warn(
[36m(CpuApproximationActor pid=3413783)[0m /Users/assmuth/dsnn/graphax/src/graphax/jaxpr.py:779: UserWarning: jaxpr tokenizer: uncaptured value rendered as '?': 'in_shardings'
[36m(CpuApproximationActor pid=3413783)[0m   warnings.warn(
[36m(CpuApproximationActor pid=3413783)[0m /Users/assmuth/dsnn/graphax/src/graphax/jaxpr.py:779: UserWarning: jaxpr tokenizer: uncaptured value rendered as '?': 'UnspecifiedValue'
[36m(CpuApproximationActor pid=3413783)[0m   warnings.warn(
[36m(CpuApproximationActor pid=3413783)[0m /Users/assmuth/dsnn/graphax/src/graphax/jaxpr.py:779: UserWarning: jaxpr tokenizer: uncaptured value rendered as '?': 'inline'
[36m(CpuApproximationActor pid=3413783)[0m   warnings.warn(
[36m(CpuApproximationActor pid=3413783)[0m /Users/assmuth/dsnn/graphax/src/graphax/jaxpr.py:779: UserWarning: jaxpr tokenizer: uncaptured value rendered as '?': 'keep_unused'
[36m(CpuApproximationActor pid=3413783)[0m   warnings.warn(
[36m(CpuApproximationActor pid=3413783)[0m /Users/assmuth/dsnn/graphax/src/graphax/jaxpr.py:779: UserWarning: jaxpr tokenizer: uncaptured value rendered as '?': 'name'
[36m(CpuApproximationActor pid=3413783)[0m   warnings.warn(
[36m(CpuApproximationActor pid=3413783)[0m /Users/assmuth/dsnn/graphax/src/graphax/jaxpr.py:779: UserWarning: jaxpr tokenizer: uncaptured value rendered as '?': '_where'
[36m(CpuApproximationActor pid=3413783)[0m   warnings.warn(
[36m(CpuApproximationActor pid=3413783)[0m /Users/assmuth/dsnn/graphax/src/graphax/jaxpr.py:779: UserWarning: jaxpr tokenizer: uncaptured value rendered as '?': 'out_layouts'
[36m(CpuApproximationActor pid=3413783)[0m   warnings.warn(
[36m(CpuApproximationActor pid=3413783)[0m /Users/assmuth/dsnn/graphax/src/graphax/jaxpr.py:779: UserWarning: jaxpr tokenizer: uncaptured value rendered as '?': 'out_shardings'
[36m(CpuApproximationActor pid=3413783)[0m   warnings.warn(
[36m(CpuApproximationActor pid=3413783)[0m W0723 14:56:46.464082 3413783 text_format.cc:393] Warning parsing text-format xla.TritonGemmConfigsProto: 36:55 (N = 256): text format contains deprecated field "split_k"[32m [repeated 18x across cluster][0m
[36m(PPOActor pid=3413782)[0m [per-face] builds=200 applied=0 skipped=0 applied_frac=0.000
[36m(CpuApproximationActor pid=3413783)[0m [SENTINEL] measure-exception step=12 order_len=12 terminal=True: TypeError: Argument types differ from the types for which this computation was compiled. Perhaps you are calling the compiled executable with a different enable_x64 mode than when it was AOT 
[36m(CpuApproximationActor pid=3413783)[0m [SENTINEL-VERBOSE] ==================================================
[36m(CpuApproximationActor pid=3413783)[0m [SENTINEL-VERBOSE] step=12 order_len=12 terminal=True init=False point_idx=-1
[36m(CpuApproximationActor pid=3413783)[0m [SENTINEL-VERBOSE] EXC TypeError: Argument types differ from the types for which this computation was compiled. Perhaps you are calling the compiled executable with a different enable_x64 mode than when it was AOT compiled? The mismatches are:
[36m(CpuApproximationActor pid=3413783)[0m Argument 'x' compiled with float32[16,64] and called with float32[16,4]
[36m(CpuApproximationActor pid=3413783)[0m Argument 'y' compiled with float32[16,64] and called with float32[16,4]
[36m(CpuApproximationActor pid=3413783)[0m [SENTINEL-VERBOSE] ORDER (12): [4, 2, 9, 3, 7, 10, 6, 11, 12, 1, 5, 8]
[36m(CpuApproximationActor pid=3413783)[0m [SENTINEL-VERBOSE] MICRO-ACTIONS (per vertex, in elimination order):
[36m(CpuApproximationActor pid=3413783)[0m     v1(vertex_id=2): DIAG(bi1=0,bi2=0,factor=16)
[36m(CpuApproximationActor pid=3413783)[0m     v2(vertex_id=9): COMPRESS(axis=1,kind=abs_max)
[36m(CpuApproximationActor pid=3413783)[0m     v3(vertex_id=3): COMPRESS(axis=1,kind=abs_max)
[36m(CpuApproximationActor pid=3413783)[0m     v4(vertex_id=7): COMPRESS(axis=1,kind=abs_max)
[36m(CpuApproximationActor pid=3413783)[0m     v5(vertex_id=10): COMPRESS(axis=0,kind=abs_max)
[36m(CpuApproximationActor pid=3413783)[0m     v8(vertex_id=12): COMPRESS(axis=1,kind=abs_max)
[36m(CpuApproximationActor pid=3413783)[0m     v9(vertex_id=1): COMPRESS(axis=0,kind=abs_max)
[36m(CpuApproximationActor pid=3413783)[0m     v10(vertex_id=5): COMPRESS(axis=1,kind=abs_max)
[36m(CpuApproximationActor pid=3413783)[0m     v11(vertex_id=8): COMPRESS(axis=0,kind=abs_max)
[36m(CpuApproximationActor pid=3413783)[0m [SENTINEL-VERBOSE] TRACEBACK:
[36m(CpuApproximationActor pid=3413783)[0m Traceback (most recent call last):
[36m(CpuApproximationActor pid=3413783)[0m   File "/Users/assmuth/dsnn/alphagrad/src/alphagrad/approx/cpu_approx_worker.py", line 257, in evaluate
[36m(CpuApproximationActor pid=3413783)[0m     tokens, eqn_ids, reward = _callback(
[36m(CpuApproximationActor pid=3413783)[0m                               ~~~~~~~~~^
[36m(CpuApproximationActor pid=3413783)[0m         self._config,
[36m(CpuApproximationActor pid=3413783)[0m         ^^^^^^^^^^^^^
[36m(CpuApproximationActor pid=3413783)[0m     ...<7 lines>...
[36m(CpuApproximationActor pid=3413783)[0m         point_idx=int(point_idx),
[36m(CpuApproximationActor pid=3413783)[0m         ^^^^^^^^^^^^^^^^^^^^^^^^^
[36m(CpuApproximationActor pid=3413783)[0m     )
[36m(CpuApproximationActor pid=3413783)[0m     ^
[36m(CpuApproximationActor pid=3413783)[0m   File "/Users/assmuth/dsnn/alphagrad/src/alphagrad/approx/env.py", line 4003, in _callback
[36m(CpuApproximationActor pid=3413783)[0m     out_approx = compiled_approx(*eval_args_i)
[36m(CpuApproximationActor pid=3413783)[0m   File "/Users/assmuth/dsnn/.venv/lib/python3.13/site-packages/jax/_src/stages.py", line 884, in __call__
[36m(CpuApproximationActor pid=3413783)[0m     return self._call(*args, **kwargs)
[36m(CpuApproximationActor pid=3413783)[0m            ~~~~~~~~~~^^^^^^^^^^^^^^^^^
[36m(CpuApproximationActor pid=3413783)[0m   File "/Users/assmuth/dsnn/.venv/lib/python3.13/site-packages/jax/_src/interpreters/pxla.py", line 1926, in aot_cache_miss
[36m(CpuApproximationActor pid=3413783)[0m     outs, out_flat, args_flat = stages.Compiled.call(params, *args, **kwargs)
[36m(CpuApproximationActor pid=3413783)[0m                                 ~~~~~~~~~~~~~~~~~~~~^^^^^^^^^^^^^^^^^^^^^^^^^
[36m(CpuApproximationActor pid=3413783)[0m   File "/Users/assmuth/dsnn/.venv/lib/python3.13/site-packages/jax/_src/stages.py", line 861, in call
[36m(CpuApproximationActor pid=3413783)[0m     lo_outs = params.executable.call(*params.const_args, *args_flat)
[36m(CpuApproximationActor pid=3413783)[0m   File "/Users/assmuth/dsnn/.venv/lib/python3.13/site-packages/jax/_src/interpreters/pxla.py", line 1893, in call
[36m(CpuApproximationActor pid=3413783)[0m     check_arg_avals_for_call(self._all_args_info.in_avals,
[36m(CpuApproximationActor pid=3413783)[0m     ~~~~~~~~~~~~~~~~~~~~~~~~^^^^^^^^^^^^^^^^^^^^^^^^^^^^^^
[36m(CpuApproximationActor pid=3413783)[0m                              map(core.shaped_abstractify, args),
[36m(CpuApproximationActor pid=3413783)[0m                              ^^^^^^^^^^^^^^^^^^^^^^^^^^^^^^^^^^^
[36m(CpuApproximationActor pid=3413783)[0m                              self._all_args_info.debug_info)
[36m(CpuApproximationActor pid=3413783)[0m                              ^^^^^^^^^^^^^^^^^^^^^^^^^^^^^^^
[36m(CpuApproximationActor pid=3413783)[0m   File "/Users/assmuth/dsnn/.venv/lib/python3.13/site-packages/jax/_src/interpreters/pxla.py", line 1998, in check_arg_avals_for_call
[36m(CpuApproximationActor pid=3413783)[0m     raise TypeError(
[36m(CpuApproximationActor pid=3413783)[0m     ...<3 lines>...
[36m(CpuApproximationActor pid=3413783)[0m         f"{num_mismatch_str} mismatches are:\n{str_errors}")
[36m(CpuApproximationActor pid=3413783)[0m TypeError: Argument types differ from the types for which this computation was compiled. Perhaps you are calling the compiled executable with a different enable_x64 mode than when it was AOT compiled? The mismatches are:
[36m(CpuApproximationActor pid=3413783)[0m Argument 'x' compiled with float32[16,64] and called with float32[16,4]
[36m(CpuApproximationActor pid=3413783)[0m Argument 'y' compiled with float32[16,64] and called with float32[16,4]
[36m(CpuApproximationActor pid=3413783)[0m [SENTINEL-VERBOSE] ==================================================
[36m(CpuApproximationActor pid=3413784)[0m     v0(vertex_id=11): COMPRESS(axis=1,kind=abs_max)
[36m(CpuApproximationActor pid=3413784)[0m     v1(vertex_id=9): COMPRESS(axis=1,kind=abs_max)
[36m(CpuApproximationActor pid=3413784)[0m     v3(vertex_id=7): COMPRESS(axis=1,kind=abs_max)
[36m(CpuApproximationActor pid=3413784)[0m     v4(vertex_id=2): DIAG(bi1=0,bi2=0,factor=2)
[36m(CpuApproximationActor pid=3413784)[0m     v5(vertex_id=4): COMPRESS(axis=1,kind=abs_max)
[36m(CpuApproximationActor pid=3413784)[0m     v6(vertex_id=1): COMPRESS(axis=0,kind=abs_max)
[36m(CpuApproximationActor pid=3413784)[0m     v8(vertex_id=6): COMPRESS(axis=0,kind=abs_max)
[36m(CpuApproximationActor pid=3413784)[0m     v9(vertex_id=8): COMPRESS(axis=0,kind=abs_max)
[36m(CpuApproximationActor pid=3413784)[0m     v10(vertex_id=5): COMPRESS(axis=1,kind=abs_max)
[36m(CpuApproximationActor pid=3413784)[0m     v11(vertex_id=10): COMPRESS(axis=0,kind=abs_max)
[36m(CpuApproximationActor pid=3413785)[0m     v0(vertex_id=1): COMPRESS(axis=1,kind=abs_max)
[36m(CpuApproximationActor pid=3413785)[0m     v1(vertex_id=2): COMPRESS(axis=0,kind=abs_max)
[36m(CpuApproximationActor pid=3413785)[0m     v3(vertex_id=9): COMPRESS(axis=1,kind=abs_max)
[36m(CpuApproximationActor pid=3413785)[0m     v4(vertex_id=6): COMPRESS(axis=1,kind=abs_max)
[36m(CpuApproximationActor pid=3413785)[0m     v5(vertex_id=4): COMPRESS(axis=1,kind=abs_max)
[36m(CpuApproximationActor pid=3413785)[0m     v6(vertex_id=5): DIAG(bi1=1,bi2=0,factor=8)
[36m(CpuApproximationActor pid=3413785)[0m     v7(vertex_id=7): COMPRESS(axis=0,kind=abs_max)
[36m(CpuApproximationActor pid=3413785)[0m     v8(vertex_id=8): COMPRESS(axis=0,kind=abs_max)
[36m(CpuApproximationActor pid=3413785)[0m     v10(vertex_id=12): COMPRESS(axis=1,kind=abs_max)
[36m(CpuApproximationActor pid=3413785)[0m     v11(vertex_id=11): COMPRESS(axis=0,kind=abs_max)
[36m(CpuApproximationActor pid=3413784)[0m     v0(vertex_id=12): COMPRESS(axis=1,kind=abs_max)
[36m(CpuApproximationActor pid=3413784)[0m     v2(vertex_id=5): COMPRESS(axis=1,kind=abs_max)
[36m(CpuApproximationActor pid=3413784)[0m     v3(vertex_id=10): COMPRESS(axis=1,kind=abs_max)
[36m(CpuApproximationActor pid=3413784)[0m     v4(vertex_id=7): COMPRESS(axis=1,kind=abs_max)
[36m(CpuApproximationActor pid=3413784)[0m     v6(vertex_id=11): COMPRESS(axis=0,kind=abs_max)
[36m(CpuApproximationActor pid=3413784)[0m     v7(vertex_id=6): COMPRESS(axis=0,kind=abs_max)
[36m(CpuApproximationActor pid=3413784)[0m     v9(vertex_id=2): COMPRESS(axis=1,kind=abs_max)
[36m(CpuApproximationActor pid=3413784)[0m     v10(vertex_id=1): COMPRESS(axis=0,kind=abs_max)
[36m(PPOActor pid=3413782)[0m W0723 14:57:14.935949 3413782 text_format.cc:393] Warning parsing text-format xla.AutotuneResult: 5:10 (N = 2): text format contains deprecated field "split_k"
[36m(CpuApproximationActor pid=3413784)[0m /Users/assmuth/dsnn/graphax/src/graphax/jaxpr.py:779: UserWarning: jaxpr tokenizer: uncaptured value rendered as '?': 'jit'[32m [repeated 2x across cluster][0m
[36m(CpuApproximationActor pid=3413784)[0m   warnings.warn([32m [repeated 26x across cluster][0m
[36m(CpuApproximationActor pid=3413784)[0m /Users/assmuth/dsnn/graphax/src/graphax/jaxpr.py:779: UserWarning: jaxpr tokenizer: uncaptured value rendered as '?': 'compiler_options_kvs'[32m [repeated 2x across cluster][0m
[36m(CpuApproximationActor pid=3413784)[0m /Users/assmuth/dsnn/graphax/src/graphax/jaxpr.py:779: UserWarning: jaxpr tokenizer: uncaptured value rendered as '?': 'donated_invars'[32m [repeated 2x across cluster][0m
[36m(CpuApproximationActor pid=3413784)[0m /Users/assmuth/dsnn/graphax/src/graphax/jaxpr.py:779: UserWarning: jaxpr tokenizer: uncaptured value rendered as '?': 'in_layouts'[32m [repeated 2x across cluster][0m
[36m(CpuApproximationActor pid=3413784)[0m /Users/assmuth/dsnn/graphax/src/graphax/jaxpr.py:779: UserWarning: jaxpr tokenizer: uncaptured value rendered as '?': 'None'[32m [repeated 2x across cluster][0m
[36m(CpuApproximationActor pid=3413784)[0m /Users/assmuth/dsnn/graphax/src/graphax/jaxpr.py:779: UserWarning: jaxpr tokenizer: uncaptured value rendered as '?': 'in_shardings'[32m [repeated 2x across cluster][0m
[36m(CpuApproximationActor pid=3413784)[0m /Users/assmuth/dsnn/graphax/src/graphax/jaxpr.py:779: UserWarning: jaxpr tokenizer: uncaptured value rendered as '?': 'UnspecifiedValue'[32m [repeated 2x across cluster][0m
[36m(CpuApproximationActor pid=3413784)[0m /Users/assmuth/dsnn/graphax/src/graphax/jaxpr.py:779: UserWarning: jaxpr tokenizer: uncaptured value rendered as '?': 'inline'[32m [repeated 2x across cluster][0m
[36m(CpuApproximationActor pid=3413784)[0m /Users/assmuth/dsnn/graphax/src/graphax/jaxpr.py:779: UserWarning: jaxpr tokenizer: uncaptured value rendered as '?': 'keep_unused'[32m [repeated 2x across cluster][0m
[36m(CpuApproximationActor pid=3413784)[0m /Users/assmuth/dsnn/graphax/src/graphax/jaxpr.py:779: UserWarning: jaxpr tokenizer: uncaptured value rendered as '?': 'name'[32m [repeated 2x across cluster][0m
[36m(CpuApproximationActor pid=3413784)[0m /Users/assmuth/dsnn/graphax/src/graphax/jaxpr.py:779: UserWarning: jaxpr tokenizer: uncaptured value rendered as '?': '_where'[32m [repeated 2x across cluster][0m
[36m(CpuApproximationActor pid=3413784)[0m /Users/assmuth/dsnn/graphax/src/graphax/jaxpr.py:779: UserWarning: jaxpr tokenizer: uncaptured value rendered as '?': 'out_layouts'[32m [repeated 2x across cluster][0m
[36m(CpuApproximationActor pid=3413784)[0m /Users/assmuth/dsnn/graphax/src/graphax/jaxpr.py:779: UserWarning: jaxpr tokenizer: uncaptured value rendered as '?': 'out_shardings'[32m [repeated 2x across cluster][0m
[36m(PPOActor pid=3413782)[0m W0723 14:57:15.873540 3413782 text_format.cc:393] Warning parsing text-format xla.AutotuneResult: 5:10 (N = 4): text format contains deprecated field "split_k"
[36m(PPOActor pid=3413782)[0m [ppo_ray] 4/48 failed/sentinel transitions this episode (pool timeout / mem-gate / shape-storm); zeroing raw rewards, forcing dones.
[36m(CpuApproximationActor pid=3413784)[0m [SENTINEL] measure-exception step=12 order_len=12 terminal=True: TypeError: Argument types differ from the types for which this computation was compiled. Perhaps you are calling the compiled executable with a different enable_x64 mode than when it was AOT [32m [repeated 3x across cluster][0m
[36m(CpuApproximationActor pid=3413784)[0m [SENTINEL-VERBOSE] ==================================================[32m [repeated 6x across cluster][0m
[36m(CpuApproximationActor pid=3413784)[0m [SENTINEL-VERBOSE] step=12 order_len=12 terminal=True init=False point_idx=-1[32m [repeated 3x across cluster][0m
[36m(CpuApproximationActor pid=3413784)[0m [SENTINEL-VERBOSE] EXC TypeError: Argument types differ from the types for which this computation was compiled. Perhaps you are calling the compiled executable with a different enable_x64 mode than when it was AOT compiled? The mismatches are:[32m [repeated 3x across cluster][0m
[36m(CpuApproximationActor pid=3413784)[0m Argument 'x' compiled with float32[16,64] and called with float32[16,4][32m [repeated 6x across cluster][0m
[36m(CpuApproximationActor pid=3413784)[0m Argument 'y' compiled with float32[16,64] and called with float32[16,4][32m [repeated 6x across cluster][0m
[36m(CpuApproximationActor pid=3413784)[0m [SENTINEL-VERBOSE] ORDER (12): [12, 3, 5, 10, 7, 8, 11, 6, 4, 2, 1, 9][32m [repeated 3x across cluster][0m
[36m(CpuApproximationActor pid=3413784)[0m [SENTINEL-VERBOSE] MICRO-ACTIONS (per vertex, in elimination order):[32m [repeated 3x across cluster][0m
[36m(CpuApproximationActor pid=3413784)[0m [SENTINEL-VERBOSE] TRACEBACK:[32m [repeated 3x across cluster][0m
[36m(CpuApproximationActor pid=3413784)[0m Traceback (most recent call last):[32m [repeated 3x across cluster][0m
[36m(CpuApproximationActor pid=3413784)[0m   File "/Users/assmuth/dsnn/alphagrad/src/alphagrad/approx/cpu_approx_worker.py", line 257, in evaluate[32m [repeated 3x across cluster][0m
[36m(CpuApproximationActor pid=3413784)[0m     tokens, eqn_ids, reward = _callback([32m [repeated 3x across cluster][0m
[36m(CpuApproximationActor pid=3413784)[0m                               ~~~~~~~~~^[32m [repeated 3x across cluster][0m
[36m(CpuApproximationActor pid=3413784)[0m         self._config,[32m [repeated 3x across cluster][0m
[36m(CpuApproximationActor pid=3413784)[0m         ^^^^^^^^^^^^^[32m [repeated 3x across cluster][0m
[36m(CpuApproximationActor pid=3413784)[0m     ...<3 lines>...[32m [repeated 6x across cluster][0m
[36m(CpuApproximationActor pid=3413784)[0m         point_idx=int(point_idx),[32m [repeated 3x across cluster][0m
[36m(CpuApproximationActor pid=3413784)[0m         ^^^^^^^^^^^^^^^^^^^^^^^^^[32m [repeated 3x across cluster][0m
[36m(CpuApproximationActor pid=3413784)[0m     )[32m [repeated 3x across cluster][0m
[36m(CpuApproximationActor pid=3413784)[0m     ^[32m [repeated 3x across cluster][0m
[36m(CpuApproximationActor pid=3413784)[0m   File "/Users/assmuth/dsnn/alphagrad/src/alphagrad/approx/env.py", line 4003, in _callback[32m [repeated 3x across cluster][0m
[36m(CpuApproximationActor pid=3413784)[0m     out_approx = compiled_approx(*eval_args_i)[32m [repeated 3x across cluster][0m
[36m(CpuApproximationActor pid=3413784)[0m   File "/Users/assmuth/dsnn/.venv/lib/python3.13/site-packages/jax/_src/stages.py", line 884, in __call__[32m [repeated 3x across cluster][0m
[36m(CpuApproximationActor pid=3413784)[0m     return self._call(*args, **kwargs)[32m [repeated 3x across cluster][0m
[36m(CpuApproximationActor pid=3413784)[0m            ~~~~~~~~~~^^^^^^^^^^^^^^^^^[32m [repeated 3x across cluster][0m
[36m(CpuApproximationActor pid=3413784)[0m   File "/Users/assmuth/dsnn/.venv/lib/python3.13/site-packages/jax/_src/interpreters/pxla.py", line 1926, in aot_cache_miss[32m [repeated 3x across cluster][0m
[36m(CpuApproximationActor pid=3413784)[0m     outs, out_flat, args_flat = stages.Compiled.call(params, *args, **kwargs)[32m [repeated 3x across cluster][0m
[36m(CpuApproximationActor pid=3413784)[0m                                 ~~~~~~~~~~~~~~~~~~~~^^^^^^^^^^^^^^^^^^^^^^^^^[32m [repeated 3x across cluster][0m
[36m(CpuApproximationActor pid=3413784)[0m   File "/Users/assmuth/dsnn/.venv/lib/python3.13/site-packages/jax/_src/interpreters/pxla.py", line 1893, in call[32m [repeated 6x across cluster][0m
[36m(CpuApproximationActor pid=3413784)[0m     lo_outs = params.executable.call(*params.const_args, *args_flat)[32m [repeated 3x across cluster][0m
[36m(CpuApproximationActor pid=3413784)[0m     check_arg_avals_for_call(self._all_args_info.in_avals,[32m [repeated 3x across cluster][0m
[36m(CpuApproximationActor pid=3413784)[0m     ~~~~~~~~~~~~~~~~~~~~~~~~^^^^^^^^^^^^^^^^^^^^^^^^^^^^^^[32m [repeated 3x across cluster][0m
[36m(CpuApproximationActor pid=3413784)[0m                              map(core.shaped_abstractify, args),[32m [repeated 3x across cluster][0m
[36m(CpuApproximationActor pid=3413784)[0m                              ^^^^^^^^^^^^^^^^^^^^^^^^^^^^^^^^^^^[32m [repeated 3x across cluster][0m
[36m(CpuApproximationActor pid=3413784)[0m                              self._all_args_info.debug_info)[32m [repeated 3x across cluster][0m
[36m(CpuApproximationActor pid=3413784)[0m                              ^^^^^^^^^^^^^^^^^^^^^^^^^^^^^^^[32m [repeated 3x across cluster][0m
[36m(CpuApproximationActor pid=3413784)[0m   File "/Users/assmuth/dsnn/.venv/lib/python3.13/site-packages/jax/_src/interpreters/pxla.py", line 1998, in check_arg_avals_for_call[32m [repeated 3x across cluster][0m
[36m(CpuApproximationActor pid=3413784)[0m     raise TypeError([32m [repeated 3x across cluster][0m
[36m(CpuApproximationActor pid=3413784)[0m         f"{num_mismatch_str} mismatches are:\n{str_errors}")[32m [repeated 3x across cluster][0m
[36m(CpuApproximationActor pid=3413784)[0m TypeError: Argument types differ from the types for which this computation was compiled. Perhaps you are calling the compiled executable with a different enable_x64 mode than when it was AOT compiled? The mismatches are:[32m [repeated 3x across cluster][0m
[36m(PPOActor pid=3413782)[0m [ppo_ray][popart] ep=0 ev=-177727.419 adv(mean/std/absmax)=-0.066/0.060/0.161 flops: mu=+0 sig=1 frob_residual: mu=+0 sig=1
[36m(PPOActor pid=3413782)[0m W0723 14:57:24.359700 3413782 text_format.cc:393] Warning parsing text-format xla.AutotuneResult: 5:10 (N = 8): text format contains deprecated field "split_k"
[36m(PPOActor pid=3413782)[0m W0723 14:57:24.359883 3413782 text_format.cc:393] Warning parsing text-format xla.AutotuneResult: 5:10 (N = 16): text format contains deprecated field "split_k"
[36m(PPOActor pid=3413782)[0m W0723 14:57:24.360231 3413782 text_format.cc:393] Warning parsing text-format xla.AutotuneResult: 5:10 (N = 32): text format contains deprecated field "split_k"
[36m(PPOActor pid=3413782)[0m W0723 14:57:24.360799 3413782 text_format.cc:393] Warning parsing text-format xla.AutotuneResult: 5:10 (N = 64): text format contains deprecated field "split_k"
ppo_ray:   0%|▏                                                                                                                                 | 1/1000 [00:50<13:57:22, 50.29s/it]ppo_ray best:+0(ep0) mean:+0 loss(p/v):0.11/0.0015 ent:1.737 nan_skip:0:   0%|                                                                  | 1/1000 [00:50<13:57:22, 50.29s/it][36m(PPOActor pid=3413782)[0m [ppo_ray][kl-stop] ep=0 approx_kl_percomp(mean)=0.2872 > target 0.15 after mb 2/4 (joint_kl mean=0.740) -- stopping remaining updates.
[36m(PPOActor pid=3413782)[0m [ppo_ray] anti-degen: excluded 4 degenerate/failed terminal env(s) from best_overall.
[36m(CpuApproximationActor pid=3413784)[0m [per-face] builds=200 applied=0 skipped=0 applied_frac=0.000
[36m(CpuApproximationActor pid=3413784)[0m [SENTINEL] measure-exception step=12 order_len=12 terminal=True: TypeError: Argument types differ from the types for which this computation was compiled. Perhaps you are calling the compiled executable with a different enable_x64 mode than when it was AOT 
[36m(CpuApproximationActor pid=3413784)[0m [SENTINEL-VERBOSE] ==================================================
[36m(CpuApproximationActor pid=3413784)[0m [SENTINEL-VERBOSE] step=12 order_len=12 terminal=True init=False point_idx=-1
[36m(CpuApproximationActor pid=3413784)[0m [SENTINEL-VERBOSE] EXC TypeError: Argument types differ from the types for which this computation was compiled. Perhaps you are calling the compiled executable with a different enable_x64 mode than when it was AOT compiled? The mismatches are:
[36m(CpuApproximationActor pid=3413784)[0m Argument 'x' compiled with float32[16,64] and called with float32[16,4]
[36m(CpuApproximationActor pid=3413784)[0m Argument 'y' compiled with float32[16,64] and called with float32[16,4]
[36m(CpuApproximationActor pid=3413784)[0m [SENTINEL-VERBOSE] ORDER (12): [7, 12, 11, 2, 5, 9, 1, 8, 3, 10, 6, 4]
[36m(CpuApproximationActor pid=3413784)[0m [SENTINEL-VERBOSE] MICRO-ACTIONS (per vertex, in elimination order):
[36m(CpuApproximationActor pid=3413784)[0m     v0(vertex_id=7): COMPRESS(axis=1,kind=abs_max)
[36m(CpuApproximationActor pid=3413784)[0m     v2(vertex_id=11): COMPRESS(axis=1,kind=abs_max)
[36m(CpuApproximationActor pid=3413784)[0m     v3(vertex_id=2): COMPRESS(axis=1,kind=abs_max)
[36m(CpuApproximationActor pid=3413784)[0m     v4(vertex_id=5): DIAG(bi1=1,bi2=1,factor=2)
[36m(CpuApproximationActor pid=3413784)[0m     v6(vertex_id=1): COMPRESS(axis=0,kind=abs_max)
[36m(CpuApproximationActor pid=3413784)[0m [SENTINEL-VERBOSE] TRACEBACK:
[36m(CpuApproximationActor pid=3413784)[0m Traceback (most recent call last):
[36m(CpuApproximationActor pid=3413784)[0m   File "/Users/assmuth/dsnn/alphagrad/src/alphagrad/approx/cpu_approx_worker.py", line 257, in evaluate
[36m(CpuApproximationActor pid=3413784)[0m     tokens, eqn_ids, reward = _callback(
[36m(CpuApproximationActor pid=3413784)[0m                               ~~~~~~~~~^
[36m(CpuApproximationActor pid=3413784)[0m         self._config,
[36m(CpuApproximationActor pid=3413784)[0m         ^^^^^^^^^^^^^
[36m(CpuApproximationActor pid=3413784)[0m     ...<7 lines>...
[36m(CpuApproximationActor pid=3413784)[0m         point_idx=int(point_idx),
[36m(CpuApproximationActor pid=3413784)[0m         ^^^^^^^^^^^^^^^^^^^^^^^^^
[36m(CpuApproximationActor pid=3413784)[0m     )
[36m(CpuApproximationActor pid=3413784)[0m     ^
[36m(CpuApproximationActor pid=3413784)[0m   File "/Users/assmuth/dsnn/alphagrad/src/alphagrad/approx/env.py", line 4003, in _callback
[36m(CpuApproximationActor pid=3413784)[0m     out_approx = compiled_approx(*eval_args_i)
[36m(CpuApproximationActor pid=3413784)[0m   File "/Users/assmuth/dsnn/.venv/lib/python3.13/site-packages/jax/_src/stages.py", line 884, in __call__
[36m(CpuApproximationActor pid=3413784)[0m     return self._call(*args, **kwargs)
[36m(CpuApproximationActor pid=3413784)[0m            ~~~~~~~~~~^^^^^^^^^^^^^^^^^
[36m(CpuApproximationActor pid=3413784)[0m   File "/Users/assmuth/dsnn/.venv/lib/python3.13/site-packages/jax/_src/interpreters/pxla.py", line 1926, in aot_cache_miss
[36m(CpuApproximationActor pid=3413784)[0m     outs, out_flat, args_flat = stages.Compiled.call(params, *args, **kwargs)
[36m(CpuApproximationActor pid=3413784)[0m                                 ~~~~~~~~~~~~~~~~~~~~^^^^^^^^^^^^^^^^^^^^^^^^^
[36m(CpuApproximationActor pid=3413784)[0m   File "/Users/assmuth/dsnn/.venv/lib/python3.13/site-packages/jax/_src/stages.py", line 861, in call
[36m(CpuApproximationActor pid=3413784)[0m     lo_outs = params.executable.call(*params.const_args, *args_flat)
[36m(CpuApproximationActor pid=3413784)[0m   File "/Users/assmuth/dsnn/.venv/lib/python3.13/site-packages/jax/_src/interpreters/pxla.py", line 1893, in call
[36m(CpuApproximationActor pid=3413784)[0m     check_arg_avals_for_call(self._all_args_info.in_avals,
[36m(CpuApproximationActor pid=3413784)[0m     ~~~~~~~~~~~~~~~~~~~~~~~~^^^^^^^^^^^^^^^^^^^^^^^^^^^^^^
[36m(CpuApproximationActor pid=3413784)[0m                              map(core.shaped_abstractify, args),
[36m(CpuApproximationActor pid=3413784)[0m                              ^^^^^^^^^^^^^^^^^^^^^^^^^^^^^^^^^^^
[36m(CpuApproximationActor pid=3413784)[0m                              self._all_args_info.debug_info)
[36m(CpuApproximationActor pid=3413784)[0m                              ^^^^^^^^^^^^^^^^^^^^^^^^^^^^^^^
[36m(CpuApproximationActor pid=3413784)[0m   File "/Users/assmuth/dsnn/.venv/lib/python3.13/site-packages/jax/_src/interpreters/pxla.py", line 1998, in check_arg_avals_for_call
[36m(CpuApproximationActor pid=3413784)[0m     raise TypeError(
[36m(CpuApproximationActor pid=3413784)[0m     ...<3 lines>...
[36m(CpuApproximationActor pid=3413784)[0m         f"{num_mismatch_str} mismatches are:\n{str_errors}")
[36m(CpuApproximationActor pid=3413784)[0m TypeError: Argument types differ from the types for which this computation was compiled. Perhaps you are calling the compiled executable with a different enable_x64 mode than when it was AOT compiled? The mismatches are:
[36m(CpuApproximationActor pid=3413784)[0m Argument 'x' compiled with float32[16,64] and called with float32[16,4]
[36m(CpuApproximationActor pid=3413784)[0m Argument 'y' compiled with float32[16,64] and called with float32[16,4]
[36m(CpuApproximationActor pid=3413784)[0m [SENTINEL-VERBOSE] ==================================================
[36m(CpuApproximationActor pid=3413785)[0m     v7(vertex_id=1): DIAG(bi1=1,bi2=0,factor=2)
[36m(CpuApproximationActor pid=3413785)[0m     v11(vertex_id=10): COMPRESS(axis=1,kind=abs_max)
[36m(CpuApproximationActor pid=3413783)[0m     v1(vertex_id=10): COMPRESS(axis=1,kind=abs_max)
[36m(CpuApproximationActor pid=3413783)[0m     v4(vertex_id=12): COMPRESS(axis=1,kind=max)
[36m(CpuApproximationActor pid=3413783)[0m     v7(vertex_id=7): COMPRESS(axis=1,kind=abs_max)
[36m(CpuApproximationActor pid=3413783)[0m     v8(vertex_id=6): COMPRESS(axis=0,kind=abs_max)
[36m(CpuApproximationActor pid=3413783)[0m     v9(vertex_id=4): COMPRESS(axis=1,kind=abs_max)
[36m(CpuApproximationActor pid=3413784)[0m     v0(vertex_id=4): COMPRESS(axis=1,kind=abs_max)
[36m(CpuApproximationActor pid=3413784)[0m     v1(vertex_id=1): COMPRESS(axis=1,kind=abs_max)
[36m(CpuApproximationActor pid=3413784)[0m     v5(vertex_id=6): COMPRESS(axis=0,kind=abs_max)
[36m(CpuApproximationActor pid=3413784)[0m     v6(vertex_id=7): COMPRESS(axis=1,kind=abs_max)
[36m(CpuApproximationActor pid=3413784)[0m     v7(vertex_id=3): COMPRESS(axis=1,kind=abs_max)
[36m(CpuApproximationActor pid=3413784)[0m     v8(vertex_id=10): COMPRESS(axis=0,kind=abs_min)
[36m(CpuApproximationActor pid=3413784)[0m     v9(vertex_id=11): COMPRESS(axis=1,kind=abs_max)
[36m(PPOActor pid=3413782)[0m [ppo_ray] 4/48 failed/sentinel transitions this episode (pool timeout / mem-gate / shape-storm); zeroing raw rewards, forcing dones.
[36m(PPOActor pid=3413782)[0m [ppo_ray][popart] ep=1 ev=-151183.901 adv(mean/std/absmax)=+0.091/0.042/0.168 flops: mu=+0 sig=1 frob_residual: mu=+0 sig=1
ppo_ray best:+0(ep0) mean:+0 loss(p/v):0.11/0.0015 ent:1.737 nan_skip:0:   0%|▏                                                                  | 2/1000 [01:01<7:29:38, 27.03s/it]ppo_ray best:+0(ep0) mean:+0 loss(p/v):-0.061/0.00089 ent:2.231 nan_skip:0:   0%|▏                                                               | 2/1000 [01:01<7:29:38, 27.03s/it][36m(PPOActor pid=3413782)[0m [ppo_ray] anti-degen: excluded 4 degenerate/failed terminal env(s) from best_overall.
[36m(CpuApproximationActor pid=3413784)[0m [SENTINEL] measure-exception step=12 order_len=12 terminal=True: TypeError: Argument types differ from the types for which this computation was compiled. Perhaps you are calling the compiled executable with a different enable_x64 mode than when it was AOT [32m [repeated 3x across cluster][0m
[36m(CpuApproximationActor pid=3413784)[0m [SENTINEL-VERBOSE] ==================================================[32m [repeated 6x across cluster][0m
[36m(CpuApproximationActor pid=3413784)[0m [SENTINEL-VERBOSE] step=12 order_len=12 terminal=True init=False point_idx=-1[32m [repeated 3x across cluster][0m
[36m(CpuApproximationActor pid=3413784)[0m [SENTINEL-VERBOSE] EXC TypeError: Argument types differ from the types for which this computation was compiled. Perhaps you are calling the compiled executable with a different enable_x64 mode than when it was AOT compiled? The mismatches are:[32m [repeated 3x across cluster][0m
[36m(CpuApproximationActor pid=3413784)[0m Argument 'x' compiled with float32[16,64] and called with float32[16,4][32m [repeated 6x across cluster][0m
[36m(CpuApproximationActor pid=3413784)[0m Argument 'y' compiled with float32[16,64] and called with float32[16,4][32m [repeated 6x across cluster][0m
[36m(CpuApproximationActor pid=3413784)[0m [SENTINEL-VERBOSE] ORDER (12): [4, 1, 2, 9, 5, 6, 7, 3, 10, 11, 12, 8][32m [repeated 3x across cluster][0m
[36m(CpuApproximationActor pid=3413784)[0m [SENTINEL-VERBOSE] MICRO-ACTIONS (per vertex, in elimination order):[32m [repeated 3x across cluster][0m
[36m(CpuApproximationActor pid=3413784)[0m [SENTINEL-VERBOSE] TRACEBACK:[32m [repeated 3x across cluster][0m
[36m(CpuApproximationActor pid=3413784)[0m Traceback (most recent call last):[32m [repeated 3x across cluster][0m
[36m(CpuApproximationActor pid=3413784)[0m   File "/Users/assmuth/dsnn/alphagrad/src/alphagrad/approx/cpu_approx_worker.py", line 257, in evaluate[32m [repeated 3x across cluster][0m
[36m(CpuApproximationActor pid=3413784)[0m     tokens, eqn_ids, reward = _callback([32m [repeated 3x across cluster][0m
[36m(CpuApproximationActor pid=3413784)[0m                               ~~~~~~~~~^[32m [repeated 3x across cluster][0m
[36m(CpuApproximationActor pid=3413784)[0m         self._config,[32m [repeated 3x across cluster][0m
[36m(CpuApproximationActor pid=3413784)[0m         ^^^^^^^^^^^^^[32m [repeated 3x across cluster][0m
[36m(CpuApproximationActor pid=3413784)[0m     ...<3 lines>...[32m [repeated 6x across cluster][0m
[36m(CpuApproximationActor pid=3413784)[0m         point_idx=int(point_idx),[32m [repeated 3x across cluster][0m
[36m(CpuApproximationActor pid=3413784)[0m         ^^^^^^^^^^^^^^^^^^^^^^^^^[32m [repeated 3x across cluster][0m
[36m(CpuApproximationActor pid=3413784)[0m     )[32m [repeated 3x across cluster][0m
[36m(CpuApproximationActor pid=3413784)[0m     ^[32m [repeated 3x across cluster][0m
[36m(CpuApproximationActor pid=3413784)[0m   File "/Users/assmuth/dsnn/alphagrad/src/alphagrad/approx/env.py", line 4003, in _callback[32m [repeated 3x across cluster][0m
[36m(CpuApproximationActor pid=3413784)[0m     out_approx = compiled_approx(*eval_args_i)[32m [repeated 3x across cluster][0m
[36m(CpuApproximationActor pid=3413784)[0m   File "/Users/assmuth/dsnn/.venv/lib/python3.13/site-packages/jax/_src/stages.py", line 884, in __call__[32m [repeated 3x across cluster][0m
[36m(CpuApproximationActor pid=3413784)[0m     return self._call(*args, **kwargs)[32m [repeated 3x across cluster][0m
[36m(CpuApproximationActor pid=3413784)[0m            ~~~~~~~~~~^^^^^^^^^^^^^^^^^[32m [repeated 3x across cluster][0m
[36m(CpuApproximationActor pid=3413784)[0m   File "/Users/assmuth/dsnn/.venv/lib/python3.13/site-packages/jax/_src/interpreters/pxla.py", line 1926, in aot_cache_miss[32m [repeated 3x across cluster][0m
[36m(CpuApproximationActor pid=3413784)[0m     outs, out_flat, args_flat = stages.Compiled.call(params, *args, **kwargs)[32m [repeated 3x across cluster][0m
[36m(CpuApproximationActor pid=3413784)[0m                                 ~~~~~~~~~~~~~~~~~~~~^^^^^^^^^^^^^^^^^^^^^^^^^[32m [repeated 3x across cluster][0m
[36m(CpuApproximationActor pid=3413784)[0m   File "/Users/assmuth/dsnn/.venv/lib/python3.13/site-packages/jax/_src/interpreters/pxla.py", line 1893, in call[32m [repeated 6x across cluster][0m
[36m(CpuApproximationActor pid=3413784)[0m     lo_outs = params.executable.call(*params.const_args, *args_flat)[32m [repeated 3x across cluster][0m
[36m(CpuApproximationActor pid=3413784)[0m     check_arg_avals_for_call(self._all_args_info.in_avals,[32m [repeated 3x across cluster][0m
[36m(CpuApproximationActor pid=3413784)[0m     ~~~~~~~~~~~~~~~~~~~~~~~~^^^^^^^^^^^^^^^^^^^^^^^^^^^^^^[32m [repeated 3x across cluster][0m
[36m(CpuApproximationActor pid=3413784)[0m                              map(core.shaped_abstractify, args),[32m [repeated 3x across cluster][0m
[36m(CpuApproximationActor pid=3413784)[0m                              ^^^^^^^^^^^^^^^^^^^^^^^^^^^^^^^^^^^[32m [repeated 3x across cluster][0m
[36m(CpuApproximationActor pid=3413784)[0m                              self._all_args_info.debug_info)[32m [repeated 3x across cluster][0m
[36m(CpuApproximationActor pid=3413784)[0m                              ^^^^^^^^^^^^^^^^^^^^^^^^^^^^^^^[32m [repeated 3x across cluster][0m
[36m(CpuApproximationActor pid=3413784)[0m   File "/Users/assmuth/dsnn/.venv/lib/python3.13/site-packages/jax/_src/interpreters/pxla.py", line 1998, in check_arg_avals_for_call[32m [repeated 3x across cluster][0m
[36m(CpuApproximationActor pid=3413784)[0m     raise TypeError([32m [repeated 3x across cluster][0m
[36m(CpuApproximationActor pid=3413784)[0m         f"{num_mismatch_str} mismatches are:\n{str_errors}")[32m [repeated 3x across cluster][0m
[36m(CpuApproximationActor pid=3413784)[0m TypeError: Argument types differ from the types for which this computation was compiled. Perhaps you are calling the compiled executable with a different enable_x64 mode than when it was AOT compiled? The mismatches are:[32m [repeated 3x across cluster][0m
[36m(CpuApproximationActor pid=3415722)[0m W0723 14:58:08.362343 3415722 text_format.cc:393] Warning parsing text-format xla.TritonGemmConfigsProto: 15:53 (N = 1): text format contains deprecated field "split_k"
[36m(CpuApproximationActor pid=3415722)[0m W0723 14:58:08.362366 3415722 text_format.cc:393] Warning parsing text-format xla.TritonGemmConfigsProto: 16:53 (N = 2): text format contains deprecated field "split_k"
[36m(CpuApproximationActor pid=3415722)[0m W0723 14:58:08.362373 3415722 text_format.cc:393] Warning parsing text-format xla.TritonGemmConfigsProto: 18:53 (N = 4): text format contains deprecated field "split_k"
[36m(CpuApproximationActor pid=3415722)[0m W0723 14:58:08.362381 3415722 text_format.cc:393] Warning parsing text-format xla.TritonGemmConfigsProto: 22:53 (N = 8): text format contains deprecated field "split_k"
[36m(CpuApproximationActor pid=3415722)[0m W0723 14:58:08.362394 3415722 text_format.cc:393] Warning parsing text-format xla.TritonGemmConfigsProto: 30:53 (N = 16): text format contains deprecated field "split_k"
[36m(CpuApproximationActor pid=3415722)[0m W0723 14:58:08.362422 3415722 text_format.cc:393] Warning parsing text-format xla.TritonGemmConfigsProto: 16:52 (N = 32): text format contains deprecated field "split_k"
[36m(CpuApproximationActor pid=3415722)[0m W0723 14:58:08.362472 3415722 text_format.cc:393] Warning parsing text-format xla.TritonGemmConfigsProto: 48:53 (N = 64): text format contains deprecated field "split_k"
[36m(CpuApproximationActor pid=3415722)[0m W0723 14:58:08.362569 3415722 text_format.cc:393] Warning parsing text-format xla.TritonGemmConfigsProto: 78:53 (N = 128): text format contains deprecated field "split_k"
[36m(CpuApproximationActor pid=3415722)[0m W0723 14:58:08.362753 3415722 text_format.cc:393] Warning parsing text-format xla.TritonGemmConfigsProto: 36:55 (N = 256): text format contains deprecated field "split_k"
[36m(CpuApproximationActor pid=3415722)[0m [cpu_approx_worker pid=3415722] env: ALPHAGRAD_EXACT_ONLY=1 ALPHAGRAD_EXAMPLE_WIDTH=64 ALPHAGRAD_FACE_TRANSFORMS=0 ALPHAGRAD_MEASURE_VIA_AOJ=0 ALPHAGRAD_PER_FACE_MVP=0 ALPHAGRAD_POLICY=palimpsa JAX_COMPILATION_CACHE_DIR=/tmp/dsnn-jax-cache-55181-pgi15-gpu9
[36m(CpuApproximationActor pid=3415722)[0m [measure-actor 4] host=pgi15-gpu9.iff.kfa-juelich.de CUDA_VISIBLE_DEVICES=1 jax_devices=[CudaDevice(id=0)]
[36m(PPOActor pid=3413782)[0m [per-face] builds=400 applied=0 skipped=0 applied_frac=0.000
[36m(CpuApproximationActor pid=3415722)[0m /Users/assmuth/dsnn/graphax/src/graphax/jaxpr.py:779: UserWarning: jaxpr tokenizer: uncaptured value rendered as '?': 'jit'
[36m(CpuApproximationActor pid=3415722)[0m   warnings.warn(
[36m(CpuApproximationActor pid=3415722)[0m /Users/assmuth/dsnn/graphax/src/graphax/jaxpr.py:779: UserWarning: jaxpr tokenizer: uncaptured value rendered as '?': 'compiler_options_kvs'
[36m(CpuApproximationActor pid=3415722)[0m   warnings.warn(
[36m(CpuApproximationActor pid=3415722)[0m /Users/assmuth/dsnn/graphax/src/graphax/jaxpr.py:779: UserWarning: jaxpr tokenizer: uncaptured value rendered as '?': 'donated_invars'
[36m(CpuApproximationActor pid=3415722)[0m   warnings.warn(
[36m(CpuApproximationActor pid=3415722)[0m /Users/assmuth/dsnn/graphax/src/graphax/jaxpr.py:779: UserWarning: jaxpr tokenizer: uncaptured value rendered as '?': 'in_layouts'
[36m(CpuApproximationActor pid=3415722)[0m   warnings.warn(
[36m(CpuApproximationActor pid=3415722)[0m /Users/assmuth/dsnn/graphax/src/graphax/jaxpr.py:779: UserWarning: jaxpr tokenizer: uncaptured value rendered as '?': 'None'
[36m(CpuApproximationActor pid=3415722)[0m   warnings.warn(
[36m(CpuApproximationActor pid=3415722)[0m /Users/assmuth/dsnn/graphax/src/graphax/jaxpr.py:779: UserWarning: jaxpr tokenizer: uncaptured value rendered as '?': 'in_shardings'
[36m(CpuApproximationActor pid=3415722)[0m   warnings.warn(
[36m(CpuApproximationActor pid=3415722)[0m /Users/assmuth/dsnn/graphax/src/graphax/jaxpr.py:779: UserWarning: jaxpr tokenizer: uncaptured value rendered as '?': 'UnspecifiedValue'
[36m(CpuApproximationActor pid=3415722)[0m   warnings.warn(
[36m(CpuApproximationActor pid=3415722)[0m /Users/assmuth/dsnn/graphax/src/graphax/jaxpr.py:779: UserWarning: jaxpr tokenizer: uncaptured value rendered as '?': 'inline'
[36m(CpuApproximationActor pid=3415722)[0m   warnings.warn(
[36m(CpuApproximationActor pid=3415722)[0m /Users/assmuth/dsnn/graphax/src/graphax/jaxpr.py:779: UserWarning: jaxpr tokenizer: uncaptured value rendered as '?': 'keep_unused'
[36m(CpuApproximationActor pid=3415722)[0m   warnings.warn(
[36m(CpuApproximationActor pid=3415722)[0m /Users/assmuth/dsnn/graphax/src/graphax/jaxpr.py:779: UserWarning: jaxpr tokenizer: uncaptured value rendered as '?': 'name'
[36m(CpuApproximationActor pid=3415722)[0m   warnings.warn(
[36m(CpuApproximationActor pid=3415722)[0m /Users/assmuth/dsnn/graphax/src/graphax/jaxpr.py:779: UserWarning: jaxpr tokenizer: uncaptured value rendered as '?': '_where'
[36m(CpuApproximationActor pid=3415722)[0m   warnings.warn(
[36m(CpuApproximationActor pid=3415722)[0m /Users/assmuth/dsnn/graphax/src/graphax/jaxpr.py:779: UserWarning: jaxpr tokenizer: uncaptured value rendered as '?': 'out_layouts'
[36m(CpuApproximationActor pid=3415722)[0m   warnings.warn(
[36m(CpuApproximationActor pid=3415722)[0m /Users/assmuth/dsnn/graphax/src/graphax/jaxpr.py:779: UserWarning: jaxpr tokenizer: uncaptured value rendered as '?': 'out_shardings'
[36m(CpuApproximationActor pid=3415722)[0m   warnings.warn(
[36m(CpuApproximationActor pid=3413783)[0m [SENTINEL] measure-exception step=12 order_len=12 terminal=True: TypeError: Argument types differ from the types for which this computation was compiled. Perhaps you are calling the compiled executable with a different enable_x64 mode than when it was AOT 
[36m(CpuApproximationActor pid=3413783)[0m [SENTINEL-VERBOSE] ==================================================
[36m(CpuApproximationActor pid=3413783)[0m [SENTINEL-VERBOSE] step=12 order_len=12 terminal=True init=False point_idx=-1
[36m(CpuApproximationActor pid=3413783)[0m [SENTINEL-VERBOSE] EXC TypeError: Argument types differ from the types for which this computation was compiled. Perhaps you are calling the compiled executable with a different enable_x64 mode than when it was AOT compiled? The mismatches are:
[36m(CpuApproximationActor pid=3413783)[0m Argument 'x' compiled with float32[16,64] and called with float32[16,4]
[36m(CpuApproximationActor pid=3413783)[0m Argument 'y' compiled with float32[16,64] and called with float32[16,4]
[36m(CpuApproximationActor pid=3413783)[0m [SENTINEL-VERBOSE] ORDER (12): [5, 1, 8, 12, 10, 6, 2, 7, 11, 3, 4, 9]
[36m(CpuApproximationActor pid=3413783)[0m [SENTINEL-VERBOSE] MICRO-ACTIONS (per vertex, in elimination order):
[36m(CpuApproximationActor pid=3413783)[0m     v0(vertex_id=5): DIAG(bi1=1,bi2=1,factor=2)
[36m(CpuApproximationActor pid=3413783)[0m     v3(vertex_id=12): COMPRESS(axis=1,kind=abs_max)
[36m(CpuApproximationActor pid=3413783)[0m     v6(vertex_id=2): COMPRESS(axis=1,kind=abs_max)
[36m(CpuApproximationActor pid=3413783)[0m     v8(vertex_id=11): QUANT(dtype=float8_e8m0fnu)
[36m(CpuApproximationActor pid=3413783)[0m [SENTINEL-VERBOSE] TRACEBACK:
[36m(CpuApproximationActor pid=3413783)[0m Traceback (most recent call last):
[36m(CpuApproximationActor pid=3413783)[0m   File "/Users/assmuth/dsnn/alphagrad/src/alphagrad/approx/cpu_approx_worker.py", line 257, in evaluate
[36m(CpuApproximationActor pid=3413783)[0m     tokens, eqn_ids, reward = _callback(
[36m(CpuApproximationActor pid=3413783)[0m                               ~~~~~~~~~^
[36m(CpuApproximationActor pid=3413783)[0m         self._config,
[36m(CpuApproximationActor pid=3413783)[0m         ^^^^^^^^^^^^^
[36m(CpuApproximationActor pid=3413783)[0m     ...<7 lines>...
[36m(CpuApproximationActor pid=3413783)[0m         point_idx=int(point_idx),
[36m(CpuApproximationActor pid=3413783)[0m         ^^^^^^^^^^^^^^^^^^^^^^^^^
[36m(CpuApproximationActor pid=3413783)[0m     )
[36m(CpuApproximationActor pid=3413783)[0m     ^
[36m(CpuApproximationActor pid=3413783)[0m   File "/Users/assmuth/dsnn/alphagrad/src/alphagrad/approx/env.py", line 4003, in _callback
[36m(CpuApproximationActor pid=3413783)[0m     out_approx = compiled_approx(*eval_args_i)
[36m(CpuApproximationActor pid=3413783)[0m   File "/Users/assmuth/dsnn/.venv/lib/python3.13/site-packages/jax/_src/stages.py", line 884, in __call__
[36m(CpuApproximationActor pid=3413783)[0m     return self._call(*args, **kwargs)
[36m(CpuApproximationActor pid=3413783)[0m            ~~~~~~~~~~^^^^^^^^^^^^^^^^^
[36m(CpuApproximationActor pid=3413783)[0m   File "/Users/assmuth/dsnn/.venv/lib/python3.13/site-packages/jax/_src/interpreters/pxla.py", line 1926, in aot_cache_miss
[36m(CpuApproximationActor pid=3413783)[0m     outs, out_flat, args_flat = stages.Compiled.call(params, *args, **kwargs)
[36m(CpuApproximationActor pid=3413783)[0m                                 ~~~~~~~~~~~~~~~~~~~~^^^^^^^^^^^^^^^^^^^^^^^^^
[36m(CpuApproximationActor pid=3413783)[0m   File "/Users/assmuth/dsnn/.venv/lib/python3.13/site-packages/jax/_src/stages.py", line 861, in call
[36m(CpuApproximationActor pid=3413783)[0m     lo_outs = params.executable.call(*params.const_args, *args_flat)
[36m(CpuApproximationActor pid=3413783)[0m   File "/Users/assmuth/dsnn/.venv/lib/python3.13/site-packages/jax/_src/interpreters/pxla.py", line 1893, in call
[36m(CpuApproximationActor pid=3413783)[0m     check_arg_avals_for_call(self._all_args_info.in_avals,
[36m(CpuApproximationActor pid=3413783)[0m     ~~~~~~~~~~~~~~~~~~~~~~~~^^^^^^^^^^^^^^^^^^^^^^^^^^^^^^
[36m(CpuApproximationActor pid=3413783)[0m                              map(core.shaped_abstractify, args),
[36m(CpuApproximationActor pid=3413783)[0m                              ^^^^^^^^^^^^^^^^^^^^^^^^^^^^^^^^^^^
[36m(CpuApproximationActor pid=3413783)[0m                              self._all_args_info.debug_info)
[36m(CpuApproximationActor pid=3413783)[0m                              ^^^^^^^^^^^^^^^^^^^^^^^^^^^^^^^
[36m(CpuApproximationActor pid=3413783)[0m   File "/Users/assmuth/dsnn/.venv/lib/python3.13/site-packages/jax/_src/interpreters/pxla.py", line 1998, in check_arg_avals_for_call
[36m(CpuApproximationActor pid=3413783)[0m     raise TypeError(
[36m(CpuApproximationActor pid=3413783)[0m     ...<3 lines>...
[36m(CpuApproximationActor pid=3413783)[0m         f"{num_mismatch_str} mismatches are:\n{str_errors}")
[36m(CpuApproximationActor pid=3413783)[0m TypeError: Argument types differ from the types for which this computation was compiled. Perhaps you are calling the compiled executable with a different enable_x64 mode than when it was AOT compiled? The mismatches are:
[36m(CpuApproximationActor pid=3413783)[0m Argument 'x' compiled with float32[16,64] and called with float32[16,4]
[36m(CpuApproximationActor pid=3413783)[0m Argument 'y' compiled with float32[16,64] and called with float32[16,4]
[36m(CpuApproximationActor pid=3413783)[0m [SENTINEL-VERBOSE] ==================================================
[36m(CpuApproximationActor pid=3413785)[0m     v1(vertex_id=7): COMPRESS(axis=1,kind=abs_max)
[36m(CpuApproximationActor pid=3413785)[0m     v5(vertex_id=4): QUANT(dtype=float8_e8m0fnu)
[36m(CpuApproximationActor pid=3413785)[0m     v9(vertex_id=3): DIAG(bi1=1,bi2=0,factor=8)
[36m(CpuApproximationActor pid=3413785)[0m     v11(vertex_id=6): COMPRESS(axis=0,kind=max)
[36m(CpuApproximationActor pid=3415722)[0m     v0(vertex_id=7): COMPRESS(axis=1,kind=abs_max)
[36m(CpuApproximationActor pid=3415722)[0m     v5(vertex_id=2): DIAG(bi1=0,bi2=0,factor=2)
[36m(CpuApproximationActor pid=3415722)[0m     v8(vertex_id=5): COMPRESS(axis=1,kind=abs_max)
[36m(CpuApproximationActor pid=3413785)[0m     v8(vertex_id=5): DIAG(bi1=1,bi2=0,factor=2)
[36m(CpuApproximationActor pid=3413785)[0m     v9(vertex_id=6): COMPRESS(axis=1,kind=abs_max)
[36m(CpuApproximationActor pid=3413785)[0m     v10(vertex_id=7): COMPRESS(axis=0,kind=abs_max)
[36m(PPOActor pid=3413782)[0m [ppo_ray] 4/48 failed/sentinel transitions this episode (pool timeout / mem-gate / shape-storm); zeroing raw rewards, forcing dones.
[36m(PPOActor pid=3413782)[0m [ppo_ray][popart] ep=2 ev=-67853.784 adv(mean/std/absmax)=-0.018/0.030/0.085 flops: mu=+0 sig=1 frob_residual: mu=+0 sig=1
ppo_ray best:+0(ep0) mean:+0 loss(p/v):-0.061/0.00089 ent:2.231 nan_skip:0:   0%|▏                                                               | 3/1000 [01:20<6:28:35, 23.39s/it]ppo_ray best:+0(ep0) mean:+0 loss(p/v):0.017/0.00068 ent:2.606 nan_skip:0:   0%|▏                                                                | 3/1000 [01:20<6:28:35, 23.39s/it][36m(PPOActor pid=3413782)[0m [ppo_ray] anti-degen: excluded 4 degenerate/failed terminal env(s) from best_overall.
[36m(CpuApproximationActor pid=3413785)[0m [SENTINEL] measure-exception step=12 order_len=12 terminal=True: TypeError: Argument types differ from the types for which this computation was compiled. Perhaps you are calling the compiled executable with a different enable_x64 mode than when it was AOT [32m [repeated 3x across cluster][0m
[36m(CpuApproximationActor pid=3413785)[0m [SENTINEL-VERBOSE] ==================================================[32m [repeated 6x across cluster][0m
[36m(CpuApproximationActor pid=3413785)[0m [SENTINEL-VERBOSE] step=12 order_len=12 terminal=True init=False point_idx=-1[32m [repeated 3x across cluster][0m
[36m(CpuApproximationActor pid=3413785)[0m [SENTINEL-VERBOSE] EXC TypeError: Argument types differ from the types for which this computation was compiled. Perhaps you are calling the compiled executable with a different enable_x64 mode than when it was AOT compiled? The mismatches are:[32m [repeated 3x across cluster][0m
[36m(CpuApproximationActor pid=3413785)[0m Argument 'x' compiled with float32[16,64] and called with float32[16,4][32m [repeated 6x across cluster][0m
[36m(CpuApproximationActor pid=3413785)[0m Argument 'y' compiled with float32[16,64] and called with float32[16,4][32m [repeated 6x across cluster][0m
[36m(CpuApproximationActor pid=3413785)[0m [SENTINEL-VERBOSE] ORDER (12): [8, 4, 10, 2, 12, 11, 1, 3, 5, 6, 7, 9][32m [repeated 3x across cluster][0m
[36m(CpuApproximationActor pid=3413785)[0m [SENTINEL-VERBOSE] MICRO-ACTIONS (per vertex, in elimination order):[32m [repeated 3x across cluster][0m
[36m(CpuApproximationActor pid=3413785)[0m [SENTINEL-VERBOSE] TRACEBACK:[32m [repeated 3x across cluster][0m
[36m(CpuApproximationActor pid=3413785)[0m Traceback (most recent call last):[32m [repeated 3x across cluster][0m
[36m(CpuApproximationActor pid=3413785)[0m   File "/Users/assmuth/dsnn/alphagrad/src/alphagrad/approx/cpu_approx_worker.py", line 257, in evaluate[32m [repeated 3x across cluster][0m
[36m(CpuApproximationActor pid=3413785)[0m     tokens, eqn_ids, reward = _callback([32m [repeated 3x across cluster][0m
[36m(CpuApproximationActor pid=3413785)[0m                               ~~~~~~~~~^[32m [repeated 3x across cluster][0m
[36m(CpuApproximationActor pid=3413785)[0m         self._config,[32m [repeated 3x across cluster][0m
[36m(CpuApproximationActor pid=3413785)[0m         ^^^^^^^^^^^^^[32m [repeated 3x across cluster][0m
[36m(CpuApproximationActor pid=3413785)[0m     ...<3 lines>...[32m [repeated 6x across cluster][0m
[36m(CpuApproximationActor pid=3413785)[0m         point_idx=int(point_idx),[32m [repeated 3x across cluster][0m
[36m(CpuApproximationActor pid=3413785)[0m         ^^^^^^^^^^^^^^^^^^^^^^^^^[32m [repeated 3x across cluster][0m
[36m(CpuApproximationActor pid=3413785)[0m     )[32m [repeated 3x across cluster][0m
[36m(CpuApproximationActor pid=3413785)[0m     ^[32m [repeated 3x across cluster][0m
[36m(CpuApproximationActor pid=3413785)[0m   File "/Users/assmuth/dsnn/alphagrad/src/alphagrad/approx/env.py", line 4003, in _callback[32m [repeated 3x across cluster][0m
[36m(CpuApproximationActor pid=3413785)[0m     out_approx = compiled_approx(*eval_args_i)[32m [repeated 3x across cluster][0m
[36m(CpuApproximationActor pid=3413785)[0m   File "/Users/assmuth/dsnn/.venv/lib/python3.13/site-packages/jax/_src/stages.py", line 884, in __call__[32m [repeated 3x across cluster][0m
[36m(CpuApproximationActor pid=3413785)[0m     return self._call(*args, **kwargs)[32m [repeated 3x across cluster][0m
[36m(CpuApproximationActor pid=3413785)[0m            ~~~~~~~~~~^^^^^^^^^^^^^^^^^[32m [repeated 3x across cluster][0m
[36m(CpuApproximationActor pid=3413785)[0m   File "/Users/assmuth/dsnn/.venv/lib/python3.13/site-packages/jax/_src/interpreters/pxla.py", line 1926, in aot_cache_miss[32m [repeated 3x across cluster][0m
[36m(CpuApproximationActor pid=3413785)[0m     outs, out_flat, args_flat = stages.Compiled.call(params, *args, **kwargs)[32m [repeated 3x across cluster][0m
[36m(CpuApproximationActor pid=3413785)[0m                                 ~~~~~~~~~~~~~~~~~~~~^^^^^^^^^^^^^^^^^^^^^^^^^[32m [repeated 3x across cluster][0m
[36m(CpuApproximationActor pid=3413785)[0m   File "/Users/assmuth/dsnn/.venv/lib/python3.13/site-packages/jax/_src/interpreters/pxla.py", line 1893, in call[32m [repeated 6x across cluster][0m
[36m(CpuApproximationActor pid=3413785)[0m     lo_outs = params.executable.call(*params.const_args, *args_flat)[32m [repeated 3x across cluster][0m
[36m(CpuApproximationActor pid=3413785)[0m     check_arg_avals_for_call(self._all_args_info.in_avals,[32m [repeated 3x across cluster][0m
[36m(CpuApproximationActor pid=3413785)[0m     ~~~~~~~~~~~~~~~~~~~~~~~~^^^^^^^^^^^^^^^^^^^^^^^^^^^^^^[32m [repeated 3x across cluster][0m
[36m(CpuApproximationActor pid=3413785)[0m                              map(core.shaped_abstractify, args),[32m [repeated 3x across cluster][0m
[36m(CpuApproximationActor pid=3413785)[0m                              ^^^^^^^^^^^^^^^^^^^^^^^^^^^^^^^^^^^[32m [repeated 3x across cluster][0m
[36m(CpuApproximationActor pid=3413785)[0m                              self._all_args_info.debug_info)[32m [repeated 3x across cluster][0m
[36m(CpuApproximationActor pid=3413785)[0m                              ^^^^^^^^^^^^^^^^^^^^^^^^^^^^^^^[32m [repeated 3x across cluster][0m
[36m(CpuApproximationActor pid=3413785)[0m   File "/Users/assmuth/dsnn/.venv/lib/python3.13/site-packages/jax/_src/interpreters/pxla.py", line 1998, in check_arg_avals_for_call[32m [repeated 3x across cluster][0m
[36m(CpuApproximationActor pid=3413785)[0m     raise TypeError([32m [repeated 3x across cluster][0m
[36m(CpuApproximationActor pid=3413785)[0m         f"{num_mismatch_str} mismatches are:\n{str_errors}")[32m [repeated 3x across cluster][0m
[36m(CpuApproximationActor pid=3413785)[0m TypeError: Argument types differ from the types for which this computation was compiled. Perhaps you are calling the compiled executable with a different enable_x64 mode than when it was AOT compiled? The mismatches are:[32m [repeated 3x across cluster][0m
[36m(PPOActor pid=3413782)[0m [per-face] builds=600 applied=0 skipped=0 applied_frac=0.000
[36m(CpuApproximationActor pid=3413783)[0m     v0(vertex_id=8): QUANT(dtype=float8_e3m4)
[36m(CpuApproximationActor pid=3413783)[0m     v1(vertex_id=11): COMPRESS(axis=1,kind=abs_max)
[36m(CpuApproximationActor pid=3413783)[0m     v5(vertex_id=7): COMPRESS(axis=1,kind=abs_max)
[36m(CpuApproximationActor pid=3413783)[0m     v7(vertex_id=5): COMPRESS(axis=1,kind=abs_max)
[36m(CpuApproximationActor pid=3413783)[0m     v9(vertex_id=2): DIAG(bi1=0,bi2=0,factor=2)
[36m(CpuApproximationActor pid=3413783)[0m     v10(vertex_id=6): QUANT(dtype=float8_e8m0fnu)
[36m(CpuApproximationActor pid=3413783)[0m     v11(vertex_id=1): COMPRESS(axis=2,kind=abs_max)
[36m(CpuApproximationActor pid=3413785)[0m     v1(vertex_id=5): COMPRESS(axis=1,kind=abs_max)
[36m(CpuApproximationActor pid=3413785)[0m     v3(vertex_id=2): QUANT(dtype=float8_e3m4)
[36m(CpuApproximationActor pid=3413785)[0m     v6(vertex_id=6): COMPRESS(axis=1,kind=abs_max)
[36m(CpuApproximationActor pid=3413785)[0m     v7(vertex_id=7): QUANT(dtype=float8_e8m0fnu)
[36m(CpuApproximationActor pid=3413785)[0m     v8(vertex_id=8): QUANT(dtype=float8_e3m4)
[36m(CpuApproximationActor pid=3413785)[0m     v9(vertex_id=4): DIAG(bi1=1,bi2=1,factor=2)
[36m(CpuApproximationActor pid=3413785)[0m     v10(vertex_id=3): QUANT(dtype=float8_e8m0fnu)
[36m(CpuApproximationActor pid=3413785)[0m     v11(vertex_id=11): QUANT(dtype=float8_e8m0fnu)
[36m(CpuApproximationActor pid=3413785)[0m [SENTINEL] measure-exception step=12 order_len=12 terminal=True: TypeError: Argument types differ from the types for which this computation was compiled. Perhaps you are calling the compiled executable with a different enable_x64 mode than when it was AOT [32m [repeated 2x across cluster][0m
[36m(CpuApproximationActor pid=3413785)[0m [SENTINEL-VERBOSE] ==================================================[32m [repeated 4x across cluster][0m
[36m(CpuApproximationActor pid=3413785)[0m [SENTINEL-VERBOSE] step=12 order_len=12 terminal=True init=False point_idx=-1[32m [repeated 2x across cluster][0m
[36m(CpuApproximationActor pid=3413785)[0m [SENTINEL-VERBOSE] EXC TypeError: Argument types differ from the types for which this computation was compiled. Perhaps you are calling the compiled executable with a different enable_x64 mode than when it was AOT compiled? The mismatches are:[32m [repeated 2x across cluster][0m
[36m(CpuApproximationActor pid=3413785)[0m Argument 'x' compiled with float32[16,64] and called with float32[16,4][32m [repeated 4x across cluster][0m
[36m(CpuApproximationActor pid=3413785)[0m Argument 'y' compiled with float32[16,64] and called with float32[16,4][32m [repeated 4x across cluster][0m
[36m(CpuApproximationActor pid=3413785)[0m [SENTINEL-VERBOSE] ORDER (12): [12, 5, 1, 2, 9, 10, 6, 7, 8, 4, 3, 11][32m [repeated 2x across cluster][0m
[36m(CpuApproximationActor pid=3413785)[0m [SENTINEL-VERBOSE] MICRO-ACTIONS (per vertex, in elimination order):[32m [repeated 2x across cluster][0m
[36m(CpuApproximationActor pid=3413785)[0m [SENTINEL-VERBOSE] TRACEBACK:[32m [repeated 2x across cluster][0m
[36m(CpuApproximationActor pid=3413785)[0m Traceback (most recent call last):[32m [repeated 2x across cluster][0m
[36m(CpuApproximationActor pid=3413785)[0m   File "/Users/assmuth/dsnn/alphagrad/src/alphagrad/approx/cpu_approx_worker.py", line 257, in evaluate[32m [repeated 2x across cluster][0m
[36m(CpuApproximationActor pid=3413785)[0m     tokens, eqn_ids, reward = _callback([32m [repeated 2x across cluster][0m
[36m(CpuApproximationActor pid=3413785)[0m                               ~~~~~~~~~^[32m [repeated 2x across cluster][0m
[36m(CpuApproximationActor pid=3413785)[0m         self._config,[32m [repeated 2x across cluster][0m
[36m(CpuApproximationActor pid=3413785)[0m         ^^^^^^^^^^^^^[32m [repeated 2x across cluster][0m
[36m(CpuApproximationActor pid=3413785)[0m     ...<3 lines>...[32m [repeated 4x across cluster][0m
[36m(CpuApproximationActor pid=3413785)[0m         point_idx=int(point_idx),[32m [repeated 2x across cluster][0m
[36m(CpuApproximationActor pid=3413785)[0m         ^^^^^^^^^^^^^^^^^^^^^^^^^[32m [repeated 2x across cluster][0m
[36m(CpuApproximationActor pid=3413785)[0m     )[32m [repeated 2x across cluster][0m
[36m(CpuApproximationActor pid=3413785)[0m     ^[32m [repeated 2x across cluster][0m
[36m(CpuApproximationActor pid=3413785)[0m   File "/Users/assmuth/dsnn/alphagrad/src/alphagrad/approx/env.py", line 4003, in _callback[32m [repeated 2x across cluster][0m
[36m(CpuApproximationActor pid=3413785)[0m     out_approx = compiled_approx(*eval_args_i)[32m [repeated 2x across cluster][0m
[36m(CpuApproximationActor pid=3413785)[0m   File "/Users/assmuth/dsnn/.venv/lib/python3.13/site-packages/jax/_src/stages.py", line 884, in __call__[32m [repeated 2x across cluster][0m
[36m(CpuApproximationActor pid=3413785)[0m     return self._call(*args, **kwargs)[32m [repeated 2x across cluster][0m
[36m(CpuApproximationActor pid=3413785)[0m            ~~~~~~~~~~^^^^^^^^^^^^^^^^^[32m [repeated 2x across cluster][0m
[36m(CpuApproximationActor pid=3413785)[0m   File "/Users/assmuth/dsnn/.venv/lib/python3.13/site-packages/jax/_src/interpreters/pxla.py", line 1926, in aot_cache_miss[32m [repeated 2x across cluster][0m
[36m(CpuApproximationActor pid=3413785)[0m     outs, out_flat, args_flat = stages.Compiled.call(params, *args, **kwargs)[32m [repeated 2x across cluster][0m
[36m(CpuApproximationActor pid=3413785)[0m                                 ~~~~~~~~~~~~~~~~~~~~^^^^^^^^^^^^^^^^^^^^^^^^^[32m [repeated 2x across cluster][0m
[36m(CpuApproximationActor pid=3413785)[0m   File "/Users/assmuth/dsnn/.venv/lib/python3.13/site-packages/jax/_src/interpreters/pxla.py", line 1893, in call[32m [repeated 4x across cluster][0m
[36m(CpuApproximationActor pid=3413785)[0m     lo_outs = params.executable.call(*params.const_args, *args_flat)[32m [repeated 2x across cluster][0m
[36m(CpuApproximationActor pid=3413785)[0m     check_arg_avals_for_call(self._all_args_info.in_avals,[32m [repeated 2x across cluster][0m
[36m(CpuApproximationActor pid=3413785)[0m     ~~~~~~~~~~~~~~~~~~~~~~~~^^^^^^^^^^^^^^^^^^^^^^^^^^^^^^[32m [repeated 2x across cluster][0m
[36m(CpuApproximationActor pid=3413785)[0m                              map(core.shaped_abstractify, args),[32m [repeated 2x across cluster][0m
[36m(CpuApproximationActor pid=3413785)[0m                              ^^^^^^^^^^^^^^^^^^^^^^^^^^^^^^^^^^^[32m [repeated 2x across cluster][0m
[36m(CpuApproximationActor pid=3413785)[0m                              self._all_args_info.debug_info)[32m [repeated 2x across cluster][0m
[36m(CpuApproximationActor pid=3413785)[0m                              ^^^^^^^^^^^^^^^^^^^^^^^^^^^^^^^[32m [repeated 2x across cluster][0m
[36m(CpuApproximationActor pid=3413785)[0m   File "/Users/assmuth/dsnn/.venv/lib/python3.13/site-packages/jax/_src/interpreters/pxla.py", line 1998, in check_arg_avals_for_call[32m [repeated 2x across cluster][0m
[36m(CpuApproximationActor pid=3413785)[0m     raise TypeError([32m [repeated 2x across cluster][0m
[36m(CpuApproximationActor pid=3413785)[0m         f"{num_mismatch_str} mismatches are:\n{str_errors}")[32m [repeated 2x across cluster][0m
[36m(CpuApproximationActor pid=3413785)[0m TypeError: Argument types differ from the types for which this computation was compiled. Perhaps you are calling the compiled executable with a different enable_x64 mode than when it was AOT compiled? The mismatches are:[32m [repeated 2x across cluster][0m
[36m(CpuApproximationActor pid=3415722)[0m     v0(vertex_id=2): DIAG(bi1=0,bi2=0,factor=2)
[36m(CpuApproximationActor pid=3415722)[0m     v4(vertex_id=7): QUANT(dtype=float8_e8m0fnu)
[36m(CpuApproximationActor pid=3415722)[0m     v5(vertex_id=12): QUANT(dtype=float8_e8m0fnu)
[36m(CpuApproximationActor pid=3415722)[0m     v7(vertex_id=4): QUANT(dtype=float8_e8m0fnu)
[36m(CpuApproximationActor pid=3415722)[0m     v9(vertex_id=1): DIAG(bi1=1,bi2=0,factor=2)
[36m(CpuApproximationActor pid=3415722)[0m     v10(vertex_id=8): QUANT(dtype=float8_e3m4)
[36m(CpuApproximationActor pid=3415722)[0m     v11(vertex_id=11): QUANT(dtype=float8_e8m0fnu)
[36m(CpuApproximationActor pid=3413785)[0m     v0(vertex_id=6): QUANT(dtype=float8_e8m0fnu)
[36m(CpuApproximationActor pid=3413785)[0m     v1(vertex_id=3): QUANT(dtype=float8_e3m4)
[36m(CpuApproximationActor pid=3413785)[0m     v2(vertex_id=8): QUANT(dtype=float8_e3m4)
[36m(CpuApproximationActor pid=3413785)[0m     v5(vertex_id=4): QUANT(dtype=float8_e8m0fnu)
[36m(CpuApproximationActor pid=3413785)[0m     v6(vertex_id=2): DIAG(bi1=0,bi2=1,factor=2)
[36m(CpuApproximationActor pid=3413785)[0m     v7(vertex_id=11): QUANT(dtype=float8_e8m0fnu)
[36m(CpuApproximationActor pid=3413785)[0m     v8(vertex_id=7): QUANT(dtype=float8_e8m0fnu)
[36m(CpuApproximationActor pid=3413785)[0m     v9(vertex_id=9): COMPRESS(axis=1,kind=abs_max)
[36m(CpuApproximationActor pid=3413785)[0m     v10(vertex_id=5): QUANT(dtype=float8_e3m4)
[36m(PPOActor pid=3413782)[0m [ppo_ray] 4/48 failed/sentinel transitions this episode (pool timeout / mem-gate / shape-storm); zeroing raw rewards, forcing dones.
[36m(PPOActor pid=3413782)[0m [ppo_ray][popart] ep=3 ev=-57660.122 adv(mean/std/absmax)=-0.009/0.027/0.076 flops: mu=+0 sig=1 frob_residual: mu=+0 sig=1
ppo_ray best:+0(ep0) mean:+0 loss(p/v):0.017/0.00068 ent:2.606 nan_skip:0:   0%|▎                                                                | 4/1000 [01:29<4:56:36, 17.87s/it]ppo_ray best:+0(ep0) mean:+0 loss(p/v):0.029/0.00057 ent:2.257 nan_skip:0:   0%|▎                                                                | 4/1000 [01:29<4:56:36, 17.87s/it][36m(PPOActor pid=3413782)[0m [ppo_ray] anti-degen: excluded 4 degenerate/failed terminal env(s) from best_overall.
[36m(CpuApproximationActor pid=3413785)[0m [per-face] builds=200 applied=0 skipped=0 applied_frac=0.000
[36m(CpuApproximationActor pid=3416217)[0m W0723 14:58:36.465664 3416217 text_format.cc:393] Warning parsing text-format xla.TritonGemmConfigsProto: 15:53 (N = 1): text format contains deprecated field "split_k"
[36m(CpuApproximationActor pid=3416217)[0m W0723 14:58:36.465689 3416217 text_format.cc:393] Warning parsing text-format xla.TritonGemmConfigsProto: 16:53 (N = 2): text format contains deprecated field "split_k"
[36m(CpuApproximationActor pid=3416217)[0m W0723 14:58:36.465695 3416217 text_format.cc:393] Warning parsing text-format xla.TritonGemmConfigsProto: 18:53 (N = 4): text format contains deprecated field "split_k"
[36m(CpuApproximationActor pid=3416217)[0m W0723 14:58:36.465703 3416217 text_format.cc:393] Warning parsing text-format xla.TritonGemmConfigsProto: 22:53 (N = 8): text format contains deprecated field "split_k"
[36m(CpuApproximationActor pid=3416217)[0m W0723 14:58:36.465717 3416217 text_format.cc:393] Warning parsing text-format xla.TritonGemmConfigsProto: 30:53 (N = 16): text format contains deprecated field "split_k"
[36m(CpuApproximationActor pid=3416217)[0m W0723 14:58:36.465746 3416217 text_format.cc:393] Warning parsing text-format xla.TritonGemmConfigsProto: 16:52 (N = 32): text format contains deprecated field "split_k"
[36m(CpuApproximationActor pid=3416217)[0m W0723 14:58:36.465795 3416217 text_format.cc:393] Warning parsing text-format xla.TritonGemmConfigsProto: 48:53 (N = 64): text format contains deprecated field "split_k"
[36m(CpuApproximationActor pid=3416217)[0m W0723 14:58:36.465910 3416217 text_format.cc:393] Warning parsing text-format xla.TritonGemmConfigsProto: 78:53 (N = 128): text format contains deprecated field "split_k"
[36m(CpuApproximationActor pid=3416217)[0m W0723 14:58:36.466106 3416217 text_format.cc:393] Warning parsing text-format xla.TritonGemmConfigsProto: 36:55 (N = 256): text format contains deprecated field "split_k"
[36m(CpuApproximationActor pid=3416217)[0m [cpu_approx_worker pid=3416217] env: ALPHAGRAD_EXACT_ONLY=1 ALPHAGRAD_EXAMPLE_WIDTH=64 ALPHAGRAD_FACE_TRANSFORMS=0 ALPHAGRAD_MEASURE_VIA_AOJ=0 ALPHAGRAD_PER_FACE_MVP=0 ALPHAGRAD_POLICY=palimpsa JAX_COMPILATION_CACHE_DIR=/tmp/dsnn-jax-cache-55181-pgi15-gpu9
[36m(CpuApproximationActor pid=3416217)[0m [measure-actor 5] host=pgi15-gpu9.iff.kfa-juelich.de CUDA_VISIBLE_DEVICES=3 jax_devices=[CudaDevice(id=0)]
[36m(CpuApproximationActor pid=3413785)[0m [SENTINEL] measure-exception step=12 order_len=12 terminal=True: TypeError: Argument types differ from the types for which this computation was compiled. Perhaps you are calling the compiled executable with a different enable_x64 mode than when it was AOT [32m [repeated 2x across cluster][0m
[36m(CpuApproximationActor pid=3413785)[0m [SENTINEL-VERBOSE] ==================================================[32m [repeated 4x across cluster][0m
[36m(CpuApproximationActor pid=3413785)[0m [SENTINEL-VERBOSE] step=12 order_len=12 terminal=True init=False point_idx=-1[32m [repeated 2x across cluster][0m
[36m(CpuApproximationActor pid=3413785)[0m [SENTINEL-VERBOSE] EXC TypeError: Argument types differ from the types for which this computation was compiled. Perhaps you are calling the compiled executable with a different enable_x64 mode than when it was AOT compiled? The mismatches are:[32m [repeated 2x across cluster][0m
[36m(CpuApproximationActor pid=3413785)[0m Argument 'x' compiled with float32[16,64] and called with float32[16,4][32m [repeated 4x across cluster][0m
[36m(CpuApproximationActor pid=3413785)[0m Argument 'y' compiled with float32[16,64] and called with float32[16,4][32m [repeated 4x across cluster][0m
[36m(CpuApproximationActor pid=3413785)[0m [SENTINEL-VERBOSE] ORDER (12): [6, 3, 8, 1, 10, 4, 2, 11, 7, 9, 5, 12][32m [repeated 2x across cluster][0m
[36m(CpuApproximationActor pid=3413785)[0m [SENTINEL-VERBOSE] MICRO-ACTIONS (per vertex, in elimination order):[32m [repeated 2x across cluster][0m
[36m(CpuApproximationActor pid=3413785)[0m [SENTINEL-VERBOSE] TRACEBACK:[32m [repeated 2x across cluster][0m
[36m(CpuApproximationActor pid=3413785)[0m Traceback (most recent call last):[32m [repeated 2x across cluster][0m
[36m(CpuApproximationActor pid=3413785)[0m   File "/Users/assmuth/dsnn/alphagrad/src/alphagrad/approx/cpu_approx_worker.py", line 257, in evaluate[32m [repeated 2x across cluster][0m
[36m(CpuApproximationActor pid=3413785)[0m     tokens, eqn_ids, reward = _callback([32m [repeated 2x across cluster][0m
[36m(CpuApproximationActor pid=3413785)[0m                               ~~~~~~~~~^[32m [repeated 2x across cluster][0m
[36m(CpuApproximationActor pid=3413785)[0m         self._config,[32m [repeated 2x across cluster][0m
[36m(CpuApproximationActor pid=3413785)[0m         ^^^^^^^^^^^^^[32m [repeated 2x across cluster][0m
[36m(CpuApproximationActor pid=3413785)[0m     ...<3 lines>...[32m [repeated 4x across cluster][0m
[36m(CpuApproximationActor pid=3413785)[0m         point_idx=int(point_idx),[32m [repeated 2x across cluster][0m
[36m(CpuApproximationActor pid=3413785)[0m         ^^^^^^^^^^^^^^^^^^^^^^^^^[32m [repeated 2x across cluster][0m
[36m(CpuApproximationActor pid=3413785)[0m     )[32m [repeated 2x across cluster][0m
[36m(CpuApproximationActor pid=3413785)[0m     ^[32m [repeated 2x across cluster][0m
[36m(CpuApproximationActor pid=3413785)[0m   File "/Users/assmuth/dsnn/alphagrad/src/alphagrad/approx/env.py", line 4003, in _callback[32m [repeated 2x across cluster][0m
[36m(CpuApproximationActor pid=3413785)[0m     out_approx = compiled_approx(*eval_args_i)[32m [repeated 2x across cluster][0m
[36m(CpuApproximationActor pid=3413785)[0m   File "/Users/assmuth/dsnn/.venv/lib/python3.13/site-packages/jax/_src/stages.py", line 884, in __call__[32m [repeated 2x across cluster][0m
[36m(CpuApproximationActor pid=3413785)[0m     return self._call(*args, **kwargs)[32m [repeated 2x across cluster][0m
[36m(CpuApproximationActor pid=3413785)[0m            ~~~~~~~~~~^^^^^^^^^^^^^^^^^[32m [repeated 2x across cluster][0m
[36m(CpuApproximationActor pid=3413785)[0m   File "/Users/assmuth/dsnn/.venv/lib/python3.13/site-packages/jax/_src/interpreters/pxla.py", line 1926, in aot_cache_miss[32m [repeated 2x across cluster][0m
[36m(CpuApproximationActor pid=3413785)[0m     outs, out_flat, args_flat = stages.Compiled.call(params, *args, **kwargs)[32m [repeated 2x across cluster][0m
[36m(CpuApproximationActor pid=3413785)[0m                                 ~~~~~~~~~~~~~~~~~~~~^^^^^^^^^^^^^^^^^^^^^^^^^[32m [repeated 2x across cluster][0m
[36m(CpuApproximationActor pid=3413785)[0m   File "/Users/assmuth/dsnn/.venv/lib/python3.13/site-packages/jax/_src/interpreters/pxla.py", line 1893, in call[32m [repeated 4x across cluster][0m
[36m(CpuApproximationActor pid=3413785)[0m     lo_outs = params.executable.call(*params.const_args, *args_flat)[32m [repeated 2x across cluster][0m
[36m(CpuApproximationActor pid=3413785)[0m     check_arg_avals_for_call(self._all_args_info.in_avals,[32m [repeated 2x across cluster][0m
[36m(CpuApproximationActor pid=3413785)[0m     ~~~~~~~~~~~~~~~~~~~~~~~~^^^^^^^^^^^^^^^^^^^^^^^^^^^^^^[32m [repeated 2x across cluster][0m
[36m(CpuApproximationActor pid=3413785)[0m                              map(core.shaped_abstractify, args),[32m [repeated 2x across cluster][0m
[36m(CpuApproximationActor pid=3413785)[0m                              ^^^^^^^^^^^^^^^^^^^^^^^^^^^^^^^^^^^[32m [repeated 2x across cluster][0m
[36m(CpuApproximationActor pid=3413785)[0m                              self._all_args_info.debug_info)[32m [repeated 2x across cluster][0m
[36m(CpuApproximationActor pid=3413785)[0m                              ^^^^^^^^^^^^^^^^^^^^^^^^^^^^^^^[32m [repeated 2x across cluster][0m
[36m(CpuApproximationActor pid=3413785)[0m   File "/Users/assmuth/dsnn/.venv/lib/python3.13/site-packages/jax/_src/interpreters/pxla.py", line 1998, in check_arg_avals_for_call[32m [repeated 2x across cluster][0m
[36m(CpuApproximationActor pid=3413785)[0m     raise TypeError([32m [repeated 2x across cluster][0m
[36m(CpuApproximationActor pid=3413785)[0m         f"{num_mismatch_str} mismatches are:\n{str_errors}")[32m [repeated 2x across cluster][0m
[36m(CpuApproximationActor pid=3413785)[0m TypeError: Argument types differ from the types for which this computation was compiled. Perhaps you are calling the compiled executable with a different enable_x64 mode than when it was AOT compiled? The mismatches are:[32m [repeated 2x across cluster][0m
[36m(CpuApproximationActor pid=3413783)[0m [per-face] builds=200 applied=0 skipped=0 applied_frac=0.000
[36m(CpuApproximationActor pid=3416217)[0m /Users/assmuth/dsnn/graphax/src/graphax/jaxpr.py:779: UserWarning: jaxpr tokenizer: uncaptured value rendered as '?': 'jit'
[36m(CpuApproximationActor pid=3416217)[0m   warnings.warn(
[36m(CpuApproximationActor pid=3416217)[0m /Users/assmuth/dsnn/graphax/src/graphax/jaxpr.py:779: UserWarning: jaxpr tokenizer: uncaptured value rendered as '?': 'compiler_options_kvs'
[36m(CpuApproximationActor pid=3416217)[0m   warnings.warn(
[36m(CpuApproximationActor pid=3416217)[0m /Users/assmuth/dsnn/graphax/src/graphax/jaxpr.py:779: UserWarning: jaxpr tokenizer: uncaptured value rendered as '?': 'donated_invars'
[36m(CpuApproximationActor pid=3416217)[0m   warnings.warn(
[36m(CpuApproximationActor pid=3416217)[0m /Users/assmuth/dsnn/graphax/src/graphax/jaxpr.py:779: UserWarning: jaxpr tokenizer: uncaptured value rendered as '?': 'in_layouts'
[36m(CpuApproximationActor pid=3416217)[0m   warnings.warn(
[36m(CpuApproximationActor pid=3416217)[0m /Users/assmuth/dsnn/graphax/src/graphax/jaxpr.py:779: UserWarning: jaxpr tokenizer: uncaptured value rendered as '?': 'None'
[36m(CpuApproximationActor pid=3416217)[0m   warnings.warn(
[36m(CpuApproximationActor pid=3416217)[0m /Users/assmuth/dsnn/graphax/src/graphax/jaxpr.py:779: UserWarning: jaxpr tokenizer: uncaptured value rendered as '?': 'in_shardings'
[36m(CpuApproximationActor pid=3416217)[0m   warnings.warn(
[36m(CpuApproximationActor pid=3416217)[0m /Users/assmuth/dsnn/graphax/src/graphax/jaxpr.py:779: UserWarning: jaxpr tokenizer: uncaptured value rendered as '?': 'UnspecifiedValue'
[36m(CpuApproximationActor pid=3416217)[0m   warnings.warn(
[36m(CpuApproximationActor pid=3416217)[0m /Users/assmuth/dsnn/graphax/src/graphax/jaxpr.py:779: UserWarning: jaxpr tokenizer: uncaptured value rendered as '?': 'inline'
[36m(CpuApproximationActor pid=3416217)[0m   warnings.warn(
[36m(CpuApproximationActor pid=3416217)[0m /Users/assmuth/dsnn/graphax/src/graphax/jaxpr.py:779: UserWarning: jaxpr tokenizer: uncaptured value rendered as '?': 'keep_unused'
[36m(CpuApproximationActor pid=3416217)[0m   warnings.warn(
[36m(CpuApproximationActor pid=3416217)[0m /Users/assmuth/dsnn/graphax/src/graphax/jaxpr.py:779: UserWarning: jaxpr tokenizer: uncaptured value rendered as '?': 'name'
[36m(CpuApproximationActor pid=3416217)[0m   warnings.warn(
[36m(CpuApproximationActor pid=3416217)[0m /Users/assmuth/dsnn/graphax/src/graphax/jaxpr.py:779: UserWarning: jaxpr tokenizer: uncaptured value rendered as '?': '_where'
[36m(CpuApproximationActor pid=3416217)[0m   warnings.warn(
[36m(CpuApproximationActor pid=3416217)[0m /Users/assmuth/dsnn/graphax/src/graphax/jaxpr.py:779: UserWarning: jaxpr tokenizer: uncaptured value rendered as '?': 'out_layouts'
[36m(CpuApproximationActor pid=3416217)[0m   warnings.warn(
[36m(CpuApproximationActor pid=3416217)[0m /Users/assmuth/dsnn/graphax/src/graphax/jaxpr.py:779: UserWarning: jaxpr tokenizer: uncaptured value rendered as '?': 'out_shardings'
[36m(CpuApproximationActor pid=3416217)[0m   warnings.warn(
[36m(CpuApproximationActor pid=3413783)[0m     v2(vertex_id=4): QUANT(dtype=float8_e3m4)
[36m(CpuApproximationActor pid=3413783)[0m     v3(vertex_id=12): QUANT(dtype=float8_e3m4)
[36m(CpuApproximationActor pid=3413783)[0m     v4(vertex_id=7): QUANT(dtype=float8_e3m4)
[36m(CpuApproximationActor pid=3413783)[0m     v5(vertex_id=9): QUANT(dtype=float8_e3m4)
[36m(CpuApproximationActor pid=3413783)[0m     v6(vertex_id=1): QUANT(dtype=float8_e3m4)
[36m(CpuApproximationActor pid=3413783)[0m     v7(vertex_id=10): COMPRESS(axis=1,kind=abs_min)
[36m(CpuApproximationActor pid=3413783)[0m     v9(vertex_id=6): QUANT(dtype=float8_e3m4)
[36m(CpuApproximationActor pid=3413783)[0m     v10(vertex_id=3): COMPRESS(axis=1,kind=abs_max)
[36m(CpuApproximationActor pid=3413783)[0m     v11(vertex_id=5): QUANT(dtype=float8_e8m0fnu)
[36m(CpuApproximationActor pid=3413783)[0m [SENTINEL] measure-exception step=12 order_len=12 terminal=True: TypeError: Argument types differ from the types for which this computation was compiled. Perhaps you are calling the compiled executable with a different enable_x64 mode than when it was AOT 
[36m(CpuApproximationActor pid=3413783)[0m [SENTINEL-VERBOSE] ==================================================[32m [repeated 2x across cluster][0m
[36m(CpuApproximationActor pid=3413783)[0m [SENTINEL-VERBOSE] step=12 order_len=12 terminal=True init=False point_idx=-1
[36m(CpuApproximationActor pid=3413783)[0m [SENTINEL-VERBOSE] EXC TypeError: Argument types differ from the types for which this computation was compiled. Perhaps you are calling the compiled executable with a different enable_x64 mode than when it was AOT compiled? The mismatches are:
[36m(CpuApproximationActor pid=3413783)[0m Argument 'x' compiled with float32[16,64] and called with float32[16,4][32m [repeated 2x across cluster][0m
[36m(CpuApproximationActor pid=3413783)[0m Argument 'y' compiled with float32[16,64] and called with float32[16,4][32m [repeated 2x across cluster][0m
[36m(CpuApproximationActor pid=3413783)[0m [SENTINEL-VERBOSE] ORDER (12): [2, 8, 4, 12, 7, 9, 1, 10, 11, 6, 3, 5]
[36m(CpuApproximationActor pid=3413783)[0m [SENTINEL-VERBOSE] MICRO-ACTIONS (per vertex, in elimination order):
[36m(CpuApproximationActor pid=3413783)[0m [SENTINEL-VERBOSE] TRACEBACK:
[36m(CpuApproximationActor pid=3413783)[0m Traceback (most recent call last):
[36m(CpuApproximationActor pid=3413783)[0m   File "/Users/assmuth/dsnn/alphagrad/src/alphagrad/approx/cpu_approx_worker.py", line 257, in evaluate
[36m(CpuApproximationActor pid=3413783)[0m     tokens, eqn_ids, reward = _callback(
[36m(CpuApproximationActor pid=3413783)[0m                               ~~~~~~~~~^
[36m(CpuApproximationActor pid=3413783)[0m         self._config,
[36m(CpuApproximationActor pid=3413783)[0m         ^^^^^^^^^^^^^
[36m(CpuApproximationActor pid=3413783)[0m     ...<3 lines>...[32m [repeated 2x across cluster][0m
[36m(CpuApproximationActor pid=3413783)[0m         point_idx=int(point_idx),
[36m(CpuApproximationActor pid=3413783)[0m         ^^^^^^^^^^^^^^^^^^^^^^^^^
[36m(CpuApproximationActor pid=3413783)[0m     )
[36m(CpuApproximationActor pid=3413783)[0m     ^
[36m(CpuApproximationActor pid=3413783)[0m   File "/Users/assmuth/dsnn/alphagrad/src/alphagrad/approx/env.py", line 4003, in _callback
[36m(CpuApproximationActor pid=3413783)[0m     out_approx = compiled_approx(*eval_args_i)
[36m(CpuApproximationActor pid=3413783)[0m   File "/Users/assmuth/dsnn/.venv/lib/python3.13/site-packages/jax/_src/stages.py", line 884, in __call__
[36m(CpuApproximationActor pid=3413783)[0m     return self._call(*args, **kwargs)
[36m(CpuApproximationActor pid=3413783)[0m            ~~~~~~~~~~^^^^^^^^^^^^^^^^^
[36m(CpuApproximationActor pid=3413783)[0m   File "/Users/assmuth/dsnn/.venv/lib/python3.13/site-packages/jax/_src/interpreters/pxla.py", line 1926, in aot_cache_miss
[36m(CpuApproximationActor pid=3413783)[0m     outs, out_flat, args_flat = stages.Compiled.call(params, *args, **kwargs)
[36m(CpuApproximationActor pid=3413783)[0m                                 ~~~~~~~~~~~~~~~~~~~~^^^^^^^^^^^^^^^^^^^^^^^^^
[36m(CpuApproximationActor pid=3413783)[0m   File "/Users/assmuth/dsnn/.venv/lib/python3.13/site-packages/jax/_src/interpreters/pxla.py", line 1893, in call[32m [repeated 2x across cluster][0m
[36m(CpuApproximationActor pid=3413783)[0m     lo_outs = params.executable.call(*params.const_args, *args_flat)
[36m(CpuApproximationActor pid=3413783)[0m     check_arg_avals_for_call(self._all_args_info.in_avals,
[36m(CpuApproximationActor pid=3413783)[0m     ~~~~~~~~~~~~~~~~~~~~~~~~^^^^^^^^^^^^^^^^^^^^^^^^^^^^^^
[36m(CpuApproximationActor pid=3413783)[0m                              map(core.shaped_abstractify, args),
[36m(CpuApproximationActor pid=3413783)[0m                              ^^^^^^^^^^^^^^^^^^^^^^^^^^^^^^^^^^^
[36m(CpuApproximationActor pid=3413783)[0m                              self._all_args_info.debug_info)
[36m(CpuApproximationActor pid=3413783)[0m                              ^^^^^^^^^^^^^^^^^^^^^^^^^^^^^^^
[36m(CpuApproximationActor pid=3413783)[0m   File "/Users/assmuth/dsnn/.venv/lib/python3.13/site-packages/jax/_src/interpreters/pxla.py", line 1998, in check_arg_avals_for_call
[36m(CpuApproximationActor pid=3413783)[0m     raise TypeError(
[36m(CpuApproximationActor pid=3413783)[0m         f"{num_mismatch_str} mismatches are:\n{str_errors}")
[36m(CpuApproximationActor pid=3413783)[0m TypeError: Argument types differ from the types for which this computation was compiled. Perhaps you are calling the compiled executable with a different enable_x64 mode than when it was AOT compiled? The mismatches are:
[36m(CpuApproximationActor pid=3415722)[0m [SENTINEL] measure-exception step=12 order_len=12 terminal=True: TypeError: Argument types differ from the types for which this computation was compiled. Perhaps you are calling the compiled executable with a different enable_x64 mode than when it was AOT 
[36m(CpuApproximationActor pid=3415722)[0m [SENTINEL-VERBOSE] step=12 order_len=12 terminal=True init=False point_idx=-1
[36m(CpuApproximationActor pid=3415722)[0m [SENTINEL-VERBOSE] EXC TypeError: Argument types differ from the types for which this computation was compiled. Perhaps you are calling the compiled executable with a different enable_x64 mode than when it was AOT compiled? The mismatches are:
[36m(CpuApproximationActor pid=3415722)[0m [SENTINEL-VERBOSE] ORDER (12): [5, 6, 2, 3, 12, 4, 8, 7, 10, 1, 9, 11]
[36m(CpuApproximationActor pid=3415722)[0m [SENTINEL-VERBOSE] MICRO-ACTIONS (per vertex, in elimination order):
[36m(CpuApproximationActor pid=3415722)[0m     v0(vertex_id=5): DIAG(bi1=1,bi2=1,factor=2)
[36m(CpuApproximationActor pid=3415722)[0m     v1(vertex_id=6): COMPRESS(axis=0,kind=abs_max)
[36m(CpuApproximationActor pid=3415722)[0m     v2(vertex_id=2): COMPRESS(axis=1,kind=abs_max)
[36m(CpuApproximationActor pid=3415722)[0m     v3(vertex_id=3): QUANT(dtype=float8_e3m4)
[36m(CpuApproximationActor pid=3415722)[0m     v4(vertex_id=12): QUANT(dtype=float8_e3m4)
[36m(CpuApproximationActor pid=3415722)[0m     v5(vertex_id=4): QUANT(dtype=float8_e3m4)
[36m(CpuApproximationActor pid=3415722)[0m     v6(vertex_id=8): QUANT(dtype=float8_e8m0fnu)
[36m(CpuApproximationActor pid=3415722)[0m     v7(vertex_id=7): QUANT(dtype=float8_e3m4)
[36m(CpuApproximationActor pid=3415722)[0m     v8(vertex_id=10): COMPRESS(axis=1,kind=abs_max)
[36m(CpuApproximationActor pid=3415722)[0m     v9(vertex_id=1): COMPRESS(axis=0,kind=abs_max)
[36m(CpuApproximationActor pid=3415722)[0m     v10(vertex_id=9): COMPRESS(axis=0,kind=abs_min)
[36m(CpuApproximationActor pid=3415722)[0m     v11(vertex_id=11): COMPRESS(axis=1,kind=abs_max)
[36m(CpuApproximationActor pid=3415722)[0m [SENTINEL-VERBOSE] TRACEBACK:
[36m(CpuApproximationActor pid=3415722)[0m Traceback (most recent call last):
[36m(CpuApproximationActor pid=3415722)[0m   File "/Users/assmuth/dsnn/alphagrad/src/alphagrad/approx/cpu_approx_worker.py", line 257, in evaluate
[36m(CpuApproximationActor pid=3415722)[0m     tokens, eqn_ids, reward = _callback(
[36m(CpuApproximationActor pid=3415722)[0m                               ~~~~~~~~~^
[36m(CpuApproximationActor pid=3415722)[0m         self._config,
[36m(CpuApproximationActor pid=3415722)[0m         ^^^^^^^^^^^^^
[36m(CpuApproximationActor pid=3415722)[0m         point_idx=int(point_idx),
[36m(CpuApproximationActor pid=3415722)[0m         ^^^^^^^^^^^^^^^^^^^^^^^^^
[36m(CpuApproximationActor pid=3415722)[0m     )
[36m(CpuApproximationActor pid=3415722)[0m     ^
[36m(CpuApproximationActor pid=3415722)[0m   File "/Users/assmuth/dsnn/alphagrad/src/alphagrad/approx/env.py", line 4003, in _callback
[36m(CpuApproximationActor pid=3415722)[0m     out_approx = compiled_approx(*eval_args_i)
[36m(CpuApproximationActor pid=3415722)[0m   File "/Users/assmuth/dsnn/.venv/lib/python3.13/site-packages/jax/_src/stages.py", line 884, in __call__
[36m(CpuApproximationActor pid=3415722)[0m     return self._call(*args, **kwargs)
[36m(CpuApproximationActor pid=3415722)[0m            ~~~~~~~~~~^^^^^^^^^^^^^^^^^
[36m(CpuApproximationActor pid=3415722)[0m   File "/Users/assmuth/dsnn/.venv/lib/python3.13/site-packages/jax/_src/interpreters/pxla.py", line 1926, in aot_cache_miss
[36m(CpuApproximationActor pid=3415722)[0m     outs, out_flat, args_flat = stages.Compiled.call(params, *args, **kwargs)
[36m(CpuApproximationActor pid=3415722)[0m                                 ~~~~~~~~~~~~~~~~~~~~^^^^^^^^^^^^^^^^^^^^^^^^^
[36m(CpuApproximationActor pid=3415722)[0m     lo_outs = params.executable.call(*params.const_args, *args_flat)
[36m(CpuApproximationActor pid=3415722)[0m     check_arg_avals_for_call(self._all_args_info.in_avals,
[36m(CpuApproximationActor pid=3415722)[0m     ~~~~~~~~~~~~~~~~~~~~~~~~^^^^^^^^^^^^^^^^^^^^^^^^^^^^^^
[36m(CpuApproximationActor pid=3415722)[0m                              map(core.shaped_abstractify, args),
[36m(CpuApproximationActor pid=3415722)[0m                              ^^^^^^^^^^^^^^^^^^^^^^^^^^^^^^^^^^^
[36m(CpuApproximationActor pid=3415722)[0m                              self._all_args_info.debug_info)
[36m(CpuApproximationActor pid=3415722)[0m                              ^^^^^^^^^^^^^^^^^^^^^^^^^^^^^^^
[36m(CpuApproximationActor pid=3415722)[0m   File "/Users/assmuth/dsnn/.venv/lib/python3.13/site-packages/jax/_src/interpreters/pxla.py", line 1998, in check_arg_avals_for_call
[36m(CpuApproximationActor pid=3415722)[0m     raise TypeError(
[36m(CpuApproximationActor pid=3415722)[0m         f"{num_mismatch_str} mismatches are:\n{str_errors}")
[36m(CpuApproximationActor pid=3415722)[0m TypeError: Argument types differ from the types for which this computation was compiled. Perhaps you are calling the compiled executable with a different enable_x64 mode than when it was AOT compiled? The mismatches are:
[36m(CpuApproximationActor pid=3416217)[0m     v0(vertex_id=3): QUANT(dtype=float8_e8m0fnu)
[36m(CpuApproximationActor pid=3416217)[0m     v1(vertex_id=11): QUANT(dtype=float8_e3m4)
[36m(CpuApproximationActor pid=3416217)[0m     v2(vertex_id=8): QUANT(dtype=float8_e3m4)
[36m(CpuApproximationActor pid=3416217)[0m     v3(vertex_id=10): COMPRESS(axis=1,kind=abs_min)
[36m(CpuApproximationActor pid=3416217)[0m     v4(vertex_id=1): QUANT(dtype=float8_e8m0fnu)
[36m(CpuApproximationActor pid=3416217)[0m     v5(vertex_id=9): QUANT(dtype=float8_e3m4)
[36m(CpuApproximationActor pid=3416217)[0m     v6(vertex_id=6): QUANT(dtype=float8_e8m0fnu)
[36m(CpuApproximationActor pid=3416217)[0m     v7(vertex_id=5): QUANT(dtype=float8_e8m0fnu)
[36m(CpuApproximationActor pid=3416217)[0m     v8(vertex_id=12): QUANT(dtype=float8_e3m4)
[36m(CpuApproximationActor pid=3416217)[0m     v9(vertex_id=2): DIAG(bi1=0,bi2=1,factor=2)
[36m(CpuApproximationActor pid=3416217)[0m     v11(vertex_id=4): COMPRESS(axis=1,kind=abs_max)
[36m(CpuApproximationActor pid=3413783)[0m     v1(vertex_id=8): QUANT(dtype=float8_e3m4)
[36m(CpuApproximationActor pid=3413783)[0m     v2(vertex_id=3): COMPRESS(axis=1,kind=abs_max)
[36m(CpuApproximationActor pid=3413783)[0m     v3(vertex_id=6): QUANT(dtype=float8_e3m4)
[36m(CpuApproximationActor pid=3413783)[0m     v4(vertex_id=7): COMPRESS(axis=1,kind=abs_min)
[36m(CpuApproximationActor pid=3413783)[0m     v7(vertex_id=11): COMPRESS(axis=1,kind=abs_max)
[36m(CpuApproximationActor pid=3413783)[0m     v8(vertex_id=12): COMPRESS(axis=0,kind=abs_min)
[36m(CpuApproximationActor pid=3413783)[0m     v9(vertex_id=9): QUANT(dtype=float8_e3m4)
[36m(CpuApproximationActor pid=3413783)[0m     v11(vertex_id=1): COMPRESS(axis=1,kind=abs_max)
[36m(PPOActor pid=3413782)[0m [ppo_ray] 4/48 failed/sentinel transitions this episode (pool timeout / mem-gate / shape-storm); zeroing raw rewards, forcing dones.
[36m(PPOActor pid=3413782)[0m [ppo_ray][popart] ep=4 ev=-53387.523 adv(mean/std/absmax)=+0.041/0.031/0.124 flops: mu=+0 sig=1 frob_residual: mu=+0 sig=1
[36m(PPOActor pid=3413782)[0m [per-face] builds=800 applied=0 skipped=0 applied_frac=0.000
ppo_ray best:+0(ep0) mean:+0 loss(p/v):0.029/0.00057 ent:2.257 nan_skip:0:   0%|▎                                                                | 5/1000 [01:47<4:56:20, 17.87s/it]ppo_ray best:+0(ep0) mean:+0 loss(p/v):-0.04/0.00055 ent:2.473 nan_skip:0:   0%|▎                                                                | 5/1000 [01:47<4:56:20, 17.87s/it]                                                                                                                                                                                      [ppo_ray] ep=   5/1000 best=+0(ep0) mean=+0 ent=2.473 buf=0 step=5
            best-overall-traj-rewards: 
            per-channel-best:          flop=+0 frob=+0
            mean-per-channel:          
ppo_ray best:+0(ep0) mean:+0 loss(p/v):-0.04/0.00055 ent:2.473 nan_skip:0:   0%|▎                                                                | 5/1000 [01:47<4:56:20, 17.87s/it][36m(PPOActor pid=3413782)[0m [ppo_ray] anti-degen: excluded 4 degenerate/failed terminal env(s) from best_overall.
[36m(CpuApproximationActor pid=3413783)[0m [SENTINEL-VERBOSE] ==================================================[32m [repeated 6x across cluster][0m
[36m(CpuApproximationActor pid=3413783)[0m Argument 'x' compiled with float32[16,64] and called with float32[16,4][32m [repeated 6x across cluster][0m
[36m(CpuApproximationActor pid=3413783)[0m Argument 'y' compiled with float32[16,64] and called with float32[16,4][32m [repeated 6x across cluster][0m
[36m(CpuApproximationActor pid=3413783)[0m     ...<3 lines>...[32m [repeated 6x across cluster][0m
[36m(CpuApproximationActor pid=3413783)[0m   File "/Users/assmuth/dsnn/.venv/lib/python3.13/site-packages/jax/_src/interpreters/pxla.py", line 1893, in call[32m [repeated 6x across cluster][0m
[36m(CpuApproximationActor pid=3413783)[0m [SENTINEL] measure-exception step=12 order_len=12 terminal=True: TypeError: Argument types differ from the types for which this computation was compiled. Perhaps you are calling the compiled executable with a different enable_x64 mode than when it was AOT [32m [repeated 2x across cluster][0m
[36m(CpuApproximationActor pid=3413783)[0m [SENTINEL-VERBOSE] step=12 order_len=12 terminal=True init=False point_idx=-1[32m [repeated 2x across cluster][0m
[36m(CpuApproximationActor pid=3413783)[0m [SENTINEL-VERBOSE] EXC TypeError: Argument types differ from the types for which this computation was compiled. Perhaps you are calling the compiled executable with a different enable_x64 mode than when it was AOT compiled? The mismatches are:[32m [repeated 2x across cluster][0m
[36m(CpuApproximationActor pid=3413783)[0m [SENTINEL-VERBOSE] ORDER (12): [4, 8, 3, 6, 7, 10, 5, 11, 12, 9, 2, 1][32m [repeated 2x across cluster][0m
[36m(CpuApproximationActor pid=3413783)[0m [SENTINEL-VERBOSE] MICRO-ACTIONS (per vertex, in elimination order):[32m [repeated 2x across cluster][0m
[36m(CpuApproximationActor pid=3413783)[0m [SENTINEL-VERBOSE] TRACEBACK:[32m [repeated 2x across cluster][0m
[36m(CpuApproximationActor pid=3413783)[0m Traceback (most recent call last):[32m [repeated 2x across cluster][0m
[36m(CpuApproximationActor pid=3413783)[0m   File "/Users/assmuth/dsnn/alphagrad/src/alphagrad/approx/cpu_approx_worker.py", line 257, in evaluate[32m [repeated 2x across cluster][0m
[36m(CpuApproximationActor pid=3413783)[0m     tokens, eqn_ids, reward = _callback([32m [repeated 2x across cluster][0m
[36m(CpuApproximationActor pid=3413783)[0m                               ~~~~~~~~~^[32m [repeated 2x across cluster][0m
[36m(CpuApproximationActor pid=3413783)[0m         self._config,[32m [repeated 2x across cluster][0m
[36m(CpuApproximationActor pid=3413783)[0m         ^^^^^^^^^^^^^[32m [repeated 2x across cluster][0m
[36m(CpuApproximationActor pid=3413783)[0m         point_idx=int(point_idx),[32m [repeated 2x across cluster][0m
[36m(CpuApproximationActor pid=3413783)[0m         ^^^^^^^^^^^^^^^^^^^^^^^^^[32m [repeated 2x across cluster][0m
[36m(CpuApproximationActor pid=3413783)[0m     )[32m [repeated 2x across cluster][0m
[36m(CpuApproximationActor pid=3413783)[0m     ^[32m [repeated 2x across cluster][0m
[36m(CpuApproximationActor pid=3413783)[0m   File "/Users/assmuth/dsnn/alphagrad/src/alphagrad/approx/env.py", line 4003, in _callback[32m [repeated 2x across cluster][0m
[36m(CpuApproximationActor pid=3413783)[0m     out_approx = compiled_approx(*eval_args_i)[32m [repeated 2x across cluster][0m
[36m(CpuApproximationActor pid=3413783)[0m   File "/Users/assmuth/dsnn/.venv/lib/python3.13/site-packages/jax/_src/stages.py", line 884, in __call__[32m [repeated 2x across cluster][0m
[36m(CpuApproximationActor pid=3413783)[0m     return self._call(*args, **kwargs)[32m [repeated 2x across cluster][0m
[36m(CpuApproximationActor pid=3413783)[0m            ~~~~~~~~~~^^^^^^^^^^^^^^^^^[32m [repeated 2x across cluster][0m
[36m(CpuApproximationActor pid=3413783)[0m   File "/Users/assmuth/dsnn/.venv/lib/python3.13/site-packages/jax/_src/interpreters/pxla.py", line 1926, in aot_cache_miss[32m [repeated 2x across cluster][0m
[36m(CpuApproximationActor pid=3413783)[0m     outs, out_flat, args_flat = stages.Compiled.call(params, *args, **kwargs)[32m [repeated 2x across cluster][0m
[36m(CpuApproximationActor pid=3413783)[0m                                 ~~~~~~~~~~~~~~~~~~~~^^^^^^^^^^^^^^^^^^^^^^^^^[32m [repeated 2x across cluster][0m
[36m(CpuApproximationActor pid=3413783)[0m     lo_outs = params.executable.call(*params.const_args, *args_flat)[32m [repeated 2x across cluster][0m
[36m(CpuApproximationActor pid=3413783)[0m     check_arg_avals_for_call(self._all_args_info.in_avals,[32m [repeated 2x across cluster][0m
[36m(CpuApproximationActor pid=3413783)[0m     ~~~~~~~~~~~~~~~~~~~~~~~~^^^^^^^^^^^^^^^^^^^^^^^^^^^^^^[32m [repeated 2x across cluster][0m
[36m(CpuApproximationActor pid=3413783)[0m                              map(core.shaped_abstractify, args),[32m [repeated 2x across cluster][0m
[36m(CpuApproximationActor pid=3413783)[0m                              ^^^^^^^^^^^^^^^^^^^^^^^^^^^^^^^^^^^[32m [repeated 2x across cluster][0m
[36m(CpuApproximationActor pid=3413783)[0m                              self._all_args_info.debug_info)[32m [repeated 2x across cluster][0m
[36m(CpuApproximationActor pid=3413783)[0m                              ^^^^^^^^^^^^^^^^^^^^^^^^^^^^^^^[32m [repeated 2x across cluster][0m
[36m(CpuApproximationActor pid=3413783)[0m   File "/Users/assmuth/dsnn/.venv/lib/python3.13/site-packages/jax/_src/interpreters/pxla.py", line 1998, in check_arg_avals_for_call[32m [repeated 2x across cluster][0m
[36m(CpuApproximationActor pid=3413783)[0m     raise TypeError([32m [repeated 2x across cluster][0m
[36m(CpuApproximationActor pid=3413783)[0m         f"{num_mismatch_str} mismatches are:\n{str_errors}")[32m [repeated 2x across cluster][0m
[36m(CpuApproximationActor pid=3413783)[0m TypeError: Argument types differ from the types for which this computation was compiled. Perhaps you are calling the compiled executable with a different enable_x64 mode than when it was AOT compiled? The mismatches are:[32m [repeated 2x across cluster][0m
[36m(PPOActor pid=3413782)[0m [per-face] builds=1000 applied=0 skipped=0 applied_frac=0.000
[36m(CpuApproximationActor pid=3413783)[0m     v0(vertex_id=5): DIAG(bi1=1,bi2=1,factor=2)
[36m(CpuApproximationActor pid=3413783)[0m     v1(vertex_id=8): QUANT(dtype=float8_e3m4)
[36m(CpuApproximationActor pid=3413783)[0m     v2(vertex_id=6): COMPRESS(axis=1,kind=abs_max)
[36m(CpuApproximationActor pid=3413783)[0m     v3(vertex_id=12): QUANT(dtype=bfloat16)
[36m(CpuApproximationActor pid=3413783)[0m     v4(vertex_id=2): QUANT(dtype=float8_e3m4)
[36m(CpuApproximationActor pid=3413783)[0m     v5(vertex_id=11): COMPRESS(axis=1,kind=abs_min)
[36m(CpuApproximationActor pid=3413783)[0m     v6(vertex_id=10): COMPRESS(axis=1,kind=abs_min)
[36m(CpuApproximationActor pid=3413783)[0m     v7(vertex_id=7): QUANT(dtype=float8_e3m4)
[36m(CpuApproximationActor pid=3413783)[0m     v8(vertex_id=3): QUANT(dtype=float8_e3m4)
[36m(CpuApproximationActor pid=3413783)[0m     v9(vertex_id=4): COMPRESS(axis=1,kind=abs_max)
[36m(CpuApproximationActor pid=3413783)[0m     v10(vertex_id=1): QUANT(dtype=float8_e3m4)
[36m(CpuApproximationActor pid=3413783)[0m     v11(vertex_id=9): QUANT(dtype=float8_e3m4)
[36m(CpuApproximationActor pid=3416217)[0m     v0(vertex_id=3): QUANT(dtype=float8_e3m4)
[36m(CpuApproximationActor pid=3416217)[0m     v1(vertex_id=7): COMPRESS(axis=1,kind=abs_max)
[36m(CpuApproximationActor pid=3416217)[0m     v2(vertex_id=8): QUANT(dtype=float8_e3m4)
[36m(CpuApproximationActor pid=3416217)[0m     v3(vertex_id=2): COMPRESS(axis=1,kind=abs_max)
[36m(CpuApproximationActor pid=3416217)[0m     v5(vertex_id=12): QUANT(dtype=float8_e3m4)
[36m(CpuApproximationActor pid=3416217)[0m     v6(vertex_id=1): COMPRESS(axis=0,kind=abs_max)
[36m(CpuApproximationActor pid=3416217)[0m     v7(vertex_id=9): COMPRESS(axis=1,kind=abs_min)
[36m(CpuApproximationActor pid=3416217)[0m     v8(vertex_id=5): QUANT(dtype=float8_e3m4)
[36m(CpuApproximationActor pid=3416217)[0m     v9(vertex_id=10): COMPRESS(axis=1,kind=abs_max)
[36m(CpuApproximationActor pid=3416217)[0m     v10(vertex_id=4): COMPRESS(axis=1,kind=abs_min)
[36m(CpuApproximationActor pid=3416217)[0m     v11(vertex_id=6): QUANT(dtype=complex64)
[36m(CpuApproximationActor pid=3416217)[0m [SENTINEL-VERBOSE] ==================================================[32m [repeated 4x across cluster][0m
[36m(CpuApproximationActor pid=3416217)[0m Argument 'x' compiled with float32[16,64] and called with float32[16,4][32m [repeated 4x across cluster][0m
[36m(CpuApproximationActor pid=3416217)[0m Argument 'y' compiled with float32[16,64] and called with float32[16,4][32m [repeated 4x across cluster][0m
[36m(CpuApproximationActor pid=3416217)[0m     ...<3 lines>...[32m [repeated 4x across cluster][0m
[36m(CpuApproximationActor pid=3416217)[0m   File "/Users/assmuth/dsnn/.venv/lib/python3.13/site-packages/jax/_src/interpreters/pxla.py", line 1893, in call[32m [repeated 4x across cluster][0m
[36m(CpuApproximationActor pid=3416217)[0m [SENTINEL] measure-exception step=12 order_len=12 terminal=True: TypeError: Argument types differ from the types for which this computation was compiled. Perhaps you are calling the compiled executable with a different enable_x64 mode than when it was AOT [32m [repeated 2x across cluster][0m
[36m(CpuApproximationActor pid=3416217)[0m [SENTINEL-VERBOSE] step=12 order_len=12 terminal=True init=False point_idx=-1[32m [repeated 2x across cluster][0m
[36m(CpuApproximationActor pid=3416217)[0m [SENTINEL-VERBOSE] EXC TypeError: Argument types differ from the types for which this computation was compiled. Perhaps you are calling the compiled executable with a different enable_x64 mode than when it was AOT compiled? The mismatches are:[32m [repeated 2x across cluster][0m
[36m(CpuApproximationActor pid=3416217)[0m [SENTINEL-VERBOSE] ORDER (12): [3, 7, 8, 2, 11, 12, 1, 9, 5, 10, 4, 6][32m [repeated 2x across cluster][0m
[36m(CpuApproximationActor pid=3416217)[0m [SENTINEL-VERBOSE] MICRO-ACTIONS (per vertex, in elimination order):[32m [repeated 2x across cluster][0m
[36m(CpuApproximationActor pid=3416217)[0m [SENTINEL-VERBOSE] TRACEBACK:[32m [repeated 2x across cluster][0m
[36m(CpuApproximationActor pid=3416217)[0m Traceback (most recent call last):[32m [repeated 2x across cluster][0m
[36m(CpuApproximationActor pid=3416217)[0m   File "/Users/assmuth/dsnn/alphagrad/src/alphagrad/approx/cpu_approx_worker.py", line 257, in evaluate[32m [repeated 2x across cluster][0m
[36m(CpuApproximationActor pid=3416217)[0m     tokens, eqn_ids, reward = _callback([32m [repeated 2x across cluster][0m
[36m(CpuApproximationActor pid=3416217)[0m                               ~~~~~~~~~^[32m [repeated 2x across cluster][0m
[36m(CpuApproximationActor pid=3416217)[0m         self._config,[32m [repeated 2x across cluster][0m
[36m(CpuApproximationActor pid=3416217)[0m         ^^^^^^^^^^^^^[32m [repeated 2x across cluster][0m
[36m(CpuApproximationActor pid=3416217)[0m         point_idx=int(point_idx),[32m [repeated 2x across cluster][0m
[36m(CpuApproximationActor pid=3416217)[0m         ^^^^^^^^^^^^^^^^^^^^^^^^^[32m [repeated 2x across cluster][0m
[36m(CpuApproximationActor pid=3416217)[0m     )[32m [repeated 2x across cluster][0m
[36m(CpuApproximationActor pid=3416217)[0m     ^[32m [repeated 2x across cluster][0m
[36m(CpuApproximationActor pid=3416217)[0m   File "/Users/assmuth/dsnn/alphagrad/src/alphagrad/approx/env.py", line 4003, in _callback[32m [repeated 2x across cluster][0m
[36m(CpuApproximationActor pid=3416217)[0m     out_approx = compiled_approx(*eval_args_i)[32m [repeated 2x across cluster][0m
[36m(CpuApproximationActor pid=3416217)[0m   File "/Users/assmuth/dsnn/.venv/lib/python3.13/site-packages/jax/_src/stages.py", line 884, in __call__[32m [repeated 2x across cluster][0m
[36m(CpuApproximationActor pid=3416217)[0m     return self._call(*args, **kwargs)[32m [repeated 2x across cluster][0m
[36m(CpuApproximationActor pid=3416217)[0m            ~~~~~~~~~~^^^^^^^^^^^^^^^^^[32m [repeated 2x across cluster][0m
[36m(CpuApproximationActor pid=3416217)[0m   File "/Users/assmuth/dsnn/.venv/lib/python3.13/site-packages/jax/_src/interpreters/pxla.py", line 1926, in aot_cache_miss[32m [repeated 2x across cluster][0m
[36m(CpuApproximationActor pid=3416217)[0m     outs, out_flat, args_flat = stages.Compiled.call(params, *args, **kwargs)[32m [repeated 2x across cluster][0m
[36m(CpuApproximationActor pid=3416217)[0m                                 ~~~~~~~~~~~~~~~~~~~~^^^^^^^^^^^^^^^^^^^^^^^^^[32m [repeated 2x across cluster][0m
[36m(CpuApproximationActor pid=3416217)[0m     lo_outs = params.executable.call(*params.const_args, *args_flat)[32m [repeated 2x across cluster][0m
[36m(CpuApproximationActor pid=3416217)[0m     check_arg_avals_for_call(self._all_args_info.in_avals,[32m [repeated 2x across cluster][0m
[36m(CpuApproximationActor pid=3416217)[0m     ~~~~~~~~~~~~~~~~~~~~~~~~^^^^^^^^^^^^^^^^^^^^^^^^^^^^^^[32m [repeated 2x across cluster][0m
[36m(CpuApproximationActor pid=3416217)[0m                              map(core.shaped_abstractify, args),[32m [repeated 2x across cluster][0m
[36m(CpuApproximationActor pid=3416217)[0m                              ^^^^^^^^^^^^^^^^^^^^^^^^^^^^^^^^^^^[32m [repeated 2x across cluster][0m
[36m(CpuApproximationActor pid=3416217)[0m                              self._all_args_info.debug_info)[32m [repeated 2x across cluster][0m
[36m(CpuApproximationActor pid=3416217)[0m                              ^^^^^^^^^^^^^^^^^^^^^^^^^^^^^^^[32m [repeated 2x across cluster][0m
[36m(CpuApproximationActor pid=3416217)[0m   File "/Users/assmuth/dsnn/.venv/lib/python3.13/site-packages/jax/_src/interpreters/pxla.py", line 1998, in check_arg_avals_for_call[32m [repeated 2x across cluster][0m
[36m(CpuApproximationActor pid=3416217)[0m     raise TypeError([32m [repeated 2x across cluster][0m
[36m(CpuApproximationActor pid=3416217)[0m         f"{num_mismatch_str} mismatches are:\n{str_errors}")[32m [repeated 2x across cluster][0m
[36m(CpuApproximationActor pid=3416217)[0m TypeError: Argument types differ from the types for which this computation was compiled. Perhaps you are calling the compiled executable with a different enable_x64 mode than when it was AOT compiled? The mismatches are:[32m [repeated 2x across cluster][0m
[36m(CpuApproximationActor pid=3415722)[0m     v0(vertex_id=7): QUANT(dtype=float8_e3m4)
[36m(CpuApproximationActor pid=3415722)[0m     v1(vertex_id=5): COMPRESS(axis=1,kind=abs_max)
[36m(CpuApproximationActor pid=3415722)[0m     v2(vertex_id=4): COMPRESS(axis=1,kind=abs_max)
[36m(CpuApproximationActor pid=3415722)[0m     v3(vertex_id=11): COMPRESS(axis=1,kind=abs_max)
[36m(CpuApproximationActor pid=3415722)[0m     v4(vertex_id=9): COMPRESS(axis=1,kind=abs_max)
[36m(CpuApproximationActor pid=3415722)[0m     v5(vertex_id=12): QUANT(dtype=float8_e3m4)
[36m(CpuApproximationActor pid=3415722)[0m     v6(vertex_id=1): COMPRESS(axis=1,kind=abs_max)
[36m(CpuApproximationActor pid=3415722)[0m     v7(vertex_id=3): QUANT(dtype=float8_e3m4)
[36m(CpuApproximationActor pid=3415722)[0m     v8(vertex_id=10): COMPRESS(axis=0,kind=abs_min)
[36m(CpuApproximationActor pid=3415722)[0m     v10(vertex_id=6): QUANT(dtype=float8_e3m4)
[36m(CpuApproximationActor pid=3415722)[0m     v11(vertex_id=8): QUANT(dtype=float8_e3m4)
[36m(CpuApproximationActor pid=3413783)[0m     v1(vertex_id=3): QUANT(dtype=float8_e3m4)
[36m(CpuApproximationActor pid=3413783)[0m     v2(vertex_id=6): QUANT(dtype=float8_e3m4)
[36m(CpuApproximationActor pid=3413783)[0m     v3(vertex_id=11): COMPRESS(axis=1,kind=abs_min)
[36m(CpuApproximationActor pid=3413783)[0m     v4(vertex_id=2): DIAG(bi1=0,bi2=0,factor=2)
[36m(CpuApproximationActor pid=3413783)[0m     v5(vertex_id=4): COMPRESS(axis=1,kind=abs_max)
[36m(CpuApproximationActor pid=3413783)[0m     v6(vertex_id=7): QUANT(dtype=float8_e3m4)
[36m(CpuApproximationActor pid=3413783)[0m     v7(vertex_id=5): COMPRESS(axis=1,kind=abs_max)
[36m(CpuApproximationActor pid=3413783)[0m     v8(vertex_id=1): COMPRESS(axis=1,kind=abs_max)
[36m(CpuApproximationActor pid=3413783)[0m     v10(vertex_id=12): COMPRESS(axis=1,kind=abs_min)
[36m(CpuApproximationActor pid=3413783)[0m     v11(vertex_id=8): QUANT(dtype=float8_e3m4)
[36m(PPOActor pid=3413782)[0m [ppo_ray] 4/48 failed/sentinel transitions this episode (pool timeout / mem-gate / shape-storm); zeroing raw rewards, forcing dones.
[36m(PPOActor pid=3413782)[0m [ppo_ray][popart] ep=5 ev=-39899.677 adv(mean/std/absmax)=-0.032/0.024/0.094 flops: mu=+0 sig=1 frob_residual: mu=+0 sig=1
ppo_ray best:+0(ep0) mean:+0 loss(p/v):-0.04/0.00055 ent:2.473 nan_skip:0:   1%|▍                                                                | 6/1000 [01:56<4:08:30, 15.00s/it]ppo_ray best:+0(ep0) mean:+0 loss(p/v):0.029/0.00038 ent:2.140 nan_skip:0:   1%|▍                                                                | 6/1000 [01:56<4:08:30, 15.00s/it][36m(PPOActor pid=3413782)[0m [ppo_ray] anti-degen: excluded 4 degenerate/failed terminal env(s) from best_overall.
[36m(CpuApproximationActor pid=3413783)[0m [per-face] builds=400 applied=0 skipped=0 applied_frac=0.000[32m [repeated 2x across cluster][0m
[36m(CpuApproximationActor pid=3416679)[0m W0723 14:59:03.817092 3416679 text_format.cc:393] Warning parsing text-format xla.TritonGemmConfigsProto: 15:53 (N = 1): text format contains deprecated field "split_k"
[36m(CpuApproximationActor pid=3416679)[0m W0723 14:59:03.817117 3416679 text_format.cc:393] Warning parsing text-format xla.TritonGemmConfigsProto: 16:53 (N = 2): text format contains deprecated field "split_k"
[36m(CpuApproximationActor pid=3416679)[0m W0723 14:59:03.817124 3416679 text_format.cc:393] Warning parsing text-format xla.TritonGemmConfigsProto: 18:53 (N = 4): text format contains deprecated field "split_k"
[36m(CpuApproximationActor pid=3416679)[0m W0723 14:59:03.817133 3416679 text_format.cc:393] Warning parsing text-format xla.TritonGemmConfigsProto: 22:53 (N = 8): text format contains deprecated field "split_k"
[36m(CpuApproximationActor pid=3416679)[0m W0723 14:59:03.817147 3416679 text_format.cc:393] Warning parsing text-format xla.TritonGemmConfigsProto: 30:53 (N = 16): text format contains deprecated field "split_k"
[36m(CpuApproximationActor pid=3416679)[0m W0723 14:59:03.817177 3416679 text_format.cc:393] Warning parsing text-format xla.TritonGemmConfigsProto: 16:52 (N = 32): text format contains deprecated field "split_k"
[36m(CpuApproximationActor pid=3416679)[0m W0723 14:59:03.817227 3416679 text_format.cc:393] Warning parsing text-format xla.TritonGemmConfigsProto: 48:53 (N = 64): text format contains deprecated field "split_k"
[36m(CpuApproximationActor pid=3416679)[0m W0723 14:59:03.817325 3416679 text_format.cc:393] Warning parsing text-format xla.TritonGemmConfigsProto: 78:53 (N = 128): text format contains deprecated field "split_k"
[36m(CpuApproximationActor pid=3416679)[0m W0723 14:59:03.817510 3416679 text_format.cc:393] Warning parsing text-format xla.TritonGemmConfigsProto: 36:55 (N = 256): text format contains deprecated field "split_k"
[36m(CpuApproximationActor pid=3416679)[0m [cpu_approx_worker pid=3416679] env: ALPHAGRAD_EXACT_ONLY=1 ALPHAGRAD_EXAMPLE_WIDTH=64 ALPHAGRAD_FACE_TRANSFORMS=0 ALPHAGRAD_MEASURE_VIA_AOJ=0 ALPHAGRAD_PER_FACE_MVP=0 ALPHAGRAD_POLICY=palimpsa JAX_COMPILATION_CACHE_DIR=/tmp/dsnn-jax-cache-55181-pgi15-gpu9
[36m(CpuApproximationActor pid=3416679)[0m [measure-actor 6] host=pgi15-gpu9.iff.kfa-juelich.de CUDA_VISIBLE_DEVICES=2 jax_devices=[CudaDevice(id=0)]
[36m(CpuApproximationActor pid=3413783)[0m [SENTINEL-VERBOSE] ==================================================[32m [repeated 4x across cluster][0m
[36m(CpuApproximationActor pid=3413783)[0m Argument 'x' compiled with float32[16,64] and called with float32[16,4][32m [repeated 4x across cluster][0m
[36m(CpuApproximationActor pid=3413783)[0m Argument 'y' compiled with float32[16,64] and called with float32[16,4][32m [repeated 4x across cluster][0m
[36m(CpuApproximationActor pid=3413783)[0m     ...<3 lines>...[32m [repeated 4x across cluster][0m
[36m(CpuApproximationActor pid=3413783)[0m   File "/Users/assmuth/dsnn/.venv/lib/python3.13/site-packages/jax/_src/interpreters/pxla.py", line 1893, in call[32m [repeated 4x across cluster][0m
[36m(CpuApproximationActor pid=3413783)[0m [SENTINEL] measure-exception step=12 order_len=12 terminal=True: TypeError: Argument types differ from the types for which this computation was compiled. Perhaps you are calling the compiled executable with a different enable_x64 mode than when it was AOT [32m [repeated 2x across cluster][0m
[36m(CpuApproximationActor pid=3413783)[0m [SENTINEL-VERBOSE] step=12 order_len=12 terminal=True init=False point_idx=-1[32m [repeated 2x across cluster][0m
[36m(CpuApproximationActor pid=3413783)[0m [SENTINEL-VERBOSE] EXC TypeError: Argument types differ from the types for which this computation was compiled. Perhaps you are calling the compiled executable with a different enable_x64 mode than when it was AOT compiled? The mismatches are:[32m [repeated 2x across cluster][0m
[36m(CpuApproximationActor pid=3413783)[0m [SENTINEL-VERBOSE] ORDER (12): [9, 3, 6, 11, 2, 4, 7, 5, 1, 10, 12, 8][32m [repeated 2x across cluster][0m
[36m(CpuApproximationActor pid=3413783)[0m [SENTINEL-VERBOSE] MICRO-ACTIONS (per vertex, in elimination order):[32m [repeated 2x across cluster][0m
[36m(CpuApproximationActor pid=3413783)[0m [SENTINEL-VERBOSE] TRACEBACK:[32m [repeated 2x across cluster][0m
[36m(CpuApproximationActor pid=3413783)[0m Traceback (most recent call last):[32m [repeated 2x across cluster][0m
[36m(CpuApproximationActor pid=3413783)[0m   File "/Users/assmuth/dsnn/alphagrad/src/alphagrad/approx/cpu_approx_worker.py", line 257, in evaluate[32m [repeated 2x across cluster][0m
[36m(CpuApproximationActor pid=3413783)[0m     tokens, eqn_ids, reward = _callback([32m [repeated 2x across cluster][0m
[36m(CpuApproximationActor pid=3413783)[0m                               ~~~~~~~~~^[32m [repeated 2x across cluster][0m
[36m(CpuApproximationActor pid=3413783)[0m         self._config,[32m [repeated 2x across cluster][0m
[36m(CpuApproximationActor pid=3413783)[0m         ^^^^^^^^^^^^^[32m [repeated 2x across cluster][0m
[36m(CpuApproximationActor pid=3413783)[0m         point_idx=int(point_idx),[32m [repeated 2x across cluster][0m
[36m(CpuApproximationActor pid=3413783)[0m         ^^^^^^^^^^^^^^^^^^^^^^^^^[32m [repeated 2x across cluster][0m
[36m(CpuApproximationActor pid=3413783)[0m     )[32m [repeated 2x across cluster][0m
[36m(CpuApproximationActor pid=3413783)[0m     ^[32m [repeated 2x across cluster][0m
[36m(CpuApproximationActor pid=3413783)[0m   File "/Users/assmuth/dsnn/alphagrad/src/alphagrad/approx/env.py", line 4003, in _callback[32m [repeated 2x across cluster][0m
[36m(CpuApproximationActor pid=3413783)[0m     out_approx = compiled_approx(*eval_args_i)[32m [repeated 2x across cluster][0m
[36m(CpuApproximationActor pid=3413783)[0m   File "/Users/assmuth/dsnn/.venv/lib/python3.13/site-packages/jax/_src/stages.py", line 884, in __call__[32m [repeated 2x across cluster][0m
[36m(CpuApproximationActor pid=3413783)[0m     return self._call(*args, **kwargs)[32m [repeated 2x across cluster][0m
[36m(CpuApproximationActor pid=3413783)[0m            ~~~~~~~~~~^^^^^^^^^^^^^^^^^[32m [repeated 2x across cluster][0m
[36m(CpuApproximationActor pid=3413783)[0m   File "/Users/assmuth/dsnn/.venv/lib/python3.13/site-packages/jax/_src/interpreters/pxla.py", line 1926, in aot_cache_miss[32m [repeated 2x across cluster][0m
[36m(CpuApproximationActor pid=3413783)[0m     outs, out_flat, args_flat = stages.Compiled.call(params, *args, **kwargs)[32m [repeated 2x across cluster][0m
[36m(CpuApproximationActor pid=3413783)[0m                                 ~~~~~~~~~~~~~~~~~~~~^^^^^^^^^^^^^^^^^^^^^^^^^[32m [repeated 2x across cluster][0m
[36m(CpuApproximationActor pid=3413783)[0m     lo_outs = params.executable.call(*params.const_args, *args_flat)[32m [repeated 2x across cluster][0m
[36m(CpuApproximationActor pid=3413783)[0m     check_arg_avals_for_call(self._all_args_info.in_avals,[32m [repeated 2x across cluster][0m
[36m(CpuApproximationActor pid=3413783)[0m     ~~~~~~~~~~~~~~~~~~~~~~~~^^^^^^^^^^^^^^^^^^^^^^^^^^^^^^[32m [repeated 2x across cluster][0m
[36m(CpuApproximationActor pid=3413783)[0m                              map(core.shaped_abstractify, args),[32m [repeated 2x across cluster][0m
[36m(CpuApproximationActor pid=3413783)[0m                              ^^^^^^^^^^^^^^^^^^^^^^^^^^^^^^^^^^^[32m [repeated 2x across cluster][0m
[36m(CpuApproximationActor pid=3413783)[0m                              self._all_args_info.debug_info)[32m [repeated 2x across cluster][0m
[36m(CpuApproximationActor pid=3413783)[0m                              ^^^^^^^^^^^^^^^^^^^^^^^^^^^^^^^[32m [repeated 2x across cluster][0m
[36m(CpuApproximationActor pid=3413783)[0m   File "/Users/assmuth/dsnn/.venv/lib/python3.13/site-packages/jax/_src/interpreters/pxla.py", line 1998, in check_arg_avals_for_call[32m [repeated 2x across cluster][0m
[36m(CpuApproximationActor pid=3413783)[0m     raise TypeError([32m [repeated 2x across cluster][0m
[36m(CpuApproximationActor pid=3413783)[0m         f"{num_mismatch_str} mismatches are:\n{str_errors}")[32m [repeated 2x across cluster][0m
[36m(CpuApproximationActor pid=3413783)[0m TypeError: Argument types differ from the types for which this computation was compiled. Perhaps you are calling the compiled executable with a different enable_x64 mode than when it was AOT compiled? The mismatches are:[32m [repeated 2x across cluster][0m
[36m(PPOActor pid=3413782)[0m [per-face] builds=1200 applied=0 skipped=0 applied_frac=0.000
Traceback (most recent call last):
  File "/Users/assmuth/dsnn/alphagrad/src/alphagrad/approx/ppo_ray.py", line 776, in <module>
    sys.exit(main())
             ~~~~^^
  File "/Users/assmuth/dsnn/alphagrad/src/alphagrad/approx/ppo_ray.py", line 770, in main
    rc = _run(args)
  File "/Users/assmuth/dsnn/alphagrad/src/alphagrad/approx/ppo_ray.py", line 561, in _run
    stats = ray.get(actor.run_rollout_and_train.remote(seed_counter))
  File "/Users/assmuth/dsnn/.venv/lib/python3.13/site-packages/ray/_private/auto_init_hook.py", line 22, in auto_init_wrapper
    return fn(*args, **kwargs)
  File "/Users/assmuth/dsnn/.venv/lib/python3.13/site-packages/ray/_private/client_mode_hook.py", line 107, in wrapper
    return func(*args, **kwargs)
  File "/Users/assmuth/dsnn/.venv/lib/python3.13/site-packages/ray/_private/worker.py", line 2980, in get
    values, debugger_breakpoint = worker.get_objects(
                                  ~~~~~~~~~~~~~~~~~~^
        object_refs, timeout, use_object_store=_use_object_store
        ^^^^^^^^^^^^^^^^^^^^^^^^^^^^^^^^^^^^^^^^^^^^^^^^^^^^^^^^
    )
    ^
  File "/Users/assmuth/dsnn/.venv/lib/python3.13/site-packages/ray/_private/worker.py", line 1023, in get_objects
    raise value.as_instanceof_cause()
ray.exceptions.RayTaskError(ValueError): [36mray::PPOActor.run_rollout_and_train()[39m (pid=3413782, ip=192.168.15.9, actor_id=ac7e79aabbb79666549ccb1d01000000, repr=<alphagrad.approx.ppo_ray_actors.PPOActor object at 0x78553ebc1550>)
  File "/Users/assmuth/dsnn/graphax/src/graphax/core.py", line 917, in _apply_micro
    return apply_quant(edge_outval, _t)
  File "/Users/assmuth/dsnn/graphax/src/graphax/sparse/micro_actions.py", line 70, in _wrapper
    out = fn(st, action, *a, **k)
  File "/Users/assmuth/dsnn/graphax/src/graphax/sparse/micro_actions.py", line 623, in apply_quant
    q = jnp.round(st.val.astype(jnp.float32) / s_safe)
                  ~~~~~~~~~~~~~~~~~~~~~~~~~~~^~~~~~~~
  File "/Users/assmuth/dsnn/.venv/lib/python3.13/site-packages/jax/_src/numpy/array_methods.py", line 1501, in op
    return getattr(self.aval, f"_{name}")(self, *args)
           ~~~~~~~~~~~~~~~~~~~~~~~~~~~~~~^^^^^^^^^^^^^
  File "/Users/assmuth/dsnn/.venv/lib/python3.13/site-packages/jax/_src/numpy/array_methods.py", line 800, in _operator_truediv
    return ufuncs.true_divide(self, cast(ArrayLike, other))
           ~~~~~~~~~~~~~~~~~~^^^^^^^^^^^^^^^^^^^^^^^^^^^^^^
  File "/Users/assmuth/dsnn/.venv/lib/python3.13/site-packages/jax/_src/numpy/ufuncs.py", line 2472, in true_divide
    x1, x2 = promote_args_inexact("true_divide", x1, x2)
             ~~~~~~~~~~~~~~~~~~~~^^^^^^^^^^^^^^^^^^^^^^^
  File "/Users/assmuth/dsnn/.venv/lib/python3.13/site-packages/jax/_src/numpy/util.py", line 248, in promote_args_inexact
    return promote_shapes(fun_name, *promote_dtypes_inexact(*args))
                                     ~~~~~~~~~~~~~~~~~~~~~~^^^^^^^
  File "/Users/assmuth/dsnn/.venv/lib/python3.13/site-packages/jax/_src/numpy/util.py", line 92, in promote_dtypes_inexact
    to_dtype, weak_type = dtypes.lattice_result_type(*args)
                          ~~~~~~~~~~~~~~~~~~~~~~~~~~^^^^^^^
jax.dtypes.TypePromotionError: Input dtypes ('float8_e3m4', 'float32') have no available implicit dtype promotion path. To avoid unintended promotion, 8-bit floats do not support implicit promotion. If you'd like your inputs to be promoted to another type, you can do so explicitly using e.g. x.astype('float32')
--------------------
For simplicity, JAX has removed its internal frames from the traceback of the following exception. Set JAX_TRACEBACK_FILTERING=off to include these.

The above exception was the direct cause of the following exception:

[36mray::PPOActor.run_rollout_and_train()[39m (pid=3413782, ip=192.168.15.9, actor_id=ac7e79aabbb79666549ccb1d01000000, repr=<alphagrad.approx.ppo_ray_actors.PPOActor object at 0x78553ebc1550>)
  File "/Users/assmuth/dsnn/alphagrad/src/alphagrad/approx/ppo_ray_actors.py", line 71, in run_rollout_and_train
    return self._impl.run_rollout_and_train(int(rng_seed))
           ~~~~~~~~~~~~~~~~~~~~~~~~~~~~~~~~^^^^^^^^^^^^^^^
  File "/Users/assmuth/dsnn/alphagrad/src/alphagrad/approx/ppo_ray_worker.py", line 2260, in run_rollout_and_train
    self._advance_mask_oracles(order_np, step_np, specs_np)
    ~~~~~~~~~~~~~~~~~~~~~~~~~~^^^^^^^^^^^^^^^^^^^^^^^^^^^^^
  File "/Users/assmuth/dsnn/alphagrad/src/alphagrad/approx/ppo_ray_worker.py", line 1562, in _advance_mask_oracles
    oracle.advance(v, tmap.get(v, ()))
    ~~~~~~~~~~~~~~^^^^^^^^^^^^^^^^^^^^
  File "/Users/assmuth/dsnn/alphagrad/src/alphagrad/approx/common/masks.py", line 510, in advance
    incr.eliminate(vertex, rules=tuple(rules))
    ~~~~~~~~~~~~~~^^^^^^^^^^^^^^^^^^^^^^^^^^^^
  File "/Users/assmuth/dsnn/graphax/src/graphax/incremental.py", line 148, in eliminate
    _eliminate_vertex(int(vertex), self.jaxpr, self.graph,
    ~~~~~~~~~~~~~~~~~^^^^^^^^^^^^^^^^^^^^^^^^^^^^^^^^^^^^^
                      self.tgraph, self.vo, False,
                      ^^^^^^^^^^^^^^^^^^^^^^^^^^^^
                      transforms=tuple(rules),
                      ^^^^^^^^^^^^^^^^^^^^^^^^
                      face_transforms=face_transforms)
                      ^^^^^^^^^^^^^^^^^^^^^^^^^^^^^^^^
  File "/Users/assmuth/dsnn/graphax/src/graphax/core.py", line 1736, in _eliminate_vertex
    raise ValueError(
    ...<10 lines>...
    ) from _exc
ValueError: TRANSFORM DID NOT FIT at vertex 6: Quant(dtype='int16') on edge (in=Var(id=132183930083520):float32[64,64], out=Var(id=132183930063104):float32[16,64]) -> TypePromotionError: Input dtypes ('float8_e3m4', 'float32') have no available implicit dtype promotion path. To avoid unintended promotion, 8-bit floats do not support implicit promotion. If you'd like your inputs to be promoted to another type, you can do so explicitly using e.g. x.astype('float32'). edge out_dims=[(16, None, None, 1), (64, 3, None, 0)] primal_dims=[(64, None, None, 2), (64, 1, None, 0)] val=(64, 16, 64). This transform was previously SKIPPED SILENTLY, which desyncs the two edges of a shared variable and makes a no-op approximation report cos=1.0. Mask invalid actions up front (see diag_mask/compress_mask) instead of discovering them by throwing. Set GRAPHAX_BEST_EFFORT_TRANSFORMS=1 to restore the legacy silent skip.
Traceback (most recent call last):
  File "/Users/assmuth/dsnn/alphagrad/src/alphagrad/approx/ppo_ray.py", line 776, in <module>
    sys.exit(main())
             ~~~~^^
  File "/Users/assmuth/dsnn/alphagrad/src/alphagrad/approx/ppo_ray.py", line 770, in main
    rc = _run(args)
  File "/Users/assmuth/dsnn/alphagrad/src/alphagrad/approx/ppo_ray.py", line 561, in _run
    stats = ray.get(actor.run_rollout_and_train.remote(seed_counter))
  File "/Users/assmuth/dsnn/.venv/lib/python3.13/site-packages/ray/_private/auto_init_hook.py", line 22, in auto_init_wrapper
    return fn(*args, **kwargs)
  File "/Users/assmuth/dsnn/.venv/lib/python3.13/site-packages/ray/_private/client_mode_hook.py", line 107, in wrapper
    return func(*args, **kwargs)
  File "/Users/assmuth/dsnn/.venv/lib/python3.13/site-packages/ray/_private/worker.py", line 2980, in get
    values, debugger_breakpoint = worker.get_objects(
                                  ~~~~~~~~~~~~~~~~~~^
        object_refs, timeout, use_object_store=_use_object_store
        ^^^^^^^^^^^^^^^^^^^^^^^^^^^^^^^^^^^^^^^^^^^^^^^^^^^^^^^^
    )
    ^
  File "/Users/assmuth/dsnn/.venv/lib/python3.13/site-packages/ray/_private/worker.py", line 1023, in get_objects
    raise value.as_instanceof_cause()
ray.exceptions.RayTaskError(ValueError): [36mray::PPOActor.run_rollout_and_train()[39m (pid=3413782, ip=192.168.15.9, actor_id=ac7e79aabbb79666549ccb1d01000000, repr=<alphagrad.approx.ppo_ray_actors.PPOActor object at 0x78553ebc1550>)
  File "/Users/assmuth/dsnn/graphax/src/graphax/core.py", line 917, in _apply_micro
    return apply_quant(edge_outval, _t)
  File "/Users/assmuth/dsnn/graphax/src/graphax/sparse/micro_actions.py", line 70, in _wrapper
    out = fn(st, action, *a, **k)
  File "/Users/assmuth/dsnn/graphax/src/graphax/sparse/micro_actions.py", line 623, in apply_quant
    q = jnp.round(st.val.astype(jnp.float32) / s_safe)
                  ~~~~~~~~~~~~~~~~~~~~~~~~~~~^~~~~~~~
  File "/Users/assmuth/dsnn/.venv/lib/python3.13/site-packages/jax/_src/numpy/array_methods.py", line 1501, in op
    return getattr(self.aval, f"_{name}")(self, *args)
           ~~~~~~~~~~~~~~~~~~~~~~~~~~~~~~^^^^^^^^^^^^^
  File "/Users/assmuth/dsnn/.venv/lib/python3.13/site-packages/jax/_src/numpy/array_methods.py", line 800, in _operator_truediv
    return ufuncs.true_divide(self, cast(ArrayLike, other))
           ~~~~~~~~~~~~~~~~~~^^^^^^^^^^^^^^^^^^^^^^^^^^^^^^
  File "/Users/assmuth/dsnn/.venv/lib/python3.13/site-packages/jax/_src/numpy/ufuncs.py", line 2472, in true_divide
    x1, x2 = promote_args_inexact("true_divide", x1, x2)
             ~~~~~~~~~~~~~~~~~~~~^^^^^^^^^^^^^^^^^^^^^^^
  File "/Users/assmuth/dsnn/.venv/lib/python3.13/site-packages/jax/_src/numpy/util.py", line 248, in promote_args_inexact
    return promote_shapes(fun_name, *promote_dtypes_inexact(*args))
                                     ~~~~~~~~~~~~~~~~~~~~~~^^^^^^^
  File "/Users/assmuth/dsnn/.venv/lib/python3.13/site-packages/jax/_src/numpy/util.py", line 92, in promote_dtypes_inexact
    to_dtype, weak_type = dtypes.lattice_result_type(*args)
                          ~~~~~~~~~~~~~~~~~~~~~~~~~~^^^^^^^
jax.dtypes.TypePromotionError: Input dtypes ('float8_e3m4', 'float32') have no available implicit dtype promotion path. To avoid unintended promotion, 8-bit floats do not support implicit promotion. If you'd like your inputs to be promoted to another type, you can do so explicitly using e.g. x.astype('float32')
--------------------
For simplicity, JAX has removed its internal frames from the traceback of the following exception. Set JAX_TRACEBACK_FILTERING=off to include these.

The above exception was the direct cause of the following exception:

[36mray::PPOActor.run_rollout_and_train()[39m (pid=3413782, ip=192.168.15.9, actor_id=ac7e79aabbb79666549ccb1d01000000, repr=<alphagrad.approx.ppo_ray_actors.PPOActor object at 0x78553ebc1550>)
  File "/Users/assmuth/dsnn/alphagrad/src/alphagrad/approx/ppo_ray_actors.py", line 71, in run_rollout_and_train
    return self._impl.run_rollout_and_train(int(rng_seed))
           ~~~~~~~~~~~~~~~~~~~~~~~~~~~~~~~~^^^^^^^^^^^^^^^
  File "/Users/assmuth/dsnn/alphagrad/src/alphagrad/approx/ppo_ray_worker.py", line 2260, in run_rollout_and_train
    self._advance_mask_oracles(order_np, step_np, specs_np)
    ~~~~~~~~~~~~~~~~~~~~~~~~~~^^^^^^^^^^^^^^^^^^^^^^^^^^^^^
  File "/Users/assmuth/dsnn/alphagrad/src/alphagrad/approx/ppo_ray_worker.py", line 1562, in _advance_mask_oracles
    oracle.advance(v, tmap.get(v, ()))
    ~~~~~~~~~~~~~~^^^^^^^^^^^^^^^^^^^^
  File "/Users/assmuth/dsnn/alphagrad/src/alphagrad/approx/common/masks.py", line 510, in advance
    incr.eliminate(vertex, rules=tuple(rules))
    ~~~~~~~~~~~~~~^^^^^^^^^^^^^^^^^^^^^^^^^^^^
  File "/Users/assmuth/dsnn/graphax/src/graphax/incremental.py", line 148, in eliminate
    _eliminate_vertex(int(vertex), self.jaxpr, self.graph,
    ~~~~~~~~~~~~~~~~~^^^^^^^^^^^^^^^^^^^^^^^^^^^^^^^^^^^^^
                      self.tgraph, self.vo, False,
                      ^^^^^^^^^^^^^^^^^^^^^^^^^^^^
                      transforms=tuple(rules),
                      ^^^^^^^^^^^^^^^^^^^^^^^^
                      face_transforms=face_transforms)
                      ^^^^^^^^^^^^^^^^^^^^^^^^^^^^^^^^
  File "/Users/assmuth/dsnn/graphax/src/graphax/core.py", line 1736, in _eliminate_vertex
    raise ValueError(
    ...<10 lines>...
    ) from _exc
ValueError: TRANSFORM DID NOT FIT at vertex 6: Quant(dtype='int16') on edge (in=Var(id=132183930083520):float32[64,64], out=Var(id=132183930063104):float32[16,64]) -> TypePromotionError: Input dtypes ('float8_e3m4', 'float32') have no available implicit dtype promotion path. To avoid unintended promotion, 8-bit floats do not support implicit promotion. If you'd like your inputs to be promoted to another type, you can do so explicitly using e.g. x.astype('float32'). edge out_dims=[(16, None, None, 1), (64, 3, None, 0)] primal_dims=[(64, None, None, 2), (64, 1, None, 0)] val=(64, 16, 64). This transform was previously SKIPPED SILENTLY, which desyncs the two edges of a shared variable and makes a no-op approximation report cos=1.0. Mask invalid actions up front (see diag_mask/compress_mask) instead of discovering them by throwing. Set GRAPHAX_BEST_EFFORT_TRANSFORMS=1 to restore the legacy silent skip.
[1;34mwandb[0m: 
[1;34mwandb[0m: You can sync this run to the cloud by running:
[1;34mwandb[0m: [1mwandb sync /Users/assmuth/dsnn/alphagrad/wandb/offline-run-20260723_145640-tgigmpx8[0m
[1;34mwandb[0m: Find logs at: [1;35mwandb/offline-run-20260723_145640-tgigmpx8/logs[0m
=== PHASE flops RC=1 Thu Jul 23 02:59:12 PM UTC 2026 ===
[log_to_csv] campaign_exp/exact_mlp_flops/run.log -> campaign_exp/exact_mlp_flops/metrics.csv: 0 rows (of 6 episodes, warmup=50, drop_zeros=True), 1 columns
=== ALL PHASES DONE Thu Jul 23 02:59:12 PM UTC 2026 ===
