=== node=pgi15-gpu13 gpu=NVIDIA GeForce RTX 4090 Thu Jul 23 03:35:22 PM UTC 2026 ===
=== TAG=exact_adalif_multiloop MODE=exact EXAMPLE=ADALIF_SNN_SEQ WIDTH=64 SNN_STEPS=8 ===
=== graphax=30441f6 examples: ADALIF_SNN_SEQ, a fully-unrolled temporal adaptive-LIF ===
=== alphagrad=70b4686 fix: exact-only was not exact; ADALIF/EncoderDecoder argnums; surface failures ===
=== PHASE lat_mem START Thu Jul 23 03:35:22 PM UTC 2026 ===
2026-07-23 15:35:25,597	INFO worker.py:2012 -- Started a local Ray instance.
/Users/assmuth/dsnn/.venv/lib/python3.13/site-packages/ray/_private/worker.py:2051: FutureWarning: Tip: In future versions of Ray, Ray will no longer override accelerator visible devices env var if num_gpus=0 or num_gpus=None (default). To enable this behavior and turn off this error message, set RAY_ACCEL_ENV_VAR_OVERRIDE_ON_ZERO=0
  warnings.warn(
wandb: Loading settings from /Users/assmuth/.config/wandb/settings
wandb: [wandb.login()] Loaded credentials for https://api.wandb.ai from /Users/assmuth/.netrc.
wandb: Currently logged in as: florian-assmuth (dll-streetview) to https://api.wandb.ai. Use `wandb login --relogin` to force relogin
wandb: WARNING Using a boolean value for 'reinit' is deprecated. Use 'return_previous' or 'finish_previous' instead.
wandb: setting up run k40ux8rt
wandb: Tracking run with wandb version 0.25.0
wandb: Run data is saved locally in /Users/assmuth/dsnn/alphagrad/wandb/run-20260723_153526-k40ux8rt
wandb: Run `wandb offline` to turn off syncing.
wandb: Syncing run exact_adalif_multiloop_lat_mem
wandb: ⭐️ View project at https://wandb.ai/dll-streetview/dsnn-vertex
wandb: 🚀 View run at https://wandb.ai/dll-streetview/dsnn-vertex/runs/k40ux8rt
[33m(raylet)[0m It looks like you're creating a detached actor in an anonymous namespace. In order to access this actor in the future, you will need to explicitly connect to this namespace with ray.init(namespace="c293272b-b8c1-4fb7-8c63-8e8246f3363f", ...)
[36m(CpuApproximationActor pid=18722)[0m [cpu_approx_worker pid=18722] env: ALPHAGRAD_EXACT_ONLY=1 ALPHAGRAD_EXAMPLE_WIDTH=64 ALPHAGRAD_FACE_TRANSFORMS=0 ALPHAGRAD_MEASURE_VIA_AOJ=0 ALPHAGRAD_PER_FACE_MVP=0 ALPHAGRAD_POLICY=palimpsa ALPHAGRAD_SNN_STEPS=8 JAX_COMPILATION_CACHE_DIR=/tmp/dsnn-jax-cache-55213-pgi15-gpu13
[36m(CpuApproximationActor pid=18722)[0m [measure-actor 2] host=pgi15-gpu13 CUDA_VISIBLE_DEVICES=3 jax_devices=[CudaDevice(id=0)]
[33m(raylet)[0m It looks like you're creating a detached actor in an anonymous namespace. In order to access this actor in the future, you will need to explicitly connect to this namespace with ray.init(namespace="c293272b-b8c1-4fb7-8c63-8e8246f3363f", ...)
[36m(PPOActor pid=18719)[0m [ppo_ray] ADDITIVE failed/sentinel penalty = -2.0 (bounded-negative, INCLUDED in advantage+loss -- replaces the failed-row mask; failed rows are repulsive, never a zero-gradient no-op).
[36m(PPOActor pid=18719)[0m [ppo_ray] V2 anti-hack: failed_adv_stamp=1.0 (post-z-score advantage overwrite on failed rows), cost_symlog_cap=0.0 (symlog'd cost channels clipped to +/-cap).
[36m(PPOActor pid=18719)[0m [ppo_ray] PopArt value norm ON: beta=0.01 sigma_min(base=0.1, quality[6,9]=0.2) sigma_max=1e+12 robust_std=True (winsor k=5.0) — replaces the rollout advantage z-score; under pure-PopArt advantage a failed row is truly-neutral (A==0), no constant stamp.
[36m(PPOActor pid=18719)[0m [ppo_ray] DYNAMIC SENTINEL ON: failed/sentinel terminals get per-channel mu_c - 2.0*sigma_c (EMA beta=0.01) instead of -1e10. The additive failed_penalty stamp AND the post-z-score failed_adv_stamp are DISABLED (dynamic value supersedes them); failed_transitions logging + PopArt exclusion unchanged.
[36m(PPOActor pid=18719)[0m [ppo_ray] RAW COSSIM THREAD ON: env emits full-range cosine_sim in idx6; worker applies guide cap=None into the GAE buffer only, logs reward/cosine_sim_raw from the uncapped value.
[36m(PPOActor pid=18719)[0m [ppo_ray_worker] POLICY V2 ACTIVE: MicroPPOAgent = PALIMPSA backbone + PointerVertexPolicy + MicroActionPolicy(max_substeps=1) + separate value pool; factor tables up to axis size 64 (observed max 64).
[36m(PPOActor pid=18719)[0m [ppo_ray_worker] V2 policy heads scaled by 0.1 (near-uniform initial policy).
[36m(CpuApproximationActor pid=18720)[0m [cpu_approx_worker pid=18720] env: ALPHAGRAD_EXACT_ONLY=1 ALPHAGRAD_EXAMPLE_WIDTH=64 ALPHAGRAD_FACE_TRANSFORMS=0 ALPHAGRAD_MEASURE_VIA_AOJ=0 ALPHAGRAD_PER_FACE_MVP=0 ALPHAGRAD_POLICY=palimpsa ALPHAGRAD_SNN_STEPS=8 JAX_COMPILATION_CACHE_DIR=/tmp/dsnn-jax-cache-55213-pgi15-gpu13[32m [repeated 2x across cluster] (Ray deduplicates logs by default. Set RAY_DEDUP_LOGS=0 to disable log deduplication, or see https://docs.ray.io/en/master/ray-observability/user-guides/configure-logging.html#log-deduplication for more options.)[0m
[36m(CpuApproximationActor pid=18720)[0m [measure-actor 1] host=pgi15-gpu13 CUDA_VISIBLE_DEVICES=2 jax_devices=[CudaDevice(id=0)][32m [repeated 2x across cluster][0m
  actors spawned + JIT-warm in 26.3s
ppo_ray:   0%|                                                                                                                                             | 0/1000 [00:00<?, ?it/s][36m(PPOActor pid=18719)[0m W0723 15:35:53.892788   18719 text_format.cc:393] Warning parsing text-format xla.TritonGemmConfigsProto: 15:53 (N = 1): text format contains deprecated field "split_k"
[36m(PPOActor pid=18719)[0m W0723 15:35:53.892824   18719 text_format.cc:393] Warning parsing text-format xla.TritonGemmConfigsProto: 16:53 (N = 2): text format contains deprecated field "split_k"
[36m(PPOActor pid=18719)[0m W0723 15:35:53.892831   18719 text_format.cc:393] Warning parsing text-format xla.TritonGemmConfigsProto: 18:53 (N = 4): text format contains deprecated field "split_k"
[36m(PPOActor pid=18719)[0m W0723 15:35:53.892840   18719 text_format.cc:393] Warning parsing text-format xla.TritonGemmConfigsProto: 22:53 (N = 8): text format contains deprecated field "split_k"
[36m(PPOActor pid=18719)[0m W0723 15:35:53.892853   18719 text_format.cc:393] Warning parsing text-format xla.TritonGemmConfigsProto: 30:53 (N = 16): text format contains deprecated field "split_k"
[36m(PPOActor pid=18719)[0m W0723 15:35:53.892881   18719 text_format.cc:393] Warning parsing text-format xla.TritonGemmConfigsProto: 16:52 (N = 32): text format contains deprecated field "split_k"
[36m(PPOActor pid=18719)[0m W0723 15:35:53.892930   18719 text_format.cc:393] Warning parsing text-format xla.TritonGemmConfigsProto: 48:53 (N = 64): text format contains deprecated field "split_k"
[36m(PPOActor pid=18719)[0m W0723 15:35:53.893025   18719 text_format.cc:393] Warning parsing text-format xla.TritonGemmConfigsProto: 78:53 (N = 128): text format contains deprecated field "split_k"
[36m(PPOActor pid=18719)[0m W0723 15:35:53.893210   18719 text_format.cc:393] Warning parsing text-format xla.TritonGemmConfigsProto: 36:55 (N = 256): text format contains deprecated field "split_k"
[36m(CpuApproximationActor pid=18722)[0m /Users/assmuth/dsnn/alphagrad/src/alphagrad/approx/env.py:3137: UserWarning: [alphagrad.approx.env] jaxpr tokenization truncated: raw_len=16804 > MAX_TOKENS=16384 (overflow=420). The policy will see a clipped observation for this step. Subsequent truncations are silent but counted (see ``tokenization/{truncated_count, overflow_sum_this_ep}`` in the wandb log).
[36m(CpuApproximationActor pid=18722)[0m   _record_tokenization_truncation(int(raw_tokens.shape[0]))
[36m(CpuApproximationActor pid=18721)[0m   _record_tokenization_truncation(int(raw_tokens.shape[0]))
[36m(CpuApproximationActor pid=18720)[0m   _record_tokenization_truncation(int(raw_tokens.shape[0]))
[36m(CpuApproximationActor pid=18720)[0m /Users/assmuth/dsnn/alphagrad/src/alphagrad/approx/env.py:3137: UserWarning: [alphagrad.approx.env] jaxpr tokenization truncated: raw_len=17124 > MAX_TOKENS=16384 (overflow=740). The policy will see a clipped observation for this step. Subsequent truncations are silent but counted (see ``tokenization/{truncated_count, overflow_sum_this_ep}`` in the wandb log).[32m [repeated 2x across cluster][0m
[36m(CpuApproximationActor pid=18720)[0m W0723 15:58:09.677763   18720 text_format.cc:393] Warning parsing text-format xla.TritonGemmConfigsProto: 15:53 (N = 1): text format contains deprecated field "split_k"
[36m(CpuApproximationActor pid=18720)[0m W0723 15:58:09.677782   18720 text_format.cc:393] Warning parsing text-format xla.TritonGemmConfigsProto: 16:53 (N = 2): text format contains deprecated field "split_k"
[36m(CpuApproximationActor pid=18720)[0m W0723 15:58:09.677790   18720 text_format.cc:393] Warning parsing text-format xla.TritonGemmConfigsProto: 18:53 (N = 4): text format contains deprecated field "split_k"
[36m(CpuApproximationActor pid=18720)[0m W0723 15:58:09.677799   18720 text_format.cc:393] Warning parsing text-format xla.TritonGemmConfigsProto: 22:53 (N = 8): text format contains deprecated field "split_k"
[36m(CpuApproximationActor pid=18720)[0m W0723 15:58:09.677814   18720 text_format.cc:393] Warning parsing text-format xla.TritonGemmConfigsProto: 30:53 (N = 16): text format contains deprecated field "split_k"
[36m(CpuApproximationActor pid=18720)[0m W0723 15:58:09.677843   18720 text_format.cc:393] Warning parsing text-format xla.TritonGemmConfigsProto: 16:52 (N = 32): text format contains deprecated field "split_k"
[36m(CpuApproximationActor pid=18720)[0m W0723 15:58:09.677893   18720 text_format.cc:393] Warning parsing text-format xla.TritonGemmConfigsProto: 48:53 (N = 64): text format contains deprecated field "split_k"
[36m(CpuApproximationActor pid=18720)[0m W0723 15:58:09.677990   18720 text_format.cc:393] Warning parsing text-format xla.TritonGemmConfigsProto: 78:53 (N = 128): text format contains deprecated field "split_k"
[36m(CpuApproximationActor pid=18720)[0m W0723 15:58:09.678187   18720 text_format.cc:393] Warning parsing text-format xla.TritonGemmConfigsProto: 36:55 (N = 256): text format contains deprecated field "split_k"
[36m(CpuApproximationActor pid=18722)[0m W0723 15:58:14.345803   18722 text_format.cc:393] Warning parsing text-format xla.AutotuneResult: 5:10 (N = 1): text format contains deprecated field "split_k"
[36m(CpuApproximationActor pid=18722)[0m W0723 15:58:15.071149   18722 text_format.cc:393] Warning parsing text-format xla.AutotuneResult: 5:10 (N = 2): text format contains deprecated field "split_k"
[36m(CpuApproximationActor pid=18721)[0m W0723 15:58:09.677859   18721 text_format.cc:393] Warning parsing text-format xla.TritonGemmConfigsProto: 36:55 (N = 256): text format contains deprecated field "split_k"[32m [repeated 9x across cluster][0m
[36m(CpuApproximationActor pid=18722)[0m W0723 15:58:21.863874   18722 text_format.cc:393] Warning parsing text-format xla.TritonGemmConfigsProto: 34:53 (N = 256): text format contains deprecated field "split_k"[32m [repeated 7x across cluster][0m
[36m(PPOActor pid=18719)[0m [ppo_ray][popart] ep=0 ev=-8.705 adv(mean/std/absmax)=-8.786/0.844/9.603 latency_ns: mu=-3.16e+05 sig=5.66e+04 peak_memory: mu=-5.2e+08 sig=1.51e+08 frob_residual: mu=-7.03e-05 sig=0.1
[36m(PPOActor pid=18719)[0m E0723 15:59:05.978092   19136 gpu_hlo_schedule.cc:938] The byte size of input/output arguments (21139816448) exceeds the base limit (20225825177). This indicates an error in the calculation!
[36m(PPOActor pid=18719)[0m E0723 15:59:06.005355   19128 gpu_hlo_schedule.cc:938] The byte size of input/output arguments (21139816448) exceeds the base limit (20225825177). This indicates an error in the calculation!
[36m(PPOActor pid=18719)[0m E0723 15:59:06.016183   19133 gpu_hlo_schedule.cc:938] The byte size of input/output arguments (21139816448) exceeds the base limit (20225825177). This indicates an error in the calculation!
[36m(PPOActor pid=18719)[0m E0723 15:59:06.029274   19122 gpu_hlo_schedule.cc:938] The byte size of input/output arguments (21139816448) exceeds the base limit (20225825177). This indicates an error in the calculation!
[36m(PPOActor pid=18719)[0m E0723 15:59:06.036194   19139 gpu_hlo_schedule.cc:938] The byte size of input/output arguments (21139816448) exceeds the base limit (20225825177). This indicates an error in the calculation!
[36m(PPOActor pid=18719)[0m W0723 15:59:06.036369   19139 hlo_rematerialization.cc:3233] Can't reduce memory use below 17.50GiB (18790481920 bytes) by rematerialization; only reduced to 17.50GiB (18794676240 bytes), down from 17.50GiB (18794676240 bytes) originally
[36m(PPOActor pid=18719)[0m E0723 15:59:06.092295   19150 gpu_hlo_schedule.cc:938] The byte size of input/output arguments (21139816448) exceeds the base limit (20225825177). This indicates an error in the calculation!
[36m(PPOActor pid=18719)[0m E0723 15:59:06.138939   19137 gpu_hlo_schedule.cc:938] The byte size of input/output arguments (21139816448) exceeds the base limit (20225825177). This indicates an error in the calculation!
[36m(PPOActor pid=18719)[0m E0723 15:59:06.149637   19125 gpu_hlo_schedule.cc:938] The byte size of input/output arguments (21139816448) exceeds the base limit (20225825177). This indicates an error in the calculation!
[36m(PPOActor pid=18719)[0m E0723 15:59:06.152443   19129 gpu_hlo_schedule.cc:938] The byte size of input/output arguments (21139816448) exceeds the base limit (20225825177). This indicates an error in the calculation!
[36m(PPOActor pid=18719)[0m W0723 15:59:06.152711   19129 hlo_rematerialization.cc:3233] Can't reduce memory use below 17.50GiB (18790481920 bytes) by rematerialization; only reduced to 17.50GiB (18794676240 bytes), down from 17.50GiB (18794676240 bytes) originally
[36m(PPOActor pid=18719)[0m E0723 15:59:06.282319   19128 gpu_hlo_schedule.cc:938] The byte size of input/output arguments (21139816448) exceeds the base limit (20225825177). This indicates an error in the calculation!
[36m(PPOActor pid=18719)[0m W0723 15:59:06.282564   19128 hlo_rematerialization.cc:3233] Can't reduce memory use below 17.50GiB (18790481920 bytes) by rematerialization; only reduced to 17.50GiB (18794676240 bytes), down from 17.50GiB (18794676240 bytes) originally
[36m(PPOActor pid=18719)[0m E0723 15:59:06.373935   19125 gpu_hlo_schedule.cc:938] The byte size of input/output arguments (21139816448) exceeds the base limit (20225825177). This indicates an error in the calculation!
[36m(PPOActor pid=18719)[0m W0723 15:59:06.374088   19125 hlo_rematerialization.cc:3233] Can't reduce memory use below 17.50GiB (18790481920 bytes) by rematerialization; only reduced to 17.50GiB (18794676240 bytes), down from 17.50GiB (18794676240 bytes) originally
[36m(PPOActor pid=18719)[0m E0723 15:59:06.409925   19123 gpu_hlo_schedule.cc:938] The byte size of input/output arguments (21139816448) exceeds the base limit (20225825177). This indicates an error in the calculation!
[36m(PPOActor pid=18719)[0m E0723 15:59:06.498092   19122 gpu_hlo_schedule.cc:938] The byte size of input/output arguments (21139816448) exceeds the base limit (20225825177). This indicates an error in the calculation!
[36m(PPOActor pid=18719)[0m W0723 15:59:06.498286   19122 hlo_rematerialization.cc:3233] Can't reduce memory use below 17.50GiB (18790481920 bytes) by rematerialization; only reduced to 17.50GiB (18794676240 bytes), down from 17.50GiB (18794676240 bytes) originally
[36m(PPOActor pid=18719)[0m E0723 15:59:06.504172   19124 gpu_hlo_schedule.cc:938] The byte size of input/output arguments (21139816448) exceeds the base limit (20225825177). This indicates an error in the calculation!
[36m(PPOActor pid=18719)[0m E0723 15:59:06.512539   19144 gpu_hlo_schedule.cc:938] The byte size of input/output arguments (21139816448) exceeds the base limit (20225825177). This indicates an error in the calculation!
[36m(PPOActor pid=18719)[0m E0723 15:59:06.530855   19123 gpu_hlo_schedule.cc:938] The byte size of input/output arguments (21139816448) exceeds the base limit (20225825177). This indicates an error in the calculation!
[36m(PPOActor pid=18719)[0m E0723 15:59:06.560316   19138 gpu_hlo_schedule.cc:938] The byte size of input/output arguments (21139816448) exceeds the base limit (20225825177). This indicates an error in the calculation!
[36m(PPOActor pid=18719)[0m E0723 15:59:06.703310   19137 gpu_hlo_schedule.cc:938] The byte size of input/output arguments (21139816448) exceeds the base limit (20225825177). This indicates an error in the calculation!
[36m(PPOActor pid=18719)[0m W0723 15:59:06.703509   19137 hlo_rematerialization.cc:3233] Can't reduce memory use below 17.50GiB (18790481920 bytes) by rematerialization; only reduced to 17.50GiB (18794676240 bytes), down from 17.50GiB (18794676240 bytes) originally
[36m(PPOActor pid=18719)[0m E0723 15:59:06.738431   19149 gpu_hlo_schedule.cc:938] The byte size of input/output arguments (21139816448) exceeds the base limit (20225825177). This indicates an error in the calculation!
[36m(PPOActor pid=18719)[0m E0723 15:59:06.834261   19127 gpu_hlo_schedule.cc:938] The byte size of input/output arguments (21139816448) exceeds the base limit (20225825177). This indicates an error in the calculation!
[36m(PPOActor pid=18719)[0m W0723 15:59:06.834441   19127 hlo_rematerialization.cc:3233] Can't reduce memory use below 2.19GiB (2348810240 bytes) by rematerialization; only reduced to 2.19GiB (2353004560 bytes), down from 2.19GiB (2353004560 bytes) originally
[36m(PPOActor pid=18719)[0m E0723 15:59:06.835028   19127 gpu_hlo_schedule.cc:938] The byte size of input/output arguments (22983507968) exceeds the base limit (20225825177). This indicates an error in the calculation!
[36m(PPOActor pid=18719)[0m E0723 15:59:06.838020   19123 gpu_hlo_schedule.cc:938] The byte size of input/output arguments (21139816448) exceeds the base limit (20225825177). This indicates an error in the calculation!
[36m(PPOActor pid=18719)[0m E0723 15:59:06.843058   19133 gpu_hlo_schedule.cc:938] The byte size of input/output arguments (21139816448) exceeds the base limit (20225825177). This indicates an error in the calculation!
[36m(PPOActor pid=18719)[0m E0723 15:59:06.913604   19134 gpu_hlo_schedule.cc:938] The byte size of input/output arguments (21139816448) exceeds the base limit (20225825177). This indicates an error in the calculation!
[36m(PPOActor pid=18719)[0m E0723 15:59:07.075470   19144 gpu_hlo_schedule.cc:938] The byte size of input/output arguments (21139816448) exceeds the base limit (20225825177). This indicates an error in the calculation!
[36m(PPOActor pid=18719)[0m W0723 15:59:07.075719   19144 hlo_rematerialization.cc:3233] Can't reduce memory use below 17.50GiB (18790481920 bytes) by rematerialization; only reduced to 17.50GiB (18794676240 bytes), down from 17.50GiB (18794676240 bytes) originally
[36m(PPOActor pid=18719)[0m E0723 15:59:07.142118   19121 gpu_hlo_schedule.cc:938] The byte size of input/output arguments (21139816448) exceeds the base limit (20225825177). This indicates an error in the calculation!
[36m(PPOActor pid=18719)[0m E0723 15:59:07.450822   19137 gpu_hlo_schedule.cc:938] The byte size of input/output arguments (21139816448) exceeds the base limit (20225825177). This indicates an error in the calculation!
[36m(PPOActor pid=18719)[0m E0723 15:59:07.461079   19133 gpu_hlo_schedule.cc:938] The byte size of input/output arguments (22983507968) exceeds the base limit (20225825177). This indicates an error in the calculation!
[36m(PPOActor pid=18719)[0m E0723 15:59:07.478015   19128 gpu_hlo_schedule.cc:938] The byte size of input/output arguments (21139816448) exceeds the base limit (20225825177). This indicates an error in the calculation!
[36m(PPOActor pid=18719)[0m E0723 15:59:07.509687   19147 gpu_hlo_schedule.cc:938] The byte size of input/output arguments (21139816448) exceeds the base limit (20225825177). This indicates an error in the calculation!
[36m(PPOActor pid=18719)[0m E0723 15:59:07.618467   19119 gpu_hlo_schedule.cc:938] The byte size of input/output arguments (21139816448) exceeds the base limit (20225825177). This indicates an error in the calculation!
[36m(PPOActor pid=18719)[0m W0723 15:59:07.618724   19119 hlo_rematerialization.cc:3233] Can't reduce memory use below 2.19GiB (2348810240 bytes) by rematerialization; only reduced to 2.19GiB (2353004560 bytes), down from 2.19GiB (2353004560 bytes) originally
[36m(PPOActor pid=18719)[0m E0723 15:59:07.639096   19125 gpu_hlo_schedule.cc:938] The byte size of input/output arguments (21139816448) exceeds the base limit (20225825177). This indicates an error in the calculation!
[36m(PPOActor pid=18719)[0m E0723 15:59:07.701327   19133 gpu_hlo_schedule.cc:938] The byte size of input/output arguments (22983507968) exceeds the base limit (20225825177). This indicates an error in the calculation!
[36m(PPOActor pid=18719)[0m E0723 15:59:07.705421   19121 gpu_hlo_schedule.cc:938] The byte size of input/output arguments (21139816448) exceeds the base limit (20225825177). This indicates an error in the calculation!
[36m(PPOActor pid=18719)[0m W0723 15:59:07.705669   19121 hlo_rematerialization.cc:3233] Can't reduce memory use below 17.50GiB (18790481920 bytes) by rematerialization; only reduced to 17.50GiB (18794676240 bytes), down from 17.50GiB (18794676240 bytes) originally
[36m(PPOActor pid=18719)[0m E0723 15:59:07.746129   19128 gpu_hlo_schedule.cc:938] The byte size of input/output arguments (22983507968) exceeds the base limit (20225825177). This indicates an error in the calculation!
[36m(PPOActor pid=18719)[0m E0723 15:59:07.769705   19145 gpu_hlo_schedule.cc:938] The byte size of input/output arguments (22983507968) exceeds the base limit (20225825177). This indicates an error in the calculation!
[36m(PPOActor pid=18719)[0m E0723 15:59:07.775687   19127 gpu_hlo_schedule.cc:938] The byte size of input/output arguments (21147680768) exceeds the base limit (20225825177). This indicates an error in the calculation!
[36m(PPOActor pid=18719)[0m E0723 15:59:07.790247   19147 gpu_hlo_schedule.cc:938] The byte size of input/output arguments (23014584320) exceeds the base limit (20225825177). This indicates an error in the calculation!
[36m(PPOActor pid=18719)[0m E0723 15:59:07.790472   19136 gpu_hlo_schedule.cc:938] The byte size of input/output arguments (22983507968) exceeds the base limit (20225825177). This indicates an error in the calculation!
[36m(PPOActor pid=18719)[0m W0723 15:59:07.790902   19136 hlo_rematerialization.cc:3233] Can't reduce memory use below 8.78MiB (9207808 bytes) by rematerialization; only reduced to 21.42GiB (22996910096 bytes), down from 21.42GiB (22996910096 bytes) originally
[36m(PPOActor pid=18719)[0m E0723 15:59:07.805588   19148 gpu_hlo_schedule.cc:938] The byte size of input/output arguments (21139816448) exceeds the base limit (20225825177). This indicates an error in the calculation!
[36m(PPOActor pid=18719)[0m E0723 15:59:07.830598   19136 gpu_hlo_schedule.cc:938] The byte size of input/output arguments (22974444032) exceeds the base limit (20225825177). This indicates an error in the calculation!
[36m(PPOActor pid=18719)[0m E0723 15:59:07.924267   19125 gpu_hlo_schedule.cc:938] The byte size of input/output arguments (21139816448) exceeds the base limit (20225825177). This indicates an error in the calculation!
[36m(PPOActor pid=18719)[0m W0723 15:59:07.924519   19125 hlo_rematerialization.cc:3233] Can't reduce memory use below 2.19GiB (2348810240 bytes) by rematerialization; only reduced to 2.19GiB (2353004560 bytes), down from 2.19GiB (2353004560 bytes) originally
[36m(PPOActor pid=18719)[0m E0723 15:59:07.925137   19125 gpu_hlo_schedule.cc:938] The byte size of input/output arguments (21139816448) exceeds the base limit (20225825177). This indicates an error in the calculation!
[36m(PPOActor pid=18719)[0m W0723 15:59:07.925300   19125 hlo_rematerialization.cc:3233] Can't reduce memory use below 2.19GiB (2348810240 bytes) by rematerialization; only reduced to 2.19GiB (2353004560 bytes), down from 2.19GiB (2353004560 bytes) originally
[36m(PPOActor pid=18719)[0m E0723 15:59:07.929368   19146 gpu_hlo_schedule.cc:938] The byte size of input/output arguments (21139816448) exceeds the base limit (20225825177). This indicates an error in the calculation!
[36m(PPOActor pid=18719)[0m E0723 15:59:07.988032   19140 gpu_hlo_schedule.cc:938] The byte size of input/output arguments (22983507968) exceeds the base limit (20225825177). This indicates an error in the calculation!
[36m(PPOActor pid=18719)[0m E0723 15:59:08.014846   19136 gpu_hlo_schedule.cc:938] The byte size of input/output arguments (22974444032) exceeds the base limit (20225825177). This indicates an error in the calculation!
[36m(PPOActor pid=18719)[0m W0723 15:59:08.015046   19136 hlo_rematerialization.cc:3233] Can't reduce memory use below 2.19GiB (2348810240 bytes) by rematerialization; only reduced to 4.38GiB (4701814800 bytes), down from 4.38GiB (4701814800 bytes) originally
[36m(PPOActor pid=18719)[0m E0723 15:59:08.067961   19143 gpu_hlo_schedule.cc:938] The byte size of input/output arguments (21139816448) exceeds the base limit (20225825177). This indicates an error in the calculation!
[36m(PPOActor pid=18719)[0m W0723 15:59:08.068159   19143 hlo_rematerialization.cc:3233] Can't reduce memory use below 2.19GiB (2348810240 bytes) by rematerialization; only reduced to 2.19GiB (2353004560 bytes), down from 2.19GiB (2353004560 bytes) originally
[36m(PPOActor pid=18719)[0m E0723 15:59:08.068777   19143 gpu_hlo_schedule.cc:938] The byte size of input/output arguments (22983507968) exceeds the base limit (20225825177). This indicates an error in the calculation!
[36m(PPOActor pid=18719)[0m E0723 15:59:08.080511   19139 gpu_hlo_schedule.cc:938] The byte size of input/output arguments (21139816448) exceeds the base limit (20225825177). This indicates an error in the calculation!
[36m(PPOActor pid=18719)[0m E0723 15:59:08.112602   19145 gpu_hlo_schedule.cc:938] The byte size of input/output arguments (22974444032) exceeds the base limit (20225825177). This indicates an error in the calculation!
[36m(PPOActor pid=18719)[0m E0723 15:59:08.124219   19123 gpu_hlo_schedule.cc:938] The byte size of input/output arguments (23014584320) exceeds the base limit (20225825177). This indicates an error in the calculation!
[36m(PPOActor pid=18719)[0m E0723 15:59:08.124284   19136 gpu_hlo_schedule.cc:938] The byte size of input/output arguments (21147680768) exceeds the base limit (20225825177). This indicates an error in the calculation!
[36m(PPOActor pid=18719)[0m E0723 15:59:08.149026   19137 gpu_hlo_schedule.cc:938] The byte size of input/output arguments (22983507968) exceeds the base limit (20225825177). This indicates an error in the calculation!
[36m(PPOActor pid=18719)[0m E0723 15:59:08.153267   19140 gpu_hlo_schedule.cc:938] The byte size of input/output arguments (22983507968) exceeds the base limit (20225825177). This indicates an error in the calculation!
[36m(PPOActor pid=18719)[0m W0723 15:59:08.153724   19140 hlo_rematerialization.cc:3233] Can't reduce memory use below 8.78MiB (9207808 bytes) by rematerialization; only reduced to 21.42GiB (22996910096 bytes), down from 21.42GiB (22996910096 bytes) originally
[36m(PPOActor pid=18719)[0m E0723 15:59:08.191574   19119 gpu_hlo_schedule.cc:938] The byte size of input/output arguments (22983507968) exceeds the base limit (20225825177). This indicates an error in the calculation!
[36m(PPOActor pid=18719)[0m E0723 15:59:08.196603   19140 gpu_hlo_schedule.cc:938] The byte size of input/output arguments (22983507968) exceeds the base limit (20225825177). This indicates an error in the calculation!
[36m(PPOActor pid=18719)[0m W0723 15:59:08.197042   19140 hlo_rematerialization.cc:3233] Can't reduce memory use below 8.78MiB (9207808 bytes) by rematerialization; only reduced to 21.42GiB (22996910096 bytes), down from 21.42GiB (22996910096 bytes) originally
[36m(PPOActor pid=18719)[0m E0723 15:59:08.229135   19143 gpu_hlo_schedule.cc:938] The byte size of input/output arguments (22983507968) exceeds the base limit (20225825177). This indicates an error in the calculation!
[36m(PPOActor pid=18719)[0m E0723 15:59:08.278093   19141 gpu_hlo_schedule.cc:938] The byte size of input/output arguments (21139816448) exceeds the base limit (20225825177). This indicates an error in the calculation!
[36m(PPOActor pid=18719)[0m E0723 15:59:08.327550   19137 gpu_hlo_schedule.cc:938] The byte size of input/output arguments (22983507968) exceeds the base limit (20225825177). This indicates an error in the calculation!
[36m(PPOActor pid=18719)[0m E0723 15:59:08.329262   19125 gpu_hlo_schedule.cc:938] The byte size of input/output arguments (22983507968) exceeds the base limit (20225825177). This indicates an error in the calculation!
[36m(PPOActor pid=18719)[0m E0723 15:59:08.350134   19145 gpu_hlo_schedule.cc:938] The byte size of input/output arguments (22974444032) exceeds the base limit (20225825177). This indicates an error in the calculation!
[36m(PPOActor pid=18719)[0m E0723 15:59:08.380173   19134 gpu_hlo_schedule.cc:938] The byte size of input/output arguments (21139816448) exceeds the base limit (20225825177). This indicates an error in the calculation!
[36m(PPOActor pid=18719)[0m E0723 15:59:08.385777   19119 gpu_hlo_schedule.cc:938] The byte size of input/output arguments (22974444032) exceeds the base limit (20225825177). This indicates an error in the calculation!
[36m(PPOActor pid=18719)[0m E0723 15:59:08.425238   19140 gpu_hlo_schedule.cc:938] The byte size of input/output arguments (22974444032) exceeds the base limit (20225825177). This indicates an error in the calculation!
[36m(PPOActor pid=18719)[0m E0723 15:59:08.429858   19121 gpu_hlo_schedule.cc:938] The byte size of input/output arguments (23014584320) exceeds the base limit (20225825177). This indicates an error in the calculation!
[36m(PPOActor pid=18719)[0m W0723 15:59:08.430137   19121 hlo_rematerialization.cc:3233] Can't reduce memory use below 2.19GiB (2348810240 bytes) by rematerialization; only reduced to 2.19GiB (2353004560 bytes), down from 2.19GiB (2353004560 bytes) originally
[36m(PPOActor pid=18719)[0m E0723 15:59:08.431069   19133 gpu_hlo_schedule.cc:938] The byte size of input/output arguments (22974444032) exceeds the base limit (20225825177). This indicates an error in the calculation!
[36m(PPOActor pid=18719)[0m E0723 15:59:08.461236   19146 gpu_hlo_schedule.cc:938] The byte size of input/output arguments (22983507968) exceeds the base limit (20225825177). This indicates an error in the calculation!
[36m(PPOActor pid=18719)[0m W0723 15:59:08.461556   19146 hlo_rematerialization.cc:3233] Can't reduce memory use below 8.78MiB (9207808 bytes) by rematerialization; only reduced to 21.42GiB (22996910096 bytes), down from 21.42GiB (22996910096 bytes) originally
[36m(PPOActor pid=18719)[0m E0723 15:59:08.490934   19137 gpu_hlo_schedule.cc:938] The byte size of input/output arguments (22983507968) exceeds the base limit (20225825177). This indicates an error in the calculation!
[36m(PPOActor pid=18719)[0m W0723 15:59:08.491275   19137 hlo_rematerialization.cc:3233] Can't reduce memory use below 8.78MiB (9207808 bytes) by rematerialization; only reduced to 21.42GiB (22996910096 bytes), down from 21.42GiB (22996910096 bytes) originally
[36m(PPOActor pid=18719)[0m E0723 15:59:08.535719   19128 gpu_hlo_schedule.cc:938] The byte size of input/output arguments (22974444032) exceeds the base limit (20225825177). This indicates an error in the calculation!
[36m(PPOActor pid=18719)[0m E0723 15:59:08.536862   19137 gpu_hlo_schedule.cc:938] The byte size of input/output arguments (22974444032) exceeds the base limit (20225825177). This indicates an error in the calculation!
[36m(PPOActor pid=18719)[0m E0723 15:59:08.559513   19124 gpu_hlo_schedule.cc:938] The byte size of input/output arguments (23014584320) exceeds the base limit (20225825177). This indicates an error in the calculation!
[36m(PPOActor pid=18719)[0m E0723 15:59:08.611956   19125 gpu_hlo_schedule.cc:938] The byte size of input/output arguments (22974444032) exceeds the base limit (20225825177). This indicates an error in the calculation!
[36m(PPOActor pid=18719)[0m E0723 15:59:08.632530   19124 gpu_hlo_schedule.cc:938] The byte size of input/output arguments (23014584320) exceeds the base limit (20225825177). This indicates an error in the calculation!
[36m(PPOActor pid=18719)[0m W0723 15:59:08.632791   19124 hlo_rematerialization.cc:3233] Can't reduce memory use below 2.19GiB (2348810240 bytes) by rematerialization; only reduced to 2.19GiB (2353004560 bytes), down from 2.19GiB (2353004560 bytes) originally
[36m(PPOActor pid=18719)[0m E0723 15:59:08.723168   19137 gpu_hlo_schedule.cc:938] The byte size of input/output arguments (22974444032) exceeds the base limit (20225825177). This indicates an error in the calculation!
[36m(PPOActor pid=18719)[0m E0723 15:59:08.777579   19141 gpu_hlo_schedule.cc:938] The byte size of input/output arguments (21139816448) exceeds the base limit (20225825177). This indicates an error in the calculation!
[36m(PPOActor pid=18719)[0m E0723 15:59:08.781994   19133 gpu_hlo_schedule.cc:938] The byte size of input/output arguments (23014584320) exceeds the base limit (20225825177). This indicates an error in the calculation!
[36m(PPOActor pid=18719)[0m E0723 15:59:08.845666   19129 gpu_hlo_schedule.cc:938] The byte size of input/output arguments (22974444032) exceeds the base limit (20225825177). This indicates an error in the calculation!
[36m(PPOActor pid=18719)[0m E0723 15:59:08.847390   19146 gpu_hlo_schedule.cc:938] The byte size of input/output arguments (22974444032) exceeds the base limit (20225825177). This indicates an error in the calculation!
[36m(PPOActor pid=18719)[0m E0723 15:59:08.891472   19125 gpu_hlo_schedule.cc:938] The byte size of input/output arguments (22974444032) exceeds the base limit (20225825177). This indicates an error in the calculation!
[36m(PPOActor pid=18719)[0m W0723 15:59:08.891762   19125 hlo_rematerialization.cc:3233] Can't reduce memory use below 2.19GiB (2348810240 bytes) by rematerialization; only reduced to 4.38GiB (4701814800 bytes), down from 4.38GiB (4701814800 bytes) originally
[36m(PPOActor pid=18719)[0m E0723 15:59:08.895344   19122 gpu_hlo_schedule.cc:938] The byte size of input/output arguments (22983507968) exceeds the base limit (20225825177). This indicates an error in the calculation!
[36m(PPOActor pid=18719)[0m E0723 15:59:08.970606   19149 gpu_hlo_schedule.cc:938] The byte size of input/output arguments (22983507968) exceeds the base limit (20225825177). This indicates an error in the calculation!
[36m(PPOActor pid=18719)[0m E0723 15:59:08.993551   19129 gpu_hlo_schedule.cc:938] The byte size of input/output arguments (22974444032) exceeds the base limit (20225825177). This indicates an error in the calculation!
[36m(PPOActor pid=18719)[0m E0723 15:59:09.019005   19128 gpu_hlo_schedule.cc:938] The byte size of input/output arguments (23014584320) exceeds the base limit (20225825177). This indicates an error in the calculation!
[36m(PPOActor pid=18719)[0m E0723 15:59:09.067904   19146 gpu_hlo_schedule.cc:938] The byte size of input/output arguments (22974444032) exceeds the base limit (20225825177). This indicates an error in the calculation!
[36m(PPOActor pid=18719)[0m E0723 15:59:09.082037   19139 gpu_hlo_schedule.cc:938] The byte size of input/output arguments (23014584320) exceeds the base limit (20225825177). This indicates an error in the calculation!
[36m(PPOActor pid=18719)[0m E0723 15:59:09.105905   19135 gpu_hlo_schedule.cc:938] The byte size of input/output arguments (21139816448) exceeds the base limit (20225825177). This indicates an error in the calculation!
[36m(PPOActor pid=18719)[0m E0723 15:59:09.151569   19133 gpu_hlo_schedule.cc:938] The byte size of input/output arguments (23014584320) exceeds the base limit (20225825177). This indicates an error in the calculation!
[36m(PPOActor pid=18719)[0m E0723 15:59:09.199802   19122 gpu_hlo_schedule.cc:938] The byte size of input/output arguments (22983507968) exceeds the base limit (20225825177). This indicates an error in the calculation!
[36m(PPOActor pid=18719)[0m E0723 15:59:09.205830   19140 gpu_hlo_schedule.cc:938] The byte size of input/output arguments (21147680768) exceeds the base limit (20225825177). This indicates an error in the calculation!
[36m(PPOActor pid=18719)[0m E0723 15:59:09.220066   19129 gpu_hlo_schedule.cc:938] The byte size of input/output arguments (22974444032) exceeds the base limit (20225825177). This indicates an error in the calculation!
[36m(PPOActor pid=18719)[0m E0723 15:59:09.223978   19134 gpu_hlo_schedule.cc:938] The byte size of input/output arguments (23014584320) exceeds the base limit (20225825177). This indicates an error in the calculation!
[36m(PPOActor pid=18719)[0m E0723 15:59:09.303745   19144 gpu_hlo_schedule.cc:938] The byte size of input/output arguments (21139816448) exceeds the base limit (20225825177). This indicates an error in the calculation!
[36m(PPOActor pid=18719)[0m W0723 15:59:09.303995   19144 hlo_rematerialization.cc:3233] Can't reduce memory use below 2.19GiB (2348810240 bytes) by rematerialization; only reduced to 2.19GiB (2353004560 bytes), down from 2.19GiB (2353004560 bytes) originally
[36m(PPOActor pid=18719)[0m E0723 15:59:09.304755   19144 gpu_hlo_schedule.cc:938] The byte size of input/output arguments (22983507968) exceeds the base limit (20225825177). This indicates an error in the calculation!
[36m(PPOActor pid=18719)[0m E0723 15:59:09.373271   19132 gpu_hlo_schedule.cc:938] The byte size of input/output arguments (21139816448) exceeds the base limit (20225825177). This indicates an error in the calculation!
[36m(PPOActor pid=18719)[0m E0723 15:59:09.386475   19134 gpu_hlo_schedule.cc:938] The byte size of input/output arguments (21147680768) exceeds the base limit (20225825177). This indicates an error in the calculation!
[36m(PPOActor pid=18719)[0m E0723 15:59:09.399397   19122 gpu_hlo_schedule.cc:938] The byte size of input/output arguments (22974444032) exceeds the base limit (20225825177). This indicates an error in the calculation!
[36m(PPOActor pid=18719)[0m E0723 15:59:09.434521   19148 gpu_hlo_schedule.cc:938] The byte size of input/output arguments (22974444032) exceeds the base limit (20225825177). This indicates an error in the calculation!
[36m(PPOActor pid=18719)[0m E0723 15:59:09.487964   19135 gpu_hlo_schedule.cc:938] The byte size of input/output arguments (22983507968) exceeds the base limit (20225825177). This indicates an error in the calculation!
[36m(PPOActor pid=18719)[0m E0723 15:59:09.508133   19133 gpu_hlo_schedule.cc:938] The byte size of input/output arguments (21147680768) exceeds the base limit (20225825177). This indicates an error in the calculation!
[36m(PPOActor pid=18719)[0m W0723 15:59:09.508341   19133 hlo_rematerialization.cc:3233] Can't reduce memory use below 8.00MiB (8388608 bytes) by rematerialization; only reduced to 12.00MiB (12582928 bytes), down from 12.00MiB (12582928 bytes) originally
[36m(PPOActor pid=18719)[0m E0723 15:59:09.519670   19144 gpu_hlo_schedule.cc:938] The byte size of input/output arguments (23014584320) exceeds the base limit (20225825177). This indicates an error in the calculation!
[36m(PPOActor pid=18719)[0m E0723 15:59:09.557529   19132 gpu_hlo_schedule.cc:938] The byte size of input/output arguments (21139816448) exceeds the base limit (20225825177). This indicates an error in the calculation!
[36m(PPOActor pid=18719)[0m E0723 15:59:09.575210   19148 gpu_hlo_schedule.cc:938] The byte size of input/output arguments (22974444032) exceeds the base limit (20225825177). This indicates an error in the calculation!
[36m(PPOActor pid=18719)[0m E0723 15:59:09.578053   19130 gpu_hlo_schedule.cc:938] The byte size of input/output arguments (22974444032) exceeds the base limit (20225825177). This indicates an error in the calculation!
[36m(PPOActor pid=18719)[0m E0723 15:59:09.680814   19135 gpu_hlo_schedule.cc:938] The byte size of input/output arguments (22983507968) exceeds the base limit (20225825177). This indicates an error in the calculation!
[36m(PPOActor pid=18719)[0m E0723 15:59:09.825297   19145 gpu_hlo_schedule.cc:938] The byte size of input/output arguments (23014584320) exceeds the base limit (20225825177). This indicates an error in the calculation!
[36m(PPOActor pid=18719)[0m E0723 15:59:09.834696   19122 gpu_hlo_schedule.cc:938] The byte size of input/output arguments (23014584320) exceeds the base limit (20225825177). This indicates an error in the calculation!
[36m(PPOActor pid=18719)[0m E0723 15:59:09.837221   19148 gpu_hlo_schedule.cc:938] The byte size of input/output arguments (23014584320) exceeds the base limit (20225825177). This indicates an error in the calculation!
[36m(PPOActor pid=18719)[0m E0723 15:59:09.900967   19146 gpu_hlo_schedule.cc:938] The byte size of input/output arguments (23014584320) exceeds the base limit (20225825177). This indicates an error in the calculation!
[36m(PPOActor pid=18719)[0m E0723 15:59:10.032527   19141 gpu_hlo_schedule.cc:938] The byte size of input/output arguments (22974444032) exceeds the base limit (20225825177). This indicates an error in the calculation!
[36m(PPOActor pid=18719)[0m W0723 15:59:10.032754   19141 hlo_rematerialization.cc:3233] Can't reduce memory use below 2.19GiB (2348810240 bytes) by rematerialization; only reduced to 4.38GiB (4701814800 bytes), down from 4.38GiB (4701814800 bytes) originally
[36m(PPOActor pid=18719)[0m E0723 15:59:10.106316   19141 gpu_hlo_schedule.cc:938] The byte size of input/output arguments (23014584320) exceeds the base limit (20225825177). This indicates an error in the calculation!
[36m(PPOActor pid=18719)[0m W0723 15:59:10.106462   19141 hlo_rematerialization.cc:3233] Can't reduce memory use below 2.19GiB (2348810240 bytes) by rematerialization; only reduced to 2.19GiB (2353004560 bytes), down from 2.19GiB (2353004560 bytes) originally
[36m(PPOActor pid=18719)[0m E0723 15:59:10.107450   19141 gpu_hlo_schedule.cc:938] The byte size of input/output arguments (21147680768) exceeds the base limit (20225825177). This indicates an error in the calculation!
[36m(PPOActor pid=18719)[0m E0723 15:59:10.109184   19126 gpu_hlo_schedule.cc:938] The byte size of input/output arguments (23014584320) exceeds the base limit (20225825177). This indicates an error in the calculation!
[36m(PPOActor pid=18719)[0m E0723 15:59:10.113528   19122 gpu_hlo_schedule.cc:938] The byte size of input/output arguments (21147680768) exceeds the base limit (20225825177). This indicates an error in the calculation!
[36m(PPOActor pid=18719)[0m E0723 15:59:10.130043   19145 gpu_hlo_schedule.cc:938] The byte size of input/output arguments (23014584320) exceeds the base limit (20225825177). This indicates an error in the calculation!
[36m(PPOActor pid=18719)[0m E0723 15:59:10.137205   19130 gpu_hlo_schedule.cc:938] The byte size of input/output arguments (21147680768) exceeds the base limit (20225825177). This indicates an error in the calculation!
[36m(PPOActor pid=18719)[0m E0723 15:59:10.263190   19126 gpu_hlo_schedule.cc:938] The byte size of input/output arguments (23014584320) exceeds the base limit (20225825177). This indicates an error in the calculation!
[36m(PPOActor pid=18719)[0m E0723 15:59:10.302897   19145 gpu_hlo_schedule.cc:938] The byte size of input/output arguments (21147680768) exceeds the base limit (20225825177). This indicates an error in the calculation!
[36m(PPOActor pid=18719)[0m E0723 15:59:10.326924   19122 gpu_hlo_schedule.cc:938] The byte size of input/output arguments (21147680768) exceeds the base limit (20225825177). This indicates an error in the calculation!
[36m(PPOActor pid=18719)[0m W0723 15:59:10.327088   19122 hlo_rematerialization.cc:3233] Can't reduce memory use below 8.00MiB (8388608 bytes) by rematerialization; only reduced to 12.00MiB (12582928 bytes), down from 12.00MiB (12582928 bytes) originally
[36m(PPOActor pid=18719)[0m E0723 15:59:10.327551   19122 gpu_hlo_schedule.cc:938] The byte size of input/output arguments (21147680768) exceeds the base limit (20225825177). This indicates an error in the calculation!
[36m(PPOActor pid=18719)[0m W0723 15:59:10.327680   19122 hlo_rematerialization.cc:3233] Can't reduce memory use below 8.00MiB (8388608 bytes) by rematerialization; only reduced to 12.00MiB (12582928 bytes), down from 12.00MiB (12582928 bytes) originally
[36m(PPOActor pid=18719)[0m E0723 15:59:10.355517   19147 gpu_hlo_schedule.cc:938] The byte size of input/output arguments (22974444032) exceeds the base limit (20225825177). This indicates an error in the calculation!
[36m(PPOActor pid=18719)[0m E0723 15:59:10.380185   19146 gpu_hlo_schedule.cc:938] The byte size of input/output arguments (23014584320) exceeds the base limit (20225825177). This indicates an error in the calculation!
[36m(PPOActor pid=18719)[0m E0723 15:59:10.411168   19132 gpu_hlo_schedule.cc:938] The byte size of input/output arguments (22983507968) exceeds the base limit (20225825177). This indicates an error in the calculation!
[36m(PPOActor pid=18719)[0m E0723 15:59:10.447780   19124 gpu_hlo_schedule.cc:938] The byte size of input/output arguments (21147680768) exceeds the base limit (20225825177). This indicates an error in the calculation!
[36m(PPOActor pid=18719)[0m E0723 15:59:10.580707   19132 gpu_hlo_schedule.cc:938] The byte size of input/output arguments (22983507968) exceeds the base limit (20225825177). This indicates an error in the calculation!
[36m(PPOActor pid=18719)[0m E0723 15:59:10.620947   19146 gpu_hlo_schedule.cc:938] The byte size of input/output arguments (23014584320) exceeds the base limit (20225825177). This indicates an error in the calculation!
[36m(PPOActor pid=18719)[0m W0723 15:59:10.621163   19146 hlo_rematerialization.cc:3233] Can't reduce memory use below 2.19GiB (2348810240 bytes) by rematerialization; only reduced to 2.19GiB (2353004560 bytes), down from 2.19GiB (2353004560 bytes) originally
[36m(PPOActor pid=18719)[0m E0723 15:59:10.830560   19136 gpu_hlo_schedule.cc:938] The byte size of input/output arguments (23014584320) exceeds the base limit (20225825177). This indicates an error in the calculation!
[36m(PPOActor pid=18719)[0m E0723 15:59:10.846432   19151 gpu_hlo_schedule.cc:938] The byte size of input/output arguments (22974444032) exceeds the base limit (20225825177). This indicates an error in the calculation!
[36m(PPOActor pid=18719)[0m E0723 15:59:10.909793   19136 gpu_hlo_schedule.cc:938] The byte size of input/output arguments (23014584320) exceeds the base limit (20225825177). This indicates an error in the calculation!
[36m(PPOActor pid=18719)[0m E0723 15:59:11.032701   19136 gpu_hlo_schedule.cc:938] The byte size of input/output arguments (23014584320) exceeds the base limit (20225825177). This indicates an error in the calculation!
[36m(PPOActor pid=18719)[0m E0723 15:59:11.075376   19135 gpu_hlo_schedule.cc:938] The byte size of input/output arguments (21147680768) exceeds the base limit (20225825177). This indicates an error in the calculation!
[36m(PPOActor pid=18719)[0m E0723 15:59:11.127176   19148 gpu_hlo_schedule.cc:938] The byte size of input/output arguments (21147680768) exceeds the base limit (20225825177). This indicates an error in the calculation!
[36m(PPOActor pid=18719)[0m W0723 15:59:11.127369   19148 hlo_rematerialization.cc:3233] Can't reduce memory use below 8.00MiB (8388608 bytes) by rematerialization; only reduced to 12.00MiB (12582928 bytes), down from 12.00MiB (12582928 bytes) originally
[36m(PPOActor pid=18719)[0m E0723 15:59:11.228101   19135 gpu_hlo_schedule.cc:938] The byte size of input/output arguments (21147680768) exceeds the base limit (20225825177). This indicates an error in the calculation!
[36m(PPOActor pid=18719)[0m E0723 15:59:11.300528   19136 gpu_hlo_schedule.cc:938] The byte size of input/output arguments (23014584320) exceeds the base limit (20225825177). This indicates an error in the calculation!
[36m(PPOActor pid=18719)[0m E0723 15:59:11.315753   19143 gpu_hlo_schedule.cc:938] The byte size of input/output arguments (23014584320) exceeds the base limit (20225825177). This indicates an error in the calculation!
[36m(PPOActor pid=18719)[0m E0723 15:59:11.317147   19132 gpu_hlo_schedule.cc:938] The byte size of input/output arguments (21147680768) exceeds the base limit (20225825177). This indicates an error in the calculation!
[36m(PPOActor pid=18719)[0m E0723 15:59:11.453617   19132 gpu_hlo_schedule.cc:938] The byte size of input/output arguments (21147680768) exceeds the base limit (20225825177). This indicates an error in the calculation!
[36m(PPOActor pid=18719)[0m E0723 15:59:11.482298   19134 gpu_hlo_schedule.cc:938] The byte size of input/output arguments (22974444032) exceeds the base limit (20225825177). This indicates an error in the calculation!
[36m(PPOActor pid=18719)[0m E0723 15:59:11.539774   19143 gpu_hlo_schedule.cc:938] The byte size of input/output arguments (23014584320) exceeds the base limit (20225825177). This indicates an error in the calculation!
[36m(PPOActor pid=18719)[0m E0723 15:59:11.551803   19135 gpu_hlo_schedule.cc:938] The byte size of input/output arguments (21147680768) exceeds the base limit (20225825177). This indicates an error in the calculation!
[36m(PPOActor pid=18719)[0m E0723 15:59:11.592789   19151 gpu_hlo_schedule.cc:938] The byte size of input/output arguments (23014584320) exceeds the base limit (20225825177). This indicates an error in the calculation!
[36m(PPOActor pid=18719)[0m E0723 15:59:11.829257   19151 gpu_hlo_schedule.cc:938] The byte size of input/output arguments (23014584320) exceeds the base limit (20225825177). This indicates an error in the calculation!
[36m(PPOActor pid=18719)[0m E0723 15:59:11.882076   19136 gpu_hlo_schedule.cc:938] The byte size of input/output arguments (22974444032) exceeds the base limit (20225825177). This indicates an error in the calculation!
[36m(PPOActor pid=18719)[0m E0723 15:59:11.917086   19127 gpu_hlo_schedule.cc:938] The byte size of input/output arguments (23014584320) exceeds the base limit (20225825177). This indicates an error in the calculation!
[36m(PPOActor pid=18719)[0m E0723 15:59:12.065582   19135 gpu_hlo_schedule.cc:938] The byte size of input/output arguments (21147680768) exceeds the base limit (20225825177). This indicates an error in the calculation!
[36m(PPOActor pid=18719)[0m E0723 15:59:12.065964   19127 gpu_hlo_schedule.cc:938] The byte size of input/output arguments (23014584320) exceeds the base limit (20225825177). This indicates an error in the calculation!
[36m(PPOActor pid=18719)[0m E0723 15:59:12.223990   19151 gpu_hlo_schedule.cc:938] The byte size of input/output arguments (21147680768) exceeds the base limit (20225825177). This indicates an error in the calculation!
[36m(PPOActor pid=18719)[0m E0723 15:59:12.423272   19124 gpu_hlo_schedule.cc:938] The byte size of input/output arguments (23014584320) exceeds the base limit (20225825177). This indicates an error in the calculation!
[36m(PPOActor pid=18719)[0m E0723 15:59:12.449047   19128 gpu_hlo_schedule.cc:938] The byte size of input/output arguments (23014584320) exceeds the base limit (20225825177). This indicates an error in the calculation!
[36m(PPOActor pid=18719)[0m E0723 15:59:12.504644   19123 gpu_hlo_schedule.cc:938] The byte size of input/output arguments (23014584320) exceeds the base limit (20225825177). This indicates an error in the calculation!
[36m(PPOActor pid=18719)[0m E0723 15:59:12.650412   19123 gpu_hlo_schedule.cc:938] The byte size of input/output arguments (23014584320) exceeds the base limit (20225825177). This indicates an error in the calculation!
[36m(PPOActor pid=18719)[0m E0723 15:59:12.682316   19130 gpu_hlo_schedule.cc:938] The byte size of input/output arguments (23014584320) exceeds the base limit (20225825177). This indicates an error in the calculation!
[36m(PPOActor pid=18719)[0m E0723 15:59:12.759255   19151 gpu_hlo_schedule.cc:938] The byte size of input/output arguments (21147680768) exceeds the base limit (20225825177). This indicates an error in the calculation!
[36m(PPOActor pid=18719)[0m W0723 15:59:12.759471   19151 hlo_rematerialization.cc:3233] Can't reduce memory use below 8.00MiB (8388608 bytes) by rematerialization; only reduced to 12.00MiB (12582928 bytes), down from 12.00MiB (12582928 bytes) originally
[36m(PPOActor pid=18719)[0m E0723 15:59:12.843174   19130 gpu_hlo_schedule.cc:938] The byte size of input/output arguments (23014584320) exceeds the base limit (20225825177). This indicates an error in the calculation!
[36m(PPOActor pid=18719)[0m W0723 15:59:12.843376   19130 hlo_rematerialization.cc:3233] Can't reduce memory use below 38.42MiB (40284160 bytes) by rematerialization; only reduced to 42.42MiB (44478480 bytes), down from 42.42MiB (44478480 bytes) originally
[36m(PPOActor pid=18719)[0m E0723 15:59:12.907133   19128 gpu_hlo_schedule.cc:938] The byte size of input/output arguments (22974444032) exceeds the base limit (20225825177). This indicates an error in the calculation!
[36m(PPOActor pid=18719)[0m W0723 15:59:12.907309   19128 hlo_rematerialization.cc:3233] Can't reduce memory use below 19.21GiB (20625489920 bytes) by rematerialization; only reduced to 19.21GiB (20629684240 bytes), down from 19.21GiB (20629684240 bytes) originally
[36m(PPOActor pid=18719)[0m E0723 15:59:12.933434   19148 gpu_hlo_schedule.cc:938] The byte size of input/output arguments (23014584320) exceeds the base limit (20225825177). This indicates an error in the calculation!
[36m(PPOActor pid=18719)[0m E0723 15:59:12.940657   19127 gpu_hlo_schedule.cc:938] The byte size of input/output arguments (22974444032) exceeds the base limit (20225825177). This indicates an error in the calculation!
[36m(PPOActor pid=18719)[0m E0723 15:59:13.006328   19121 gpu_hlo_schedule.cc:938] The byte size of input/output arguments (22974444032) exceeds the base limit (20225825177). This indicates an error in the calculation!
[36m(PPOActor pid=18719)[0m W0723 15:59:13.006517   19121 hlo_rematerialization.cc:3233] Can't reduce memory use below 19.21GiB (20625489920 bytes) by rematerialization; only reduced to 19.21GiB (20629684240 bytes), down from 19.21GiB (20629684240 bytes) originally
[36m(PPOActor pid=18719)[0m E0723 15:59:13.338677   19130 gpu_hlo_schedule.cc:938] The byte size of input/output arguments (22974444032) exceeds the base limit (20225825177). This indicates an error in the calculation!
[36m(PPOActor pid=18719)[0m E0723 15:59:13.442986   19141 gpu_hlo_schedule.cc:938] The byte size of input/output arguments (23014584320) exceeds the base limit (20225825177). This indicates an error in the calculation!
[36m(PPOActor pid=18719)[0m W0723 15:59:13.443187   19141 hlo_rematerialization.cc:3233] Can't reduce memory use below 38.42MiB (40284160 bytes) by rematerialization; only reduced to 42.42MiB (44478480 bytes), down from 42.42MiB (44478480 bytes) originally
[36m(PPOActor pid=18719)[0m E0723 15:59:13.456050   19129 gpu_hlo_schedule.cc:938] The byte size of input/output arguments (22974444032) exceeds the base limit (20225825177). This indicates an error in the calculation!
[36m(PPOActor pid=18719)[0m W0723 15:59:13.456242   19129 hlo_rematerialization.cc:3233] Can't reduce memory use below 19.21GiB (20625489920 bytes) by rematerialization; only reduced to 19.21GiB (20629684240 bytes), down from 19.21GiB (20629684240 bytes) originally
[36m(PPOActor pid=18719)[0m E0723 15:59:13.511728   19137 gpu_hlo_schedule.cc:938] The byte size of input/output arguments (23014584320) exceeds the base limit (20225825177). This indicates an error in the calculation!
[36m(PPOActor pid=18719)[0m E0723 15:59:13.670331   19132 gpu_hlo_schedule.cc:938] The byte size of input/output arguments (22974444032) exceeds the base limit (20225825177). This indicates an error in the calculation!
[36m(PPOActor pid=18719)[0m E0723 15:59:13.829970   19137 gpu_hlo_schedule.cc:938] The byte size of input/output arguments (23014584320) exceeds the base limit (20225825177). This indicates an error in the calculation!
[36m(PPOActor pid=18719)[0m E0723 15:59:14.136928   19137 gpu_hlo_schedule.cc:938] The byte size of input/output arguments (23014584320) exceeds the base limit (20225825177). This indicates an error in the calculation!
[36m(PPOActor pid=18719)[0m W0723 15:59:14.137098   19137 hlo_rematerialization.cc:3233] Can't reduce memory use below 38.42MiB (40284160 bytes) by rematerialization; only reduced to 42.42MiB (44478480 bytes), down from 42.42MiB (44478480 bytes) originally
[36m(PPOActor pid=18719)[0m E0723 15:59:14.539274   19144 gpu_hlo_schedule.cc:938] The byte size of input/output arguments (23014584320) exceeds the base limit (20225825177). This indicates an error in the calculation!
[36m(PPOActor pid=18719)[0m E0723 15:59:14.648763   19144 gpu_hlo_schedule.cc:938] The byte size of input/output arguments (23014584320) exceeds the base limit (20225825177). This indicates an error in the calculation!
[36m(PPOActor pid=18719)[0m W0723 15:59:14.648971   19144 hlo_rematerialization.cc:3233] Can't reduce memory use below 38.42MiB (40284160 bytes) by rematerialization; only reduced to 42.42MiB (44478480 bytes), down from 42.42MiB (44478480 bytes) originally
[36m(PPOActor pid=18719)[0m E0723 15:59:15.107708   19137 gpu_hlo_schedule.cc:938] The byte size of input/output arguments (22974444032) exceeds the base limit (20225825177). This indicates an error in the calculation!
[36m(PPOActor pid=18719)[0m E0723 15:59:15.302342   19123 gpu_hlo_schedule.cc:938] The byte size of input/output arguments (23014584320) exceeds the base limit (20225825177). This indicates an error in the calculation!
[36m(PPOActor pid=18719)[0m E0723 15:59:15.364353   19135 gpu_hlo_schedule.cc:938] The byte size of input/output arguments (23014584320) exceeds the base limit (20225825177). This indicates an error in the calculation!
[36m(PPOActor pid=18719)[0m E0723 15:59:15.479088   19123 gpu_hlo_schedule.cc:938] The byte size of input/output arguments (23014584320) exceeds the base limit (20225825177). This indicates an error in the calculation!
[36m(PPOActor pid=18719)[0m E0723 15:59:15.631685   19134 gpu_hlo_schedule.cc:938] The byte size of input/output arguments (23014584320) exceeds the base limit (20225825177). This indicates an error in the calculation!
[36m(PPOActor pid=18719)[0m E0723 15:59:15.655449   19140 gpu_hlo_schedule.cc:938] The byte size of input/output arguments (23014584320) exceeds the base limit (20225825177). This indicates an error in the calculation!
[36m(PPOActor pid=18719)[0m E0723 15:59:15.714225   19123 gpu_hlo_schedule.cc:938] The byte size of input/output arguments (23014584320) exceeds the base limit (20225825177). This indicates an error in the calculation!
[36m(PPOActor pid=18719)[0m E0723 15:59:15.952046   19124 gpu_hlo_schedule.cc:938] The byte size of input/output arguments (23014584320) exceeds the base limit (20225825177). This indicates an error in the calculation!
[36m(PPOActor pid=18719)[0m E0723 15:59:16.148048   19124 gpu_hlo_schedule.cc:938] The byte size of input/output arguments (23014584320) exceeds the base limit (20225825177). This indicates an error in the calculation!
[36m(PPOActor pid=18719)[0m E0723 15:59:16.385200   19138 gpu_hlo_schedule.cc:938] The byte size of input/output arguments (21139816448) exceeds the base limit (20225825177). This indicates an error in the calculation!
[36m(PPOActor pid=18719)[0m E0723 15:59:16.385233   19127 gpu_hlo_schedule.cc:938] The byte size of input/output arguments (23014584320) exceeds the base limit (20225825177). This indicates an error in the calculation!
[36m(PPOActor pid=18719)[0m W0723 15:59:16.385435   19138 hlo_rematerialization.cc:3233] Can't reduce memory use below 2.19GiB (2348810240 bytes) by rematerialization; only reduced to 2.19GiB (2353004560 bytes), down from 2.19GiB (2353004560 bytes) originally
[36m(PPOActor pid=18719)[0m W0723 15:59:16.385485   19127 hlo_rematerialization.cc:3233] Can't reduce memory use below 19.21GiB (20625489920 bytes) by rematerialization; only reduced to 19.21GiB (20629684240 bytes), down from 19.21GiB (20629684240 bytes) originally
[36m(PPOActor pid=18719)[0m E0723 15:59:16.522329   19137 cuda_executor.cc:1210] [0] Failed to allocate device memory: INTERNAL: [0] Failed to allocate 19.21GiB (20625489920 bytes) of device memory: : CUDA_ERROR_OUT_OF_MEMORY: out of memory
[36m(PPOActor pid=18719)[0m E0723 15:59:16.522492   19137 cuda_executor.cc:1210] [0] Failed to allocate device memory: INTERNAL: [0] Failed to allocate 19.21GiB (20625489920 bytes) of device memory: : CUDA_ERROR_OUT_OF_MEMORY: out of memory
[36m(PPOActor pid=18719)[0m E0723 15:59:16.522636   19137 cuda_executor.cc:1210] [0] Failed to allocate device memory: INTERNAL: [0] Failed to allocate 19.21GiB (20625489920 bytes) of device memory: : CUDA_ERROR_OUT_OF_MEMORY: out of memory
[36m(PPOActor pid=18719)[0m E0723 15:59:16.522759   19137 cuda_executor.cc:1210] [0] Failed to allocate device memory: INTERNAL: [0] Failed to allocate 19.21GiB (20625489920 bytes) of device memory: : CUDA_ERROR_OUT_OF_MEMORY: out of memory
[36m(PPOActor pid=18719)[0m E0723 15:59:16.522885   19137 cuda_executor.cc:1210] [0] Failed to allocate device memory: INTERNAL: [0] Failed to allocate 19.21GiB (20625489920 bytes) of device memory: : CUDA_ERROR_OUT_OF_MEMORY: out of memory
[36m(PPOActor pid=18719)[0m E0723 15:59:16.523011   19137 cuda_executor.cc:1210] [0] Failed to allocate device memory: INTERNAL: [0] Failed to allocate 19.21GiB (20625489920 bytes) of device memory: : CUDA_ERROR_OUT_OF_MEMORY: out of memory
[36m(PPOActor pid=18719)[0m E0723 15:59:16.523202   19137 cuda_executor.cc:1210] [0] Failed to allocate device memory: INTERNAL: [0] Failed to allocate 19.21GiB (20625489920 bytes) of device memory: : CUDA_ERROR_OUT_OF_MEMORY: out of memory
[36m(PPOActor pid=18719)[0m E0723 15:59:16.523321   19137 cuda_executor.cc:1210] [0] Failed to allocate device memory: INTERNAL: [0] Failed to allocate 19.21GiB (20625489920 bytes) of device memory: : CUDA_ERROR_OUT_OF_MEMORY: out of memory
[36m(PPOActor pid=18719)[0m E0723 15:59:16.523426   19137 cuda_executor.cc:1210] [0] Failed to allocate device memory: INTERNAL: [0] Failed to allocate 19.21GiB (20625489920 bytes) of device memory: : CUDA_ERROR_OUT_OF_MEMORY: out of memory
[36m(PPOActor pid=18719)[0m E0723 15:59:16.523528   19137 cuda_executor.cc:1210] [0] Failed to allocate device memory: INTERNAL: [0] Failed to allocate 19.21GiB (20625489920 bytes) of device memory: : CUDA_ERROR_OUT_OF_MEMORY: out of memory
[36m(PPOActor pid=18719)[0m E0723 15:59:16.561776   19144 gpu_hlo_schedule.cc:938] The byte size of input/output arguments (23014584320) exceeds the base limit (20225825177). This indicates an error in the calculation!
[36m(PPOActor pid=18719)[0m W0723 15:59:16.561963   19144 hlo_rematerialization.cc:3233] Can't reduce memory use below 19.21GiB (20625489920 bytes) by rematerialization; only reduced to 19.21GiB (20629684240 bytes), down from 19.21GiB (20629684240 bytes) originally
[36m(PPOActor pid=18719)[0m E0723 15:59:16.668432   19131 gpu_hlo_schedule.cc:938] The byte size of input/output arguments (21139816448) exceeds the base limit (20225825177). This indicates an error in the calculation!
[36m(PPOActor pid=18719)[0m E0723 15:59:16.715898   19143 gpu_hlo_schedule.cc:938] The byte size of input/output arguments (23014584320) exceeds the base limit (20225825177). This indicates an error in the calculation!
[36m(PPOActor pid=18719)[0m W0723 15:59:16.716082   19143 hlo_rematerialization.cc:3233] Can't reduce memory use below 19.21GiB (20625489920 bytes) by rematerialization; only reduced to 19.21GiB (20629684240 bytes), down from 19.21GiB (20629684240 bytes) originally
[36m(PPOActor pid=18719)[0m E0723 15:59:16.839966   19138 gpu_hlo_schedule.cc:938] The byte size of input/output arguments (22974444032) exceeds the base limit (20225825177). This indicates an error in the calculation!
[36m(PPOActor pid=18719)[0m E0723 15:59:17.224324   19138 gpu_hlo_schedule.cc:938] The byte size of input/output arguments (23014584320) exceeds the base limit (20225825177). This indicates an error in the calculation!
[36m(PPOActor pid=18719)[0m W0723 15:59:17.224559   19138 hlo_rematerialization.cc:3233] Can't reduce memory use below 2.19GiB (2348810240 bytes) by rematerialization; only reduced to 2.19GiB (2353004560 bytes), down from 2.19GiB (2353004560 bytes) originally
[36m(PPOActor pid=18719)[0m E0723 15:59:17.308612   19129 gpu_hlo_schedule.cc:938] The byte size of input/output arguments (23014584320) exceeds the base limit (20225825177). This indicates an error in the calculation!
[36m(PPOActor pid=18719)[0m E0723 15:59:17.381122   19128 gpu_hlo_schedule.cc:938] The byte size of input/output arguments (23014584320) exceeds the base limit (20225825177). This indicates an error in the calculation!
[36m(PPOActor pid=18719)[0m E0723 15:59:17.526936   19143 cuda_executor.cc:1210] [0] Failed to allocate device memory: INTERNAL: [0] Failed to allocate 19.21GiB (20625489920 bytes) of device memory: : CUDA_ERROR_OUT_OF_MEMORY: out of memory
[36m(PPOActor pid=18719)[0m E0723 15:59:17.527093   19143 cuda_executor.cc:1210] [0] Failed to allocate device memory: INTERNAL: [0] Failed to allocate 19.21GiB (20625489920 bytes) of device memory: : CUDA_ERROR_OUT_OF_MEMORY: out of memory
[36m(PPOActor pid=18719)[0m E0723 15:59:17.527247   19143 cuda_executor.cc:1210] [0] Failed to allocate device memory: INTERNAL: [0] Failed to allocate 19.21GiB (20625489920 bytes) of device memory: : CUDA_ERROR_OUT_OF_MEMORY: out of memory
[36m(PPOActor pid=18719)[0m E0723 15:59:17.527372   19143 cuda_executor.cc:1210] [0] Failed to allocate device memory: INTERNAL: [0] Failed to allocate 19.21GiB (20625489920 bytes) of device memory: : CUDA_ERROR_OUT_OF_MEMORY: out of memory
[36m(PPOActor pid=18719)[0m E0723 15:59:17.527497   19143 cuda_executor.cc:1210] [0] Failed to allocate device memory: INTERNAL: [0] Failed to allocate 19.21GiB (20625489920 bytes) of device memory: : CUDA_ERROR_OUT_OF_MEMORY: out of memory
[36m(PPOActor pid=18719)[0m E0723 15:59:17.527617   19143 cuda_executor.cc:1210] [0] Failed to allocate device memory: INTERNAL: [0] Failed to allocate 19.21GiB (20625489920 bytes) of device memory: : CUDA_ERROR_OUT_OF_MEMORY: out of memory
[36m(PPOActor pid=18719)[0m E0723 15:59:17.527739   19143 cuda_executor.cc:1210] [0] Failed to allocate device memory: INTERNAL: [0] Failed to allocate 19.21GiB (20625489920 bytes) of device memory: : CUDA_ERROR_OUT_OF_MEMORY: out of memory
[36m(PPOActor pid=18719)[0m E0723 15:59:17.527835   19143 cuda_executor.cc:1210] [0] Failed to allocate device memory: INTERNAL: [0] Failed to allocate 19.21GiB (20625489920 bytes) of device memory: : CUDA_ERROR_OUT_OF_MEMORY: out of memory
[36m(PPOActor pid=18719)[0m E0723 15:59:17.527930   19143 cuda_executor.cc:1210] [0] Failed to allocate device memory: INTERNAL: [0] Failed to allocate 19.21GiB (20625489920 bytes) of device memory: : CUDA_ERROR_OUT_OF_MEMORY: out of memory
[36m(PPOActor pid=18719)[0m E0723 15:59:17.528027   19143 cuda_executor.cc:1210] [0] Failed to allocate device memory: INTERNAL: [0] Failed to allocate 19.21GiB (20625489920 bytes) of device memory: : CUDA_ERROR_OUT_OF_MEMORY: out of memory
[36m(PPOActor pid=18719)[0m E0723 15:59:17.546473   19129 gpu_hlo_schedule.cc:938] The byte size of input/output arguments (23014584320) exceeds the base limit (20225825177). This indicates an error in the calculation!
[36m(PPOActor pid=18719)[0m W0723 15:59:17.546620   19129 hlo_rematerialization.cc:3233] Can't reduce memory use below 38.42MiB (40284160 bytes) by rematerialization; only reduced to 42.42MiB (44478480 bytes), down from 42.42MiB (44478480 bytes) originally
[36m(PPOActor pid=18719)[0m E0723 15:59:17.569370   19149 gpu_hlo_schedule.cc:938] The byte size of input/output arguments (23014584320) exceeds the base limit (20225825177). This indicates an error in the calculation!
[36m(PPOActor pid=18719)[0m E0723 15:59:19.710414   19150 gpu_hlo_schedule.cc:938] The byte size of input/output arguments (21139816448) exceeds the base limit (20225825177). This indicates an error in the calculation!
[36m(PPOActor pid=18719)[0m E0723 15:59:20.407436   19131 cuda_executor.cc:1210] [0] Failed to allocate device memory: INTERNAL: [0] Failed to allocate 17.50GiB (18790481920 bytes) of device memory: : CUDA_ERROR_OUT_OF_MEMORY: out of memory
[36m(PPOActor pid=18719)[0m E0723 15:59:20.407701   19131 cuda_executor.cc:1210] [0] Failed to allocate device memory: INTERNAL: [0] Failed to allocate 17.50GiB (18790481920 bytes) of device memory: : CUDA_ERROR_OUT_OF_MEMORY: out of memory
[36m(PPOActor pid=18719)[0m E0723 15:59:20.407925   19131 cuda_executor.cc:1210] [0] Failed to allocate device memory: INTERNAL: [0] Failed to allocate 17.50GiB (18790481920 bytes) of device memory: : CUDA_ERROR_OUT_OF_MEMORY: out of memory
[36m(PPOActor pid=18719)[0m E0723 15:59:20.408161   19131 cuda_executor.cc:1210] [0] Failed to allocate device memory: INTERNAL: [0] Failed to allocate 17.50GiB (18790481920 bytes) of device memory: : CUDA_ERROR_OUT_OF_MEMORY: out of memory
[36m(PPOActor pid=18719)[0m E0723 15:59:20.408388   19131 cuda_executor.cc:1210] [0] Failed to allocate device memory: INTERNAL: [0] Failed to allocate 17.50GiB (18790481920 bytes) of device memory: : CUDA_ERROR_OUT_OF_MEMORY: out of memory
[36m(PPOActor pid=18719)[0m E0723 15:59:20.408612   19131 cuda_executor.cc:1210] [0] Failed to allocate device memory: INTERNAL: [0] Failed to allocate 17.50GiB (18790481920 bytes) of device memory: : CUDA_ERROR_OUT_OF_MEMORY: out of memory
[36m(PPOActor pid=18719)[0m E0723 15:59:20.408827   19131 cuda_executor.cc:1210] [0] Failed to allocate device memory: INTERNAL: [0] Failed to allocate 17.50GiB (18790481920 bytes) of device memory: : CUDA_ERROR_OUT_OF_MEMORY: out of memory
[36m(PPOActor pid=18719)[0m E0723 15:59:20.409059   19131 cuda_executor.cc:1210] [0] Failed to allocate device memory: INTERNAL: [0] Failed to allocate 17.50GiB (18790481920 bytes) of device memory: : CUDA_ERROR_OUT_OF_MEMORY: out of memory
[36m(PPOActor pid=18719)[0m E0723 15:59:20.409292   19131 cuda_executor.cc:1210] [0] Failed to allocate device memory: INTERNAL: [0] Failed to allocate 17.50GiB (18790481920 bytes) of device memory: : CUDA_ERROR_OUT_OF_MEMORY: out of memory
[36m(PPOActor pid=18719)[0m E0723 15:59:20.409518   19131 cuda_executor.cc:1210] [0] Failed to allocate device memory: INTERNAL: [0] Failed to allocate 17.50GiB (18790481920 bytes) of device memory: : CUDA_ERROR_OUT_OF_MEMORY: out of memory
[36m(PPOActor pid=18719)[0m E0723 15:59:20.409731   19131 cuda_executor.cc:1210] [0] Failed to allocate device memory: INTERNAL: [0] Failed to allocate 17.50GiB (18790481920 bytes) of device memory: : CUDA_ERROR_OUT_OF_MEMORY: out of memory
[36m(PPOActor pid=18719)[0m E0723 15:59:20.409949   19131 cuda_executor.cc:1210] [0] Failed to allocate device memory: INTERNAL: [0] Failed to allocate 17.50GiB (18790481920 bytes) of device memory: : CUDA_ERROR_OUT_OF_MEMORY: out of memory
[36m(PPOActor pid=18719)[0m E0723 15:59:20.410175   19131 cuda_executor.cc:1210] [0] Failed to allocate device memory: INTERNAL: [0] Failed to allocate 17.50GiB (18790481920 bytes) of device memory: : CUDA_ERROR_OUT_OF_MEMORY: out of memory
[36m(PPOActor pid=18719)[0m E0723 15:59:20.410370   19131 cuda_executor.cc:1210] [0] Failed to allocate device memory: INTERNAL: [0] Failed to allocate 17.50GiB (18790481920 bytes) of device memory: : CUDA_ERROR_OUT_OF_MEMORY: out of memory
[36m(PPOActor pid=18719)[0m E0723 15:59:20.410555   19131 cuda_executor.cc:1210] [0] Failed to allocate device memory: INTERNAL: [0] Failed to allocate 17.50GiB (18790481920 bytes) of device memory: : CUDA_ERROR_OUT_OF_MEMORY: out of memory
[36m(PPOActor pid=18719)[0m E0723 15:59:20.410736   19131 cuda_executor.cc:1210] [0] Failed to allocate device memory: INTERNAL: [0] Failed to allocate 17.50GiB (18790481920 bytes) of device memory: : CUDA_ERROR_OUT_OF_MEMORY: out of memory
[36m(PPOActor pid=18719)[0m E0723 15:59:20.410917   19131 cuda_executor.cc:1210] [0] Failed to allocate device memory: INTERNAL: [0] Failed to allocate 17.50GiB (18790481920 bytes) of device memory: : CUDA_ERROR_OUT_OF_MEMORY: out of memory
[36m(PPOActor pid=18719)[0m E0723 15:59:20.411111   19131 cuda_executor.cc:1210] [0] Failed to allocate device memory: INTERNAL: [0] Failed to allocate 17.50GiB (18790481920 bytes) of device memory: : CUDA_ERROR_OUT_OF_MEMORY: out of memory
[36m(PPOActor pid=18719)[0m E0723 15:59:20.411302   19131 cuda_executor.cc:1210] [0] Failed to allocate device memory: INTERNAL: [0] Failed to allocate 17.50GiB (18790481920 bytes) of device memory: : CUDA_ERROR_OUT_OF_MEMORY: out of memory
[36m(PPOActor pid=18719)[0m E0723 15:59:20.411488   19131 cuda_executor.cc:1210] [0] Failed to allocate device memory: INTERNAL: [0] Failed to allocate 17.50GiB (18790481920 bytes) of device memory: : CUDA_ERROR_OUT_OF_MEMORY: out of memory
[36m(PPOActor pid=18719)[0m E0723 15:59:20.411668   19131 cuda_executor.cc:1210] [0] Failed to allocate device memory: INTERNAL: [0] Failed to allocate 17.50GiB (18790481920 bytes) of device memory: : CUDA_ERROR_OUT_OF_MEMORY: out of memory
[36m(PPOActor pid=18719)[0m E0723 15:59:20.433128   18719 autotuner.cc:460] Could not get config for HLO: %gemm_fusion_dot.46 = f32[1024,4587520]{1,0} fusion(%dynamic_nodonate__first___22_.1, %bitcast.3487), kind=kCustom, calls=
[36m(PPOActor pid=18719)[0m (parameter_0.16: f32[1024,128], parameter_1.16: f32[128,4587520]) -> f32[1024,4587520] {
[36m(PPOActor pid=18719)[0m   %parameter_0.16 = f32[1024,128]{1,0} parameter(0)
[36m(PPOActor pid=18719)[0m   %parameter_1.16 = f32[128,4587520]{1,0} parameter(1)
[36m(PPOActor pid=18719)[0m   ROOT %dot.452 = f32[1024,4587520]{1,0} dot(%parameter_0.16, %parameter_1.16), lhs_contracting_dims={1}, rhs_contracting_dims={0}, metadata={op_name="jit(update_step)/jvp(vmap(vmap(eqx.nn.Linear)))/dot_general" stack_frame_id=879}
[36m(PPOActor pid=18719)[0m }, metadata={op_name="jit(update_step)/jvp(vmap(vmap(eqx.nn.Linear)))/dot_general" stack_frame_id=879}, backend_config={"operation_queue_id":"0","fusion_backend_config":{"kind":"__triton_gemm"},"force_earliest_schedule":false,"reification_cost":[],"device_type":"DEVICE_TYPE_INVALID"}. Status: INTERNAL: Autotuning failed for HLO: %gemm_fusion_dot.46 = f32[1024,4587520]{1,0} fusion(%dynamic_nodonate__first___22_.1, %bitcast.3487), kind=kCustom, calls=%gemm_fusion_dot.46_computation, metadata={op_name="jit(update_step)/jvp(vmap(vmap(eqx.nn.Linear)))/dot_general" stack_frame_id=879}, backend_config={"operation_queue_id":"0","fusion_backend_config":{"kind":"__triton_gemm"},"force_earliest_schedule":false,"reification_cost":[],"device_type":"DEVICE_TYPE_INVALID"}. Failed to pick best config: All configs failed during profiling.
[36m(PPOActor pid=18719)[0m Failures (21):
[36m(PPOActor pid=18719)[0m EXECUTION FAILED: RESOURCE_EXHAUSTED: Failed to allocate request for 17.50GiB (18790481920B) on device ordinal 0
[36m(PPOActor pid=18719)[0m EXECUTION FAILED: RESOURCE_EXHAUSTED: Failed to allocate request for 17.50GiB (18790481920B) on device ordinal 0
[36m(PPOActor pid=18719)[0m EXECUTION FAILED: RESOURCE_EXHAUSTED: Failed to allocate request for 17.50GiB (18790481920B) on device ordinal 0
[36m(PPOActor pid=18719)[0m EXECUTION FAILED: RESOURCE_EXHAUSTED: Failed to allocate request for 17.50GiB (18790481920B) on device ordinal 0
[36m(PPOActor pid=18719)[0m EXECUTION FAILED: RESOURCE_EXHAUSTED: Failed to allocate request for 17.50GiB (18790481920B) on device ordinal 0
[36m(PPOActor pid=18719)[0m EXECUTION FAILED: RESOURCE_EXHAUSTED: Failed to allocate request for 17.50GiB (18790481920B) on device ordinal 0
[36m(PPOActor pid=18719)[0m EXECUTION FAILED: RESOURCE_EXHAUSTED: Failed to allocate request for 17.50GiB (18790481920B) on device ordinal 0
[36m(PPOActor pid=18719)[0m EXECUTION FAILED: RESOURCE_EXHAUSTED: Failed to allocate request for 17.50GiB (18790481920B) on device ordinal 0
[36m(PPOActor pid=18719)[0m EXECUTION FAILED: RESOURCE_EXHAUSTED: Failed to allocate request for 17.50GiB (18790481920B) on device ordinal 0
[36m(PPOActor pid=18719)[0m EXECUTION FAILED: RESOURCE_EXHAUSTED: Failed to allocate request for 17.50GiB (18790481920B) on device ordinal 0
[36m(PPOActor pid=18719)[0m EXECUTION FAILED: RESOURCE_EXHAUSTED: Failed to allocate request for 17.50GiB (18790481920B) on device ordinal 0
[36m(PPOActor pid=18719)[0m EXECUTION FAILED: RESOURCE_EXHAUSTED: Failed to allocate request for 17.50GiB (18790481920B) on device ordinal 0
[36m(PPOActor pid=18719)[0m EXECUTION FAILED: RESOURCE_EXHAUSTED: Failed to allocate request for 17.50GiB (18790481920B) on device ordinal 0
[36m(PPOActor pid=18719)[0m EXECUTION FAILED: RESOURCE_EXHAUSTED: Failed to allocate request for 17.50GiB (18790481920B) on device ordinal 0
[36m(PPOActor pid=18719)[0m EXECUTION FAILED: RESOURCE_EXHAUSTED: Failed to allocate request for 17.50GiB (18790481920B) on device ordinal 0
[36m(PPOActor pid=18719)[0m EXECUTION FAILED: RESOURCE_EXHAUSTED: Failed to allocate request for 17.50GiB (18790481920B) on device ordinal 0
[36m(PPOActor pid=18719)[0m EXECUTION FAILED: RESOURCE_EXHAUSTED: Failed to allocate request for 17.50GiB (18790481920B) on device ordinal 0
[36m(PPOActor pid=18719)[0m EXECUTION FAILED: RESOURCE_EXHAUSTED: Failed to allocate request for 17.50GiB (18790481920B) on device ordinal 0
[36m(PPOActor pid=18719)[0m EXECUTION FAILED: RESOURCE_EXHAUSTED: Failed to allocate request for 17.50GiB (18790481920B) on device ordinal 0
[36m(PPOActor pid=18719)[0m EXECUTION FAILED: RESOURCE_EXHAUSTED: Failed to allocate request for 17.50GiB (18790481920B) on device ordinal 0
[36m(PPOActor pid=18719)[0m EXECUTION FAILED: RESOURCE_EXHAUSTED: Failed to allocate request for 17.50GiB (18790481920B) on device ordinal 0
[36m(PPOActor pid=18719)[0m E0723 15:59:25.940628   19137 gpu_hlo_schedule.cc:938] The byte size of input/output arguments (23014584320) exceeds the base limit (20225825177). This indicates an error in the calculation!
[36m(PPOActor pid=18719)[0m E0723 15:59:26.113441   19125 gpu_hlo_schedule.cc:938] The byte size of input/output arguments (23014584320) exceeds the base limit (20225825177). This indicates an error in the calculation!
[36m(PPOActor pid=18719)[0m E0723 15:59:27.089477   19128 gpu_hlo_schedule.cc:938] The byte size of input/output arguments (22974444032) exceeds the base limit (20225825177). This indicates an error in the calculation!
[36m(PPOActor pid=18719)[0m W0723 15:59:27.089812   19128 hlo_rematerialization.cc:3233] Can't reduce memory use below 2.19GiB (2348810240 bytes) by rematerialization; only reduced to 4.38GiB (4701814800 bytes), down from 4.38GiB (4701814800 bytes) originally
[36m(PPOActor pid=18719)[0m E0723 15:59:27.335718   19140 gpu_hlo_schedule.cc:938] The byte size of input/output arguments (22983507968) exceeds the base limit (20225825177). This indicates an error in the calculation!
[36m(PPOActor pid=18719)[0m E0723 15:59:27.456262   19143 gpu_hlo_schedule.cc:938] The byte size of input/output arguments (21139816448) exceeds the base limit (20225825177). This indicates an error in the calculation!
[36m(PPOActor pid=18719)[0m W0723 15:59:27.456448   19143 hlo_rematerialization.cc:3233] Can't reduce memory use below 2.19GiB (2348810240 bytes) by rematerialization; only reduced to 2.19GiB (2353004560 bytes), down from 2.19GiB (2353004560 bytes) originally
[36m(PPOActor pid=18719)[0m E0723 15:59:31.616313   19130 gpu_hlo_schedule.cc:938] The byte size of input/output arguments (21147680768) exceeds the base limit (20225825177). This indicates an error in the calculation!
[36m(PPOActor pid=18719)[0m E0723 15:59:39.724581   19125 cuda_executor.cc:1210] [0] Failed to allocate device memory: INTERNAL: [0] Failed to allocate 2.19GiB (2348810240 bytes) of device memory: : CUDA_ERROR_OUT_OF_MEMORY: out of memory
[36m(PPOActor pid=18719)[0m E0723 15:59:39.724727   19125 cuda_executor.cc:1210] [0] Failed to allocate device memory: INTERNAL: [0] Failed to allocate 2.19GiB (2348810240 bytes) of device memory: : CUDA_ERROR_OUT_OF_MEMORY: out of memory
[36m(PPOActor pid=18719)[0m E0723 15:59:39.724825   19125 cuda_executor.cc:1210] [0] Failed to allocate device memory: INTERNAL: [0] Failed to allocate 2.19GiB (2348810240 bytes) of device memory: : CUDA_ERROR_OUT_OF_MEMORY: out of memory
[36m(PPOActor pid=18719)[0m E0723 15:59:39.724922   19125 cuda_executor.cc:1210] [0] Failed to allocate device memory: INTERNAL: [0] Failed to allocate 2.19GiB (2348810240 bytes) of device memory: : CUDA_ERROR_OUT_OF_MEMORY: out of memory
[36m(PPOActor pid=18719)[0m E0723 15:59:39.725020   19125 cuda_executor.cc:1210] [0] Failed to allocate device memory: INTERNAL: [0] Failed to allocate 2.19GiB (2348810240 bytes) of device memory: : CUDA_ERROR_OUT_OF_MEMORY: out of memory
[36m(PPOActor pid=18719)[0m E0723 15:59:39.725126   19125 cuda_executor.cc:1210] [0] Failed to allocate device memory: INTERNAL: [0] Failed to allocate 2.19GiB (2348810240 bytes) of device memory: : CUDA_ERROR_OUT_OF_MEMORY: out of memory
[36m(PPOActor pid=18719)[0m E0723 15:59:39.725254   19125 cuda_executor.cc:1210] [0] Failed to allocate device memory: INTERNAL: [0] Failed to allocate 2.19GiB (2348810240 bytes) of device memory: : CUDA_ERROR_OUT_OF_MEMORY: out of memory
[36m(PPOActor pid=18719)[0m E0723 15:59:39.725355   19125 cuda_executor.cc:1210] [0] Failed to allocate device memory: INTERNAL: [0] Failed to allocate 2.19GiB (2348810240 bytes) of device memory: : CUDA_ERROR_OUT_OF_MEMORY: out of memory
[36m(PPOActor pid=18719)[0m E0723 15:59:39.725457   19125 cuda_executor.cc:1210] [0] Failed to allocate device memory: INTERNAL: [0] Failed to allocate 2.19GiB (2348810240 bytes) of device memory: : CUDA_ERROR_OUT_OF_MEMORY: out of memory
[36m(PPOActor pid=18719)[0m E0723 15:59:39.725556   19125 cuda_executor.cc:1210] [0] Failed to allocate device memory: INTERNAL: [0] Failed to allocate 2.19GiB (2348810240 bytes) of device memory: : CUDA_ERROR_OUT_OF_MEMORY: out of memory
[36m(PPOActor pid=18719)[0m E0723 15:59:39.725653   19125 cuda_executor.cc:1210] [0] Failed to allocate device memory: INTERNAL: [0] Failed to allocate 2.19GiB (2348810240 bytes) of device memory: : CUDA_ERROR_OUT_OF_MEMORY: out of memory
[36m(PPOActor pid=18719)[0m E0723 15:59:39.725753   19125 cuda_executor.cc:1210] [0] Failed to allocate device memory: INTERNAL: [0] Failed to allocate 2.19GiB (2348810240 bytes) of device memory: : CUDA_ERROR_OUT_OF_MEMORY: out of memory
[36m(PPOActor pid=18719)[0m E0723 15:59:39.725865   19125 cuda_executor.cc:1210] [0] Failed to allocate device memory: INTERNAL: [0] Failed to allocate 2.19GiB (2348810240 bytes) of device memory: : CUDA_ERROR_OUT_OF_MEMORY: out of memory
[36m(PPOActor pid=18719)[0m E0723 15:59:39.725962   19125 cuda_executor.cc:1210] [0] Failed to allocate device memory: INTERNAL: [0] Failed to allocate 2.19GiB (2348810240 bytes) of device memory: : CUDA_ERROR_OUT_OF_MEMORY: out of memory
[36m(PPOActor pid=18719)[0m E0723 15:59:39.726060   19125 cuda_executor.cc:1210] [0] Failed to allocate device memory: INTERNAL: [0] Failed to allocate 2.19GiB (2348810240 bytes) of device memory: : CUDA_ERROR_OUT_OF_MEMORY: out of memory
[36m(PPOActor pid=18719)[0m E0723 15:59:39.726165   19125 cuda_executor.cc:1210] [0] Failed to allocate device memory: INTERNAL: [0] Failed to allocate 2.19GiB (2348810240 bytes) of device memory: : CUDA_ERROR_OUT_OF_MEMORY: out of memory
[36m(PPOActor pid=18719)[0m E0723 15:59:39.726270   19125 cuda_executor.cc:1210] [0] Failed to allocate device memory: INTERNAL: [0] Failed to allocate 2.19GiB (2348810240 bytes) of device memory: : CUDA_ERROR_OUT_OF_MEMORY: out of memory
[36m(PPOActor pid=18719)[0m E0723 15:59:39.726351   19125 cuda_executor.cc:1210] [0] Failed to allocate device memory: INTERNAL: [0] Failed to allocate 2.19GiB (2348810240 bytes) of device memory: : CUDA_ERROR_OUT_OF_MEMORY: out of memory
[36m(PPOActor pid=18719)[0m E0723 15:59:39.726432   19125 cuda_executor.cc:1210] [0] Failed to allocate device memory: INTERNAL: [0] Failed to allocate 2.19GiB (2348810240 bytes) of device memory: : CUDA_ERROR_OUT_OF_MEMORY: out of memory
[36m(PPOActor pid=18719)[0m E0723 15:59:39.726527   19125 cuda_executor.cc:1210] [0] Failed to allocate device memory: INTERNAL: [0] Failed to allocate 2.19GiB (2348810240 bytes) of device memory: : CUDA_ERROR_OUT_OF_MEMORY: out of memory
[36m(PPOActor pid=18719)[0m E0723 15:59:39.726604   19125 cuda_executor.cc:1210] [0] Failed to allocate device memory: INTERNAL: [0] Failed to allocate 2.19GiB (2348810240 bytes) of device memory: : CUDA_ERROR_OUT_OF_MEMORY: out of memory
[36m(PPOActor pid=18719)[0m E0723 15:59:39.726679   19125 cuda_executor.cc:1210] [0] Failed to allocate device memory: INTERNAL: [0] Failed to allocate 2.19GiB (2348810240 bytes) of device memory: : CUDA_ERROR_OUT_OF_MEMORY: out of memory
[36m(PPOActor pid=18719)[0m E0723 15:59:40.172968   19128 cuda_executor.cc:1210] [0] Failed to allocate device memory: INTERNAL: [0] Failed to allocate 2.19GiB (2348810496 bytes) of device memory: : CUDA_ERROR_OUT_OF_MEMORY: out of memory
[36m(PPOActor pid=18719)[0m E0723 15:59:40.173135   19128 cuda_executor.cc:1210] [0] Failed to allocate device memory: INTERNAL: [0] Failed to allocate 2.19GiB (2348810240 bytes) of device memory: : CUDA_ERROR_OUT_OF_MEMORY: out of memory
[36m(PPOActor pid=18719)[0m E0723 15:59:40.173240   19128 cuda_executor.cc:1210] [0] Failed to allocate device memory: INTERNAL: [0] Failed to allocate 2.19GiB (2348810240 bytes) of device memory: : CUDA_ERROR_OUT_OF_MEMORY: out of memory
[36m(PPOActor pid=18719)[0m E0723 15:59:40.173330   19128 cuda_executor.cc:1210] [0] Failed to allocate device memory: INTERNAL: [0] Failed to allocate 2.19GiB (2348810240 bytes) of device memory: : CUDA_ERROR_OUT_OF_MEMORY: out of memory
[36m(PPOActor pid=18719)[0m W0723 15:59:40.173335   19128 autotuner.cc:640] No reference output found even though buffer checking 
[36m(PPOActor pid=18719)[0m E0723 15:59:40.173436   19128 cuda_executor.cc:1210] [0] Failed to allocate device memory: INTERNAL: [0] Failed to allocate 2.19GiB (2348810240 bytes) of device memory: : CUDA_ERROR_OUT_OF_MEMORY: out of memory
[36m(PPOActor pid=18719)[0m E0723 15:59:40.173538   19128 cuda_executor.cc:1210] [0] Failed to allocate device memory: INTERNAL: [0] Failed to allocate 2.19GiB (2348810240 bytes) of device memory: : CUDA_ERROR_OUT_OF_MEMORY: out of memory
[36m(PPOActor pid=18719)[0m E0723 15:59:40.173637   19128 cuda_executor.cc:1210] [0] Failed to allocate device memory: INTERNAL: [0] Failed to allocate 2.19GiB (2348810240 bytes) of device memory: : CUDA_ERROR_OUT_OF_MEMORY: out of memory
[36m(PPOActor pid=18719)[0m E0723 15:59:40.173734   19128 cuda_executor.cc:1210] [0] Failed to allocate device memory: INTERNAL: [0] Failed to allocate 2.19GiB (2348810240 bytes) of device memory: : CUDA_ERROR_OUT_OF_MEMORY: out of memory
[36m(PPOActor pid=18719)[0m E0723 15:59:40.173832   19128 cuda_executor.cc:1210] [0] Failed to allocate device memory: INTERNAL: [0] Failed to allocate 2.19GiB (2348810240 bytes) of device memory: : CUDA_ERROR_OUT_OF_MEMORY: out of memory
[36m(PPOActor pid=18719)[0m E0723 15:59:40.173927   19128 cuda_executor.cc:1210] [0] Failed to allocate device memory: INTERNAL: [0] Failed to allocate 2.19GiB (2348810240 bytes) of device memory: : CUDA_ERROR_OUT_OF_MEMORY: out of memory
[36m(PPOActor pid=18719)[0m E0723 15:59:40.174021   19128 cuda_executor.cc:1210] [0] Failed to allocate device memory: INTERNAL: [0] Failed to allocate 2.19GiB (2348810240 bytes) of device memory: : CUDA_ERROR_OUT_OF_MEMORY: out of memory
[36m(PPOActor pid=18719)[0m E0723 15:59:40.174127   19128 cuda_executor.cc:1210] [0] Failed to allocate device memory: INTERNAL: [0] Failed to allocate 2.19GiB (2348810240 bytes) of device memory: : CUDA_ERROR_OUT_OF_MEMORY: out of memory
[36m(PPOActor pid=18719)[0m E0723 15:59:40.174225   19128 cuda_executor.cc:1210] [0] Failed to allocate device memory: INTERNAL: [0] Failed to allocate 2.19GiB (2348810240 bytes) of device memory: : CUDA_ERROR_OUT_OF_MEMORY: out of memory
[36m(PPOActor pid=18719)[0m E0723 15:59:40.174322   19128 cuda_executor.cc:1210] [0] Failed to allocate device memory: INTERNAL: [0] Failed to allocate 2.19GiB (2348810240 bytes) of device memory: : CUDA_ERROR_OUT_OF_MEMORY: out of memory
[36m(PPOActor pid=18719)[0m E0723 15:59:40.174414   19128 cuda_executor.cc:1210] [0] Failed to allocate device memory: INTERNAL: [0] Failed to allocate 2.19GiB (2348810240 bytes) of device memory: : CUDA_ERROR_OUT_OF_MEMORY: out of memory
[36m(PPOActor pid=18719)[0m E0723 15:59:40.174525   19128 cuda_executor.cc:1210] [0] Failed to allocate device memory: INTERNAL: [0] Failed to allocate 2.19GiB (2348810240 bytes) of device memory: : CUDA_ERROR_OUT_OF_MEMORY: out of memory
[36m(PPOActor pid=18719)[0m E0723 15:59:40.174623   19128 cuda_executor.cc:1210] [0] Failed to allocate device memory: INTERNAL: [0] Failed to allocate 2.19GiB (2348810240 bytes) of device memory: : CUDA_ERROR_OUT_OF_MEMORY: out of memory
[36m(PPOActor pid=18719)[0m E0723 15:59:40.174719   19128 cuda_executor.cc:1210] [0] Failed to allocate device memory: INTERNAL: [0] Failed to allocate 2.19GiB (2348810240 bytes) of device memory: : CUDA_ERROR_OUT_OF_MEMORY: out of memory
[36m(PPOActor pid=18719)[0m E0723 15:59:40.174812   19128 cuda_executor.cc:1210] [0] Failed to allocate device memory: INTERNAL: [0] Failed to allocate 2.19GiB (2348810240 bytes) of device memory: : CUDA_ERROR_OUT_OF_MEMORY: out of memory
[36m(PPOActor pid=18719)[0m E0723 15:59:40.174905   19128 cuda_executor.cc:1210] [0] Failed to allocate device memory: INTERNAL: [0] Failed to allocate 2.19GiB (2348810240 bytes) of device memory: : CUDA_ERROR_OUT_OF_MEMORY: out of memory
[36m(PPOActor pid=18719)[0m E0723 15:59:40.174996   19128 cuda_executor.cc:1210] [0] Failed to allocate device memory: INTERNAL: [0] Failed to allocate 2.19GiB (2348810240 bytes) of device memory: : CUDA_ERROR_OUT_OF_MEMORY: out of memory
[36m(PPOActor pid=18719)[0m E0723 15:59:40.175093   19128 cuda_executor.cc:1210] [0] Failed to allocate device memory: INTERNAL: [0] Failed to allocate 2.19GiB (2348810240 bytes) of device memory: : CUDA_ERROR_OUT_OF_MEMORY: out of memory
[36m(PPOActor pid=18719)[0m E0723 15:59:40.175178   19128 cuda_executor.cc:1210] [0] Failed to allocate device memory: INTERNAL: [0] Failed to allocate 2.19GiB (2348810240 bytes) of device memory: : CUDA_ERROR_OUT_OF_MEMORY: out of memory
[36m(PPOActor pid=18719)[0m E0723 15:59:40.175250   19128 cuda_executor.cc:1210] [0] Failed to allocate device memory: INTERNAL: [0] Failed to allocate 2.19GiB (2348810240 bytes) of device memory: : CUDA_ERROR_OUT_OF_MEMORY: out of memory
[36m(PPOActor pid=18719)[0m E0723 15:59:40.175325   19128 cuda_executor.cc:1210] [0] Failed to allocate device memory: INTERNAL: [0] Failed to allocate 2.19GiB (2348810240 bytes) of device memory: : CUDA_ERROR_OUT_OF_MEMORY: out of memory
[36m(PPOActor pid=18719)[0m E0723 15:59:40.175396   19128 cuda_executor.cc:1210] [0] Failed to allocate device memory: INTERNAL: [0] Failed to allocate 2.19GiB (2348810240 bytes) of device memory: : CUDA_ERROR_OUT_OF_MEMORY: out of memory
[36m(PPOActor pid=18719)[0m E0723 15:59:40.675714   19143 cuda_executor.cc:1210] [0] Failed to allocate device memory: INTERNAL: [0] Failed to allocate 2.19GiB (2348810240 bytes) of device memory: : CUDA_ERROR_OUT_OF_MEMORY: out of memory
[36m(PPOActor pid=18719)[0m E0723 15:59:40.675916   19143 cuda_executor.cc:1210] [0] Failed to allocate device memory: INTERNAL: [0] Failed to allocate 2.19GiB (2348810240 bytes) of device memory: : CUDA_ERROR_OUT_OF_MEMORY: out of memory
[36m(PPOActor pid=18719)[0m E0723 15:59:40.676072   19143 cuda_executor.cc:1210] [0] Failed to allocate device memory: INTERNAL: [0] Failed to allocate 2.19GiB (2348810240 bytes) of device memory: : CUDA_ERROR_OUT_OF_MEMORY: out of memory
[36m(PPOActor pid=18719)[0m E0723 15:59:40.676243   19143 cuda_executor.cc:1210] [0] Failed to allocate device memory: INTERNAL: [0] Failed to allocate 2.19GiB (2348810240 bytes) of device memory: : CUDA_ERROR_OUT_OF_MEMORY: out of memory
[36m(PPOActor pid=18719)[0m E0723 15:59:40.676403   19143 cuda_executor.cc:1210] [0] Failed to allocate device memory: INTERNAL: [0] Failed to allocate 2.19GiB (2348810240 bytes) of device memory: : CUDA_ERROR_OUT_OF_MEMORY: out of memory
[36m(PPOActor pid=18719)[0m E0723 15:59:40.676553   19143 cuda_executor.cc:1210] [0] Failed to allocate device memory: INTERNAL: [0] Failed to allocate 2.19GiB (2348810240 bytes) of device memory: : CUDA_ERROR_OUT_OF_MEMORY: out of memory
[36m(PPOActor pid=18719)[0m E0723 15:59:40.676704   19143 cuda_executor.cc:1210] [0] Failed to allocate device memory: INTERNAL: [0] Failed to allocate 2.19GiB (2348810240 bytes) of device memory: : CUDA_ERROR_OUT_OF_MEMORY: out of memory
[36m(PPOActor pid=18719)[0m E0723 15:59:40.676854   19143 cuda_executor.cc:1210] [0] Failed to allocate device memory: INTERNAL: [0] Failed to allocate 2.19GiB (2348810240 bytes) of device memory: : CUDA_ERROR_OUT_OF_MEMORY: out of memory
[36m(PPOActor pid=18719)[0m E0723 15:59:40.677004   19143 cuda_executor.cc:1210] [0] Failed to allocate device memory: INTERNAL: [0] Failed to allocate 2.19GiB (2348810240 bytes) of device memory: : CUDA_ERROR_OUT_OF_MEMORY: out of memory
[36m(PPOActor pid=18719)[0m E0723 15:59:40.677185   19143 cuda_executor.cc:1210] [0] Failed to allocate device memory: INTERNAL: [0] Failed to allocate 2.19GiB (2348810240 bytes) of device memory: : CUDA_ERROR_OUT_OF_MEMORY: out of memory
[36m(PPOActor pid=18719)[0m E0723 15:59:40.677347   19143 cuda_executor.cc:1210] [0] Failed to allocate device memory: INTERNAL: [0] Failed to allocate 2.19GiB (2348810240 bytes) of device memory: : CUDA_ERROR_OUT_OF_MEMORY: out of memory
[36m(PPOActor pid=18719)[0m E0723 15:59:40.677491   19143 cuda_executor.cc:1210] [0] Failed to allocate device memory: INTERNAL: [0] Failed to allocate 2.19GiB (2348810240 bytes) of device memory: : CUDA_ERROR_OUT_OF_MEMORY: out of memory
[36m(PPOActor pid=18719)[0m E0723 15:59:40.677639   19143 cuda_executor.cc:1210] [0] Failed to allocate device memory: INTERNAL: [0] Failed to allocate 2.19GiB (2348810240 bytes) of device memory: : CUDA_ERROR_OUT_OF_MEMORY: out of memory
[36m(PPOActor pid=18719)[0m E0723 15:59:40.677785   19143 cuda_executor.cc:1210] [0] Failed to allocate device memory: INTERNAL: [0] Failed to allocate 2.19GiB (2348810240 bytes) of device memory: : CUDA_ERROR_OUT_OF_MEMORY: out of memory
[36m(PPOActor pid=18719)[0m E0723 15:59:40.677932   19143 cuda_executor.cc:1210] [0] Failed to allocate device memory: INTERNAL: [0] Failed to allocate 2.19GiB (2348810240 bytes) of device memory: : CUDA_ERROR_OUT_OF_MEMORY: out of memory
[36m(PPOActor pid=18719)[0m E0723 15:59:40.678057   19143 cuda_executor.cc:1210] [0] Failed to allocate device memory: INTERNAL: [0] Failed to allocate 2.19GiB (2348810240 bytes) of device memory: : CUDA_ERROR_OUT_OF_MEMORY: out of memory
[36m(PPOActor pid=18719)[0m E0723 15:59:40.678176   19143 cuda_executor.cc:1210] [0] Failed to allocate device memory: INTERNAL: [0] Failed to allocate 2.19GiB (2348810240 bytes) of device memory: : CUDA_ERROR_OUT_OF_MEMORY: out of memory
[36m(PPOActor pid=18719)[0m E0723 15:59:40.678298   19143 cuda_executor.cc:1210] [0] Failed to allocate device memory: INTERNAL: [0] Failed to allocate 2.19GiB (2348810240 bytes) of device memory: : CUDA_ERROR_OUT_OF_MEMORY: out of memory
[36m(PPOActor pid=18719)[0m E0723 15:59:40.678414   19143 cuda_executor.cc:1210] [0] Failed to allocate device memory: INTERNAL: [0] Failed to allocate 2.19GiB (2348810240 bytes) of device memory: : CUDA_ERROR_OUT_OF_MEMORY: out of memory
[36m(PPOActor pid=18719)[0m E0723 15:59:40.678536   19143 cuda_executor.cc:1210] [0] Failed to allocate device memory: INTERNAL: [0] Failed to allocate 2.19GiB (2348810240 bytes) of device memory: : CUDA_ERROR_OUT_OF_MEMORY: out of memory
[36m(PPOActor pid=18719)[0m E0723 15:59:40.678660   19143 cuda_executor.cc:1210] [0] Failed to allocate device memory: INTERNAL: [0] Failed to allocate 2.19GiB (2348810240 bytes) of device memory: : CUDA_ERROR_OUT_OF_MEMORY: out of memory
[36m(PPOActor pid=18719)[0m E0723 15:59:40.678782   19143 cuda_executor.cc:1210] [0] Failed to allocate device memory: INTERNAL: [0] Failed to allocate 2.19GiB (2348810240 bytes) of device memory: : CUDA_ERROR_OUT_OF_MEMORY: out of memory
[36m(PPOActor pid=18719)[0m E0723 15:59:40.678904   19143 cuda_executor.cc:1210] [0] Failed to allocate device memory: INTERNAL: [0] Failed to allocate 2.19GiB (2348810240 bytes) of device memory: : CUDA_ERROR_OUT_OF_MEMORY: out of memory
[36m(PPOActor pid=18719)[0m E0723 15:59:41.042628   19140 cuda_executor.cc:1210] [0] Failed to allocate device memory: INTERNAL: [0] Failed to allocate 2.20GiB (2365587456 bytes) of device memory: : CUDA_ERROR_OUT_OF_MEMORY: out of memory
[36m(PPOActor pid=18719)[0m E0723 15:59:43.847486   18719 autotuner.cc:460] Could not get config for HLO: %gemm_fusion_dot.92 = f32[4587520,128]{1,0} fusion(%bitcast.3973, %dynamic_nodonate__first___88_.1), kind=kCustom, calls=
[36m(PPOActor pid=18719)[0m (parameter_0.99: f32[4587520,1024], parameter_1.99: f32[1024,128]) -> f32[4587520,128] {
[36m(PPOActor pid=18719)[0m   %parameter_0.99 = f32[4587520,1024]{0,1} parameter(0)
[36m(PPOActor pid=18719)[0m   %parameter_1.99 = f32[1024,128]{1,0} parameter(1)
[36m(PPOActor pid=18719)[0m   ROOT %dot.525 = f32[4587520,128]{1,0} dot(%parameter_0.99, %parameter_1.99), lhs_contracting_dims={1}, rhs_contracting_dims={0}, metadata={op_name="jit(update_step)/transpose(jvp(vmap(vmap(eqx.nn.Linear))))/dot_general" stack_frame_id=879}
[36m(PPOActor pid=18719)[0m }, metadata={op_name="jit(update_step)/transpose(jvp(vmap(vmap(eqx.nn.Linear))))/dot_general" stack_frame_id=879}, backend_config={"operation_queue_id":"0","fusion_backend_config":{"kind":"__triton_gemm"},"force_earliest_schedule":false,"reification_cost":[],"device_type":"DEVICE_TYPE_INVALID"}. Status: INTERNAL: Autotuning failed for HLO: %gemm_fusion_dot.92 = f32[4587520,128]{1,0} fusion(%bitcast.3973, %dynamic_nodonate__first___88_.1), kind=kCustom, calls=%gemm_fusion_dot.92_computation, metadata={op_name="jit(update_step)/transpose(jvp(vmap(vmap(eqx.nn.Linear))))/dot_general" stack_frame_id=879}, backend_config={"operation_queue_id":"0","fusion_backend_config":{"kind":"__triton_gemm"},"force_earliest_schedule":false,"reification_cost":[],"device_type":"DEVICE_TYPE_INVALID"}. Failed to pick best config: All configs failed during profiling.
[36m(PPOActor pid=18719)[0m Failures (23):
[36m(PPOActor pid=18719)[0m EXECUTION FAILED: RESOURCE_EXHAUSTED: Failed to allocate request for 2.19GiB (2348810240B) on device ordinal 0
[36m(PPOActor pid=18719)[0m EXECUTION FAILED: RESOURCE_EXHAUSTED: Failed to allocate request for 2.19GiB (2348810240B) on device ordinal 0
[36m(PPOActor pid=18719)[0m EXECUTION FAILED: RESOURCE_EXHAUSTED: Failed to allocate request for 2.19GiB (2348810240B) on device ordinal 0
[36m(PPOActor pid=18719)[0m EXECUTION FAILED: RESOURCE_EXHAUSTED: Failed to allocate request for 2.19GiB (2348810240B) on device ordinal 0
[36m(PPOActor pid=18719)[0m EXECUTION FAILED: RESOURCE_EXHAUSTED: Failed to allocate request for 2.19GiB (2348810240B) on device ordinal 0
[36m(PPOActor pid=18719)[0m EXECUTION FAILED: RESOURCE_EXHAUSTED: Failed to allocate request for 2.19GiB (2348810240B) on device ordinal 0
[36m(PPOActor pid=18719)[0m EXECUTION FAILED: RESOURCE_EXHAUSTED: Failed to allocate request for 2.19GiB (2348810240B) on device ordinal 0
[36m(PPOActor pid=18719)[0m EXECUTION FAILED: RESOURCE_EXHAUSTED: Failed to allocate request for 2.19GiB (2348810240B) on device ordinal 0
[36m(PPOActor pid=18719)[0m EXECUTION FAILED: RESOURCE_EXHAUSTED: Failed to allocate request for 2.19GiB (2348810240B) on device ordinal 0
[36m(PPOActor pid=18719)[0m EXECUTION FAILED: RESOURCE_EXHAUSTED: Failed to allocate request for 2.19GiB (2348810240B) on device ordinal 0
[36m(PPOActor pid=18719)[0m EXECUTION FAILED: RESOURCE_EXHAUSTED: Failed to allocate request for 2.19GiB (2348810240B) on device ordinal 0
[36m(PPOActor pid=18719)[0m EXECUTION FAILED: RESOURCE_EXHAUSTED: Failed to allocate request for 2.19GiB (2348810240B) on device ordinal 0
[36m(PPOActor pid=18719)[0m EXECUTION FAILED: RESOURCE_EXHAUSTED: Failed to allocate request for 2.19GiB (2348810240B) on device ordinal 0
[36m(PPOActor pid=18719)[0m EXECUTION FAILED: RESOURCE_EXHAUSTED: Failed to allocate request for 2.19GiB (2348810240B) on device ordinal 0
[36m(PPOActor pid=18719)[0m EXECUTION FAILED: RESOURCE_EXHAUSTED: Failed to allocate request for 2.19GiB (2348810240B) on device ordinal 0
[36m(PPOActor pid=18719)[0m EXECUTION FAILED: RESOURCE_EXHAUSTED: Failed to allocate request for 2.19GiB (2348810240B) on device ordinal 0
[36m(PPOActor pid=18719)[0m EXECUTION FAILED: RESOURCE_EXHAUSTED: Failed to allocate request for 2.19GiB (2348810240B) on device ordinal 0
[36m(PPOActor pid=18719)[0m EXECUTION FAILED: RESOURCE_EXHAUSTED: Failed to allocate request for 2.19GiB (2348810240B) on device ordinal 0
[36m(PPOActor pid=18719)[0m EXECUTION FAILED: RESOURCE_EXHAUSTED: Failed to allocate request for 2.19GiB (2348810240B) on device ordinal 0
[36m(PPOActor pid=18719)[0m EXECUTION FAILED: RESOURCE_EXHAUSTED: Failed to allocate request for 2.19GiB (2348810240B) on device ordinal 0
[36m(PPOActor pid=18719)[0m EXECUTION FAILED: RESOURCE_EXHAUSTED: Failed to allocate request for 2.19GiB (2348810240B) on device ordinal 0
[36m(PPOActor pid=18719)[0m EXECUTION FAILED: RESOURCE_EXHAUSTED: Failed to allocate request for 2.19GiB (2348810240B) on device ordinal 0
[36m(PPOActor pid=18719)[0m EXECUTION FAILED: RESOURCE_EXHAUSTED: Failed to allocate request for 2.19GiB (2348810240B) on device ordinal 0
[36m(PPOActor pid=18719)[0m E0723 15:59:43.848033   18719 autotuner.cc:460] Could not get config for HLO: %gemm_fusion_dot.419 = f32[4,64,281,32]{3,2,1,0} fusion(%bitcast.3766, %bitcast.3765), kind=kCustom, calls=
[36m(PPOActor pid=18719)[0m (parameter_0.166: f32[4,281,64,71680], parameter_1.166: f32[64,71680,4,32]) -> f32[4,64,281,32] {
[36m(PPOActor pid=18719)[0m   %parameter_0.166 = f32[4,281,64,71680]{3,2,1,0} parameter(0)
[36m(PPOActor pid=18719)[0m   %parameter_1.166 = f32[64,71680,4,32]{3,2,1,0} parameter(1)
[36m(PPOActor pid=18719)[0m   ROOT %dot.592 = f32[4,64,281,32]{3,2,1,0} dot(%parameter_0.166, %parameter_1.166), lhs_batch_dims={0,2}, lhs_contracting_dims={3}, rhs_batch_dims={2,0}, rhs_contracting_dims={1}, metadata={op_name="jit(update_step)/transpose(jvp(vmap(eqx.nn.MultiheadAttention)))/vmap(sd,Sd->sS)/dot_general" stack_frame_id=900}
[36m(PPOActor pid=18719)[0m }, metadata={op_name="jit(update_step)/transpose(jvp(vmap(eqx.nn.MultiheadAttention)))/vmap(sd,Sd->sS)/dot_general" stack_frame_id=900}, backend_config={"operation_queue_id":"0","fusion_backend_config":{"kind":"__triton_gemm"},"force_earliest_schedule":false,"reification_cost":[],"device_type":"DEVICE_TYPE_INVALID"}. Status: RESOURCE_EXHAUSTED: Autotuning failed for HLO: %gemm_fusion_dot.419 = f32[4,64,281,32]{3,2,1,0} fusion(%bitcast.3766, %bitcast.3765), kind=kCustom, calls=%gemm_fusion_dot.419_computation, metadata={op_name="jit(update_step)/transpose(jvp(vmap(eqx.nn.MultiheadAttention)))/vmap(sd,Sd->sS)/dot_general" stack_frame_id=900}, backend_config={"operation_queue_id":"0","fusion_backend_config":{"kind":"__triton_gemm"},"force_earliest_schedule":false,"reification_cost":[],"device_type":"DEVICE_TYPE_INVALID"}. Failed to profile configs: Failed to allocate request for 2.20GiB (2365587456B) on device ordinal 0
[36m(PPOActor pid=18719)[0m E0723 15:59:43.963250   18719 autotuner.cc:460] Could not get config for HLO: %gemm_fusion_dot.89 = f32[4587520,4,32]{2,1,0} fusion(%bitcast.3646, %bitcast.3470), kind=kCustom, calls=
[36m(PPOActor pid=18719)[0m (parameter_0.96: f32[4,4587520,281], parameter_1.96: f32[281,4,32]) -> f32[4587520,4,32] {
[36m(PPOActor pid=18719)[0m   %parameter_0.96 = f32[4,4587520,281]{2,1,0} parameter(0)
[36m(PPOActor pid=18719)[0m   %parameter_1.96 = f32[281,4,32]{2,1,0} parameter(1)
[36m(PPOActor pid=18719)[0m   %dot.522 = f32[4,4587520,32]{2,1,0} dot(%parameter_0.96, %parameter_1.96), lhs_batch_dims={0}, lhs_contracting_dims={2}, rhs_batch_dims={1}, rhs_contracting_dims={0}, metadata={op_name="jit(update_step)/transpose(jvp(vmap(eqx.nn.MultiheadAttention)))/vmap(sd,Sd->sS)/dot_general" stack_frame_id=900}
[36m(PPOActor pid=18719)[0m   ROOT %transpose.1270 = f32[4587520,4,32]{2,1,0} transpose(%dot.522), dimensions={1,0,2}, metadata={op_name="jit(update_step)/transpose(jvp(vmap(eqx.nn.MultiheadAttention)))/vmap(sd,Sd->sS)/transpose" stack_frame_id=900}
[36m(PPOActor pid=18719)[0m }, metadata={op_name="jit(update_step)/transpose(jvp(vmap(eqx.nn.MultiheadAttention)))/vmap(sd,Sd->sS)/dot_general" stack_frame_id=900}, backend_config={"operation_queue_id":"0","fusion_backend_config":{"kind":"__triton_gemm"},"force_earliest_schedule":false,"reification_cost":[],"device_type":"DEVICE_TYPE_INVALID"}. Status: INTERNAL: Autotuning failed for HLO: %gemm_fusion_dot.89 = f32[4587520,4,32]{2,1,0} fusion(%bitcast.3646, %bitcast.3470), kind=kCustom, calls=%gemm_fusion_dot.89_computation, metadata={op_name="jit(update_step)/transpose(jvp(vmap(eqx.nn.MultiheadAttention)))/vmap(sd,Sd->sS)/dot_general" stack_frame_id=900}, backend_config={"operation_queue_id":"0","fusion_backend_config":{"kind":"__triton_gemm"},"force_earliest_schedule":false,"reification_cost":[],"device_type":"DEVICE_TYPE_INVALID"}. Failed to pick best config: All configs failed during profiling.
[36m(PPOActor pid=18719)[0m Failures (22):
[36m(PPOActor pid=18719)[0m EXECUTION FAILED: RESOURCE_EXHAUSTED: Failed to allocate request for 2.19GiB (2348810240B) on device ordinal 0
[36m(PPOActor pid=18719)[0m EXECUTION FAILED: RESOURCE_EXHAUSTED: Failed to allocate request for 2.19GiB (2348810240B) on device ordinal 0
[36m(PPOActor pid=18719)[0m EXECUTION FAILED: RESOURCE_EXHAUSTED: Failed to allocate request for 2.19GiB (2348810240B) on device ordinal 0
[36m(PPOActor pid=18719)[0m EXECUTION FAILED: RESOURCE_EXHAUSTED: Failed to allocate request for 2.19GiB (2348810240B) on device ordinal 0
[36m(PPOActor pid=18719)[0m EXECUTION FAILED: RESOURCE_EXHAUSTED: Failed to allocate request for 2.19GiB (2348810240B) on device ordinal 0
[36m(PPOActor pid=18719)[0m EXECUTION FAILED: RESOURCE_EXHAUSTED: Failed to allocate request for 2.19GiB (2348810240B) on device ordinal 0
[36m(PPOActor pid=18719)[0m EXECUTION FAILED: RESOURCE_EXHAUSTED: Failed to allocate request for 2.19GiB (2348810240B) on device ordinal 0
[36m(PPOActor pid=18719)[0m EXECUTION FAILED: RESOURCE_EXHAUSTED: Failed to allocate request for 2.19GiB (2348810240B) on device ordinal 0
[36m(PPOActor pid=18719)[0m EXECUTION FAILED: RESOURCE_EXHAUSTED: Failed to allocate request for 2.19GiB (2348810240B) on device ordinal 0
[36m(PPOActor pid=18719)[0m EXECUTION FAILED: RESOURCE_EXHAUSTED: Failed to allocate request for 2.19GiB (2348810240B) on device ordinal 0
[36m(PPOActor pid=18719)[0m EXECUTION FAILED: RESOURCE_EXHAUSTED: Failed to allocate request for 2.19GiB (2348810240B) on device ordinal 0
[36m(PPOActor pid=18719)[0m EXECUTION FAILED: RESOURCE_EXHAUSTED: Failed to allocate request for 2.19GiB (2348810240B) on device ordinal 0
[36m(PPOActor pid=18719)[0m EXECUTION FAILED: RESOURCE_EXHAUSTED: Failed to allocate request for 2.19GiB (2348810240B) on device ordinal 0
[36m(PPOActor pid=18719)[0m EXECUTION FAILED: RESOURCE_EXHAUSTED: Failed to allocate request for 2.19GiB (2348810240B) on device ordinal 0
[36m(PPOActor pid=18719)[0m EXECUTION FAILED: RESOURCE_EXHAUSTED: Failed to allocate request for 2.19GiB (2348810240B) on device ordinal 0
[36m(PPOActor pid=18719)[0m EXECUTION FAILED: RESOURCE_EXHAUSTED: Failed to allocate request for 2.19GiB (2348810240B) on device ordinal 0
[36m(PPOActor pid=18719)[0m EXECUTION FAILED: RESOURCE_EXHAUSTED: Failed to allocate request for 2.19GiB (2348810240B) on device ordinal 0
[36m(PPOActor pid=18719)[0m EXECUTION FAILED: RESOURCE_EXHAUSTED: Failed to allocate request for 2.19GiB (2348810240B) on device ordinal 0
[36m(PPOActor pid=18719)[0m EXECUTION FAILED: RESOURCE_EXHAUSTED: Failed to allocate request for 2.19GiB (2348810240B) on device ordinal 0
[36m(PPOActor pid=18719)[0m EXECUTION FAILED: RESOURCE_EXHAUSTED: Failed to allocate request for 2.19GiB (2348810240B) on device ordinal 0
[36m(PPOActor pid=18719)[0m EXECUTION FAILED: RESOURCE_EXHAUSTED: Failed to allocate request for 2.19GiB (2348810240B) on device ordinal 0
[36m(PPOActor pid=18719)[0m EXECUTION FAILED: RESOURCE_EXHAUSTED: Failed to allocate request for 2.19GiB (2348810240B) on device ordinal 0
[36m(PPOActor pid=18719)[0m E0723 15:59:43.963397   18719 autotuner.cc:460] Could not get config for HLO: %gemm_fusion_dot.372 = f32[1120,32,16384]{2,1,0} fusion(%bitcast.3637, %bitcast.3559), kind=kCustom, calls=
[36m(PPOActor pid=18719)[0m (parameter_0.93: f32[1120,281,32], parameter_1.93: f32[1120,281,16384]) -> f32[1120,32,16384] {
[36m(PPOActor pid=18719)[0m   %parameter_1.93 = f32[1120,281,16384]{2,1,0} parameter(1)
[36m(PPOActor pid=18719)[0m   %parameter_0.93 = f32[1120,281,32]{2,1,0} parameter(0)
[36m(PPOActor pid=18719)[0m   %dot.622 = f32[1120,16384,32]{1,2,0} dot(%parameter_1.93, %parameter_0.93), lhs_batch_dims={0}, lhs_contracting_dims={1}, rhs_batch_dims={0}, rhs_contracting_dims={1}, metadata={op_name="jit(update_step)/transpose(jvp(vmap(eqx.nn.MultiheadAttention)))/vmap(sS,Sd->sd)/dot_general" stack_frame_id=915}
[36m(PPOActor pid=18719)[0m   ROOT %bitcast.3816 = f32[1120,32,16384]{2,1,0} bitcast(%dot.622), metadata={op_name="jit(update_step)/transpose(jvp(vmap(eqx.nn.MultiheadAttention)))/vmap(sS,Sd->sd)/dot_general" stack_frame_id=915}
[36m(PPOActor pid=18719)[0m }, metadata={op_name="jit(update_step)/transpose(jvp(vmap(eqx.nn.MultiheadAttention)))/vmap(sS,Sd->sd)/dot_general" stack_frame_id=915}, backend_config={"operation_queue_id":"0","fusion_backend_config":{"kind":"__triton_gemm"},"force_earliest_schedule":false,"reification_cost":[],"device_type":"DEVICE_TYPE_INVALID"}. Status: INTERNAL: Autotuning failed for HLO: %gemm_fusion_dot.372 = f32[1120,32,16384]{2,1,0} fusion(%bitcast.3637, %bitcast.3559), kind=kCustom, calls=%gemm_fusion_dot.372_computation, metadata={op_name="jit(update_step)/transpose(jvp(vmap(eqx.nn.MultiheadAttention)))/vmap(sS,Sd->sd)/dot_general" stack_frame_id=915}, backend_config={"operation_queue_id":"0","fusion_backend_config":{"kind":"__triton_gemm"},"force_earliest_schedule":false,"reification_cost":[],"device_type":"DEVICE_TYPE_INVALID"}. Failed to pick best config: All configs failed during profiling.
[36m(PPOActor pid=18719)[0m Failures (22):
[36m(PPOActor pid=18719)[0m EXECUTION FAILED: RESOURCE_EXHAUSTED: Failed to allocate request for 2.19GiB (2348810240B) on device ordinal 0
[36m(PPOActor pid=18719)[0m EXECUTION FAILED: RESOURCE_EXHAUSTED: Failed to allocate request for 2.19GiB (2348810240B) on device ordinal 0
[36m(PPOActor pid=18719)[0m EXECUTION FAILED: RESOURCE_EXHAUSTED: Failed to allocate request for 2.19GiB (2348810240B) on device ordinal 0
[36m(PPOActor pid=18719)[0m EXECUTION FAILED: RESOURCE_EXHAUSTED: Failed to allocate request for 2.19GiB (2348810240B) on device ordinal 0
[36m(PPOActor pid=18719)[0m EXECUTION FAILED: RESOURCE_EXHAUSTED: Failed to allocate request for 2.19GiB (2348810240B) on device ordinal 0
[36m(PPOActor pid=18719)[0m EXECUTION FAILED: RESOURCE_EXHAUSTED: Failed to allocate request for 2.19GiB (2348810240B) on device ordinal 0
[36m(PPOActor pid=18719)[0m EXECUTION FAILED: RESOURCE_EXHAUSTED: Failed to allocate request for 2.19GiB (2348810240B) on device ordinal 0
[36m(PPOActor pid=18719)[0m EXECUTION FAILED: RESOURCE_EXHAUSTED: Failed to allocate request for 2.19GiB (2348810240B) on device ordinal 0
[36m(PPOActor pid=18719)[0m EXECUTION FAILED: RESOURCE_EXHAUSTED: Failed to allocate request for 2.19GiB (2348810240B) on device ordinal 0
[36m(PPOActor pid=18719)[0m EXECUTION FAILED: RESOURCE_EXHAUSTED: Failed to allocate request for 2.19GiB (2348810240B) on device ordinal 0
[36m(PPOActor pid=18719)[0m EXECUTION FAILED: RESOURCE_EXHAUSTED: Failed to allocate request for 2.19GiB (2348810240B) on device ordinal 0
[36m(PPOActor pid=18719)[0m EXECUTION FAILED: RESOURCE_EXHAUSTED: Failed to allocate request for 2.19GiB (2348810240B) on device ordinal 0
[36m(PPOActor pid=18719)[0m EXECUTION FAILED: RESOURCE_EXHAUSTED: Failed to allocate request for 2.19GiB (2348810240B) on device ordinal 0
[36m(PPOActor pid=18719)[0m EXECUTION FAILED: RESOURCE_EXHAUSTED: Failed to allocate request for 2.19GiB (2348810240B) on device ordinal 0
[36m(PPOActor pid=18719)[0m EXECUTION FAILED: RESOURCE_EXHAUSTED: Failed to allocate request for 2.19GiB (2348810240B) on device ordinal 0
[36m(PPOActor pid=18719)[0m EXECUTION FAILED: RESOURCE_EXHAUSTED: Failed to allocate request for 2.19GiB (2348810240B) on device ordinal 0
[36m(PPOActor pid=18719)[0m EXECUTION FAILED: RESOURCE_EXHAUSTED: Failed to allocate request for 2.19GiB (2348810240B) on device ordinal 0
[36m(PPOActor pid=18719)[0m EXECUTION FAILED: RESOURCE_EXHAUSTED: Failed to allocate request for 2.19GiB (2348810240B) on device ordinal 0
[36m(PPOActor pid=18719)[0m EXECUTION FAILED: RESOURCE_EXHAUSTED: Failed to allocate request for 2.19GiB (2348810240B) on device ordinal 0
[36m(PPOActor pid=18719)[0m EXECUTION FAILED: RESOURCE_EXHAUSTED: Failed to allocate request for 2.19GiB (2348810240B) on device ordinal 0
[36m(PPOActor pid=18719)[0m EXECUTION FAILED: RESOURCE_EXHAUSTED: Failed to allocate request for 2.19GiB (2348810240B) on device ordinal 0
[36m(PPOActor pid=18719)[0m EXECUTION FAILED: RESOURCE_EXHAUSTED: Failed to allocate request for 2.19GiB (2348810240B) on device ordinal 0
[36m(PPOActor pid=18719)[0m E0723 15:59:45.674602   18719 autotuner.cc:460] Could not get config for HLO: %gemm_fusion_dot.76 = f32[4,281,4587520]{2,1,0} fusion(%bitcast.3470, %bitcast.3549), kind=kCustom, calls=
[36m(PPOActor pid=18719)[0m (parameter_0.46: f32[281,4,32], parameter_1.46: f32[4587520,4,32]) -> f32[4,281,4587520] {
[36m(PPOActor pid=18719)[0m   %parameter_0.46 = f32[281,4,32]{2,1,0} parameter(0)
[36m(PPOActor pid=18719)[0m   %parameter_1.46 = f32[4587520,4,32]{2,1,0} parameter(1)
[36m(PPOActor pid=18719)[0m   ROOT %dot.482 = f32[4,281,4587520]{2,1,0} dot(%parameter_0.46, %parameter_1.46), lhs_batch_dims={1}, lhs_contracting_dims={2}, rhs_batch_dims={1}, rhs_contracting_dims={2}, metadata={op_name="jit(update_step)/jvp(vmap(eqx.nn.MultiheadAttention))/vmap(sd,Sd->sS)/dot_general" stack_frame_id=900}
[36m(PPOActor pid=18719)[0m }, metadata={op_name="jit(update_step)/jvp(vmap(eqx.nn.MultiheadAttention))/vmap(sd,Sd->sS)/dot_general" stack_frame_id=900}, backend_config={"operation_queue_id":"0","fusion_backend_config":{"kind":"__triton_gemm"},"force_earliest_schedule":false,"reification_cost":[],"device_type":"DEVICE_TYPE_INVALID"}. Status: INTERNAL: Autotuning failed for HLO: %gemm_fusion_dot.76 = f32[4,281,4587520]{2,1,0} fusion(%bitcast.3470, %bitcast.3549), kind=kCustom, calls=%gemm_fusion_dot.76_computation, metadata={op_name="jit(update_step)/jvp(vmap(eqx.nn.MultiheadAttention))/vmap(sd,Sd->sS)/dot_general" stack_frame_id=900}, backend_config={"operation_queue_id":"0","fusion_backend_config":{"kind":"__triton_gemm"},"force_earliest_schedule":false,"reification_cost":[],"device_type":"DEVICE_TYPE_INVALID"}. Failed to pick best config: All configs failed during profiling.
[36m(PPOActor pid=18719)[0m Failures (10):
[36m(PPOActor pid=18719)[0m EXECUTION FAILED: RESOURCE_EXHAUSTED: Failed to allocate request for 19.21GiB (20625489920B) on device ordinal 0
[36m(PPOActor pid=18719)[0m EXECUTION FAILED: RESOURCE_EXHAUSTED: Failed to allocate request for 19.21GiB (20625489920B) on device ordinal 0
[36m(PPOActor pid=18719)[0m EXECUTION FAILED: RESOURCE_EXHAUSTED: Failed to allocate request for 19.21GiB (20625489920B) on device ordinal 0
[36m(PPOActor pid=18719)[0m EXECUTION FAILED: RESOURCE_EXHAUSTED: Failed to allocate request for 19.21GiB (20625489920B) on device ordinal 0
[36m(PPOActor pid=18719)[0m EXECUTION FAILED: RESOURCE_EXHAUSTED: Failed to allocate request for 19.21GiB (20625489920B) on device ordinal 0
[36m(PPOActor pid=18719)[0m EXECUTION FAILED: RESOURCE_EXHAUSTED: Failed to allocate request for 19.21GiB (20625489920B) on device ordinal 0
[36m(PPOActor pid=18719)[0m EXECUTION FAILED: RESOURCE_EXHAUSTED: Failed to allocate request for 19.21GiB (20625489920B) on device ordinal 0
[36m(PPOActor pid=18719)[0m EXECUTION FAILED: RESOURCE_EXHAUSTED: Failed to allocate request for 19.21GiB (20625489920B) on device ordinal 0
[36m(PPOActor pid=18719)[0m EXECUTION FAILED: RESOURCE_EXHAUSTED: Failed to allocate request for 19.21GiB (20625489920B) on device ordinal 0
[36m(PPOActor pid=18719)[0m EXECUTION FAILED: RESOURCE_EXHAUSTED: Failed to allocate request for 19.21GiB (20625489920B) on device ordinal 0
[36m(PPOActor pid=18719)[0m E0723 15:59:45.674686   18719 autotuner.cc:460] Could not get config for HLO: %gemm_fusion_dot.373 = f32[1120,281,16384]{2,1,0} fusion(%bitcast.3637, %bitcast.3642), kind=kCustom, calls=
[36m(PPOActor pid=18719)[0m (parameter_0.95: f32[1120,281,32], parameter_1.95: f32[1120,32,16384]) -> f32[1120,281,16384] {
[36m(PPOActor pid=18719)[0m   %parameter_0.95 = f32[1120,281,32]{2,1,0} parameter(0)
[36m(PPOActor pid=18719)[0m   %parameter_1.95 = f32[1120,32,16384]{2,1,0} parameter(1)
[36m(PPOActor pid=18719)[0m   ROOT %dot.521 = f32[1120,281,16384]{2,1,0} dot(%parameter_0.95, %parameter_1.95), lhs_batch_dims={0}, lhs_contracting_dims={2}, rhs_batch_dims={0}, rhs_contracting_dims={1}, metadata={op_name="jit(update_step)/transpose(jvp(vmap(eqx.nn.MultiheadAttention)))/vmap(sS,Sd->sd)/dot_general" stack_frame_id=915}
[36m(PPOActor pid=18719)[0m }, metadata={op_name="jit(update_step)/transpose(jvp(vmap(eqx.nn.MultiheadAttention)))/vmap(sS,Sd->sd)/dot_general" stack_frame_id=915}, backend_config={"operation_queue_id":"0","fusion_backend_config":{"kind":"__triton_gemm"},"force_earliest_schedule":false,"reification_cost":[],"device_type":"DEVICE_TYPE_INVALID"}. Status: INTERNAL: Autotuning failed for HLO: %gemm_fusion_dot.373 = f32[1120,281,16384]{2,1,0} fusion(%bitcast.3637, %bitcast.3642), kind=kCustom, calls=%gemm_fusion_dot.373_computation, metadata={op_name="jit(update_step)/transpose(jvp(vmap(eqx.nn.MultiheadAttention)))/vmap(sS,Sd->sd)/dot_general" stack_frame_id=915}, backend_config={"operation_queue_id":"0","fusion_backend_config":{"kind":"__triton_gemm"},"force_earliest_schedule":false,"reification_cost":[],"device_type":"DEVICE_TYPE_INVALID"}. Failed to pick best config: All configs failed during profiling.
[36m(PPOActor pid=18719)[0m Failures (10):
[36m(PPOActor pid=18719)[0m EXECUTION FAILED: RESOURCE_EXHAUSTED: Failed to allocate request for 19.21GiB (20625489920B) on device ordinal 0
[36m(PPOActor pid=18719)[0m EXECUTION FAILED: RESOURCE_EXHAUSTED: Failed to allocate request for 19.21GiB (20625489920B) on device ordinal 0
[36m(PPOActor pid=18719)[0m EXECUTION FAILED: RESOURCE_EXHAUSTED: Failed to allocate request for 19.21GiB (20625489920B) on device ordinal 0
[36m(PPOActor pid=18719)[0m EXECUTION FAILED: RESOURCE_EXHAUSTED: Failed to allocate request for 19.21GiB (20625489920B) on device ordinal 0
[36m(PPOActor pid=18719)[0m EXECUTION FAILED: RESOURCE_EXHAUSTED: Failed to allocate request for 19.21GiB (20625489920B) on device ordinal 0
[36m(PPOActor pid=18719)[0m EXECUTION FAILED: RESOURCE_EXHAUSTED: Failed to allocate request for 19.21GiB (20625489920B) on device ordinal 0
[36m(PPOActor pid=18719)[0m EXECUTION FAILED: RESOURCE_EXHAUSTED: Failed to allocate request for 19.21GiB (20625489920B) on device ordinal 0
[36m(PPOActor pid=18719)[0m EXECUTION FAILED: RESOURCE_EXHAUSTED: Failed to allocate request for 19.21GiB (20625489920B) on device ordinal 0
[36m(PPOActor pid=18719)[0m EXECUTION FAILED: RESOURCE_EXHAUSTED: Failed to allocate request for 19.21GiB (20625489920B) on device ordinal 0
[36m(PPOActor pid=18719)[0m EXECUTION FAILED: RESOURCE_EXHAUSTED: Failed to allocate request for 19.21GiB (20625489920B) on device ordinal 0
Traceback (most recent call last):
  File "/Users/assmuth/dsnn/alphagrad/src/alphagrad/approx/ppo_ray.py", line 776, in <module>
    sys.exit(main())
             ~~~~^^
  File "/Users/assmuth/dsnn/alphagrad/src/alphagrad/approx/ppo_ray.py", line 770, in main
    rc = _run(args)
  File "/Users/assmuth/dsnn/alphagrad/src/alphagrad/approx/ppo_ray.py", line 561, in _run
    stats = ray.get(actor.run_rollout_and_train.remote(seed_counter))
  File "/Users/assmuth/dsnn/.venv/lib/python3.13/site-packages/ray/_private/auto_init_hook.py", line 22, in auto_init_wrapper
    return fn(*args, **kwargs)
  File "/Users/assmuth/dsnn/.venv/lib/python3.13/site-packages/ray/_private/client_mode_hook.py", line 107, in wrapper
    return func(*args, **kwargs)
  File "/Users/assmuth/dsnn/.venv/lib/python3.13/site-packages/ray/_private/worker.py", line 2980, in get
    values, debugger_breakpoint = worker.get_objects(
                                  ~~~~~~~~~~~~~~~~~~^
        object_refs, timeout, use_object_store=_use_object_store
        ^^^^^^^^^^^^^^^^^^^^^^^^^^^^^^^^^^^^^^^^^^^^^^^^^^^^^^^^
    )
    ^
  File "/Users/assmuth/dsnn/.venv/lib/python3.13/site-packages/ray/_private/worker.py", line 1023, in get_objects
    raise value.as_instanceof_cause()
ray.exceptions.RayTaskError(JaxRuntimeError): [36mray::PPOActor.run_rollout_and_train()[39m (pid=18719, ip=192.168.15.13, actor_id=dbd73e0fdc3c7da4a036442401000000, repr=<alphagrad.approx.ppo_ray_actors.PPOActor object at 0x723275229550>)
  File "/Users/assmuth/dsnn/alphagrad/src/alphagrad/approx/ppo_ray_actors.py", line 71, in run_rollout_and_train
    return self._impl.run_rollout_and_train(int(rng_seed))
           ~~~~~~~~~~~~~~~~~~~~~~~~~~~~~~~~^^^^^^^^^^^^^^^
  File "/Users/assmuth/dsnn/alphagrad/src/alphagrad/approx/ppo_ray_worker.py", line 3186, in run_rollout_and_train
    agent, opt_state, aux = self._update_step(
                            ~~~~~~~~~~~~~~~~~^
        agent, opt_state, batch,
        ^^^^^^^^^^^^^^^^^^^^^^^^
    ...<2 lines>...
        _ent_coef_j,
        ^^^^^^^^^^^^
    )
    ^
  File "/Users/assmuth/dsnn/.venv/lib/python3.13/site-packages/equinox/_jit.py", line 209, in __call__
    return _call(self, False, args, kwargs)
  File "/Users/assmuth/dsnn/.venv/lib/python3.13/site-packages/equinox/_jit.py", line 263, in _call
    marker, _, _ = out = jit_wrapper._cached(
                         ~~~~~~~~~~~~~~~~~~~^
        dynamic_donate, dynamic_nodonate, static
        ^^^^^^^^^^^^^^^^^^^^^^^^^^^^^^^^^^^^^^^^
    )
    ^
jax.errors.JaxRuntimeError: INTERNAL: Failed to get configs for: 7 out of 82 instructions. See logs for all failures. Example failure: 
Autotuning failed for HLO: %gemm_fusion_dot.46 = f32[1024,4587520]{1,0} fusion(%dynamic_nodonate__first___22_.1, %bitcast.3487), kind=kCustom, calls=%gemm_fusion_dot.46_computation, metadata={op_name="jit(update_step)/jvp(vmap(vmap(eqx.nn.Linear)))/dot_general" stack_frame_id=879}, backend_config={"operation_queue_id":"0","fusion_backend_config":{"kind":"__triton_gemm"},"force_earliest_schedule":false,"reification_cost":[],"device_type":"DEVICE_TYPE_INVALID"}. Failed to pick best config: All configs failed during profiling.
Failures (21):
EXECUTION FAILED: RESOURCE_EXHAUSTED: Failed to allocate request for 17.50GiB (18790481920B) on device ordinal 0
EXECUTION FAILED: RESOURCE_EXHAUSTED: Failed to allocate request for 17.50GiB (18790481920B) on device ordinal 0
EXECUTION FAILED: RESOURCE_EXHAUSTED: Failed to allocate request for 17.50GiB (18790481920B) on device ordinal 0
EXECUTION FAILED: RESOURCE_EXHAUSTED: Failed to allocate request for 17.50GiB (18790481920B) on device ordinal 0
EXECUTION FAILED: RESOURCE_EXHAUSTED: Failed to allocate request for 17.50GiB (18790481920B) on device ordinal 0
EXECUTION FAILED: RESOURCE_EXHAUSTED: Failed to allocate request for 17.50GiB (18790481920B) on device ordinal 0
EXECUTION FAILED: RESOURCE_EXHAUSTED: Failed to allocate request for 17.50GiB (18790481920B) on device ordinal 0
EXECUTION FAILED: RESOURCE_EXHAUSTED: Failed to allocate request for 17.50GiB (18790481920B) on device ordinal 0
EXECUTION FAILED: RESOURCE_EXHAUSTED: Failed to allocate request for 17.50GiB (18790481920B) on device ordinal 0
EXECUTION FAILED: RESOURCE_EXHAUSTED: Failed to allocate request for 17.50GiB (18790481920B) on device ordinal 0
EXECUTION FAILED: RESOURCE_EXHAUSTED: Failed to allocate request for 17.50GiB (18790481920B) on device ordinal 0
EXECUTION FAILED: RESOURCE_EXHAUSTED: Failed to allocate request for 17.50GiB (18790481920B) on device ordinal 0
EXECUTION FAILED: RESOURCE_EXHAUSTED: Failed to allocate request for 17.50GiB (18790481920B) on device ordinal 0
EXECUTION FAILED: RESOURCE_EXHAUSTED: Failed to allocate request for 17.50GiB (18790481920B) on device ordinal 0
EXECUTION FAILED: RESOURCE_EXHAUSTED: Failed to allocate request for 17.50GiB (18790481920B) on device ordinal 0
EXECUTION FAILED: RESOURCE_EXHAUSTED: Failed to allocate request for 17.50GiB (18790481920B) on device ordinal 0
EXECUTION FAILED: RESOURCE_EXHAUSTED: Failed to allocate request for 17.50GiB (18790481920B) on device ordinal 0
EXECUTION FAILED: RESOURCE_EXHAUSTED: Failed to allocate request for 17.50GiB (18790481920B) on device ordinal 0
EXECUTION FAILED: RESOURCE_EXHAUSTED: Failed to allocate request for 17.50GiB (18790481920B) on device ordinal 0
EXECUTION FAILED: RESOURCE_EXHAUSTED: Failed to allocate request for 17.50GiB (18790481920B) on device ordinal 0
EXECUTION FAILED: RESOURCE_EXHAUSTED: Failed to allocate request for 17.50GiB (18790481920B) on device ordinal 0
--------------------
For simplicity, JAX has removed its internal frames from the traceback of the following exception. Set JAX_TRACEBACK_FILTERING=off to include these.
--------------------
For simplicity, JAX has removed its internal frames from the traceback of the following exception. Set JAX_TRACEBACK_FILTERING=off to include these.
Traceback (most recent call last):
  File "/Users/assmuth/dsnn/alphagrad/src/alphagrad/approx/ppo_ray.py", line 776, in <module>
    sys.exit(main())
             ~~~~^^
  File "/Users/assmuth/dsnn/alphagrad/src/alphagrad/approx/ppo_ray.py", line 770, in main
    rc = _run(args)
  File "/Users/assmuth/dsnn/alphagrad/src/alphagrad/approx/ppo_ray.py", line 561, in _run
    stats = ray.get(actor.run_rollout_and_train.remote(seed_counter))
  File "/Users/assmuth/dsnn/.venv/lib/python3.13/site-packages/ray/_private/auto_init_hook.py", line 22, in auto_init_wrapper
    return fn(*args, **kwargs)
  File "/Users/assmuth/dsnn/.venv/lib/python3.13/site-packages/ray/_private/client_mode_hook.py", line 107, in wrapper
    return func(*args, **kwargs)
  File "/Users/assmuth/dsnn/.venv/lib/python3.13/site-packages/ray/_private/worker.py", line 2980, in get
    values, debugger_breakpoint = worker.get_objects(
                                  ~~~~~~~~~~~~~~~~~~^
        object_refs, timeout, use_object_store=_use_object_store
        ^^^^^^^^^^^^^^^^^^^^^^^^^^^^^^^^^^^^^^^^^^^^^^^^^^^^^^^^
    )
    ^
  File "/Users/assmuth/dsnn/.venv/lib/python3.13/site-packages/ray/_private/worker.py", line 1023, in get_objects
    raise value.as_instanceof_cause()
ray.exceptions.RayTaskError(JaxRuntimeError): [36mray::PPOActor.run_rollout_and_train()[39m (pid=18719, ip=192.168.15.13, actor_id=dbd73e0fdc3c7da4a036442401000000, repr=<alphagrad.approx.ppo_ray_actors.PPOActor object at 0x723275229550>)
  File "/Users/assmuth/dsnn/alphagrad/src/alphagrad/approx/ppo_ray_actors.py", line 71, in run_rollout_and_train
    return self._impl.run_rollout_and_train(int(rng_seed))
           ~~~~~~~~~~~~~~~~~~~~~~~~~~~~~~~~^^^^^^^^^^^^^^^
  File "/Users/assmuth/dsnn/alphagrad/src/alphagrad/approx/ppo_ray_worker.py", line 3186, in run_rollout_and_train
    agent, opt_state, aux = self._update_step(
                            ~~~~~~~~~~~~~~~~~^
        agent, opt_state, batch,
        ^^^^^^^^^^^^^^^^^^^^^^^^
    ...<2 lines>...
        _ent_coef_j,
        ^^^^^^^^^^^^
    )
    ^
  File "/Users/assmuth/dsnn/.venv/lib/python3.13/site-packages/equinox/_jit.py", line 209, in __call__
    return _call(self, False, args, kwargs)
  File "/Users/assmuth/dsnn/.venv/lib/python3.13/site-packages/equinox/_jit.py", line 263, in _call
    marker, _, _ = out = jit_wrapper._cached(
                         ~~~~~~~~~~~~~~~~~~~^
        dynamic_donate, dynamic_nodonate, static
        ^^^^^^^^^^^^^^^^^^^^^^^^^^^^^^^^^^^^^^^^
    )
    ^
jax.errors.JaxRuntimeError: INTERNAL: Failed to get configs for: 7 out of 82 instructions. See logs for all failures. Example failure: 
Autotuning failed for HLO: %gemm_fusion_dot.46 = f32[1024,4587520]{1,0} fusion(%dynamic_nodonate__first___22_.1, %bitcast.3487), kind=kCustom, calls=%gemm_fusion_dot.46_computation, metadata={op_name="jit(update_step)/jvp(vmap(vmap(eqx.nn.Linear)))/dot_general" stack_frame_id=879}, backend_config={"operation_queue_id":"0","fusion_backend_config":{"kind":"__triton_gemm"},"force_earliest_schedule":false,"reification_cost":[],"device_type":"DEVICE_TYPE_INVALID"}. Failed to pick best config: All configs failed during profiling.
Failures (21):
EXECUTION FAILED: RESOURCE_EXHAUSTED: Failed to allocate request for 17.50GiB (18790481920B) on device ordinal 0
EXECUTION FAILED: RESOURCE_EXHAUSTED: Failed to allocate request for 17.50GiB (18790481920B) on device ordinal 0
EXECUTION FAILED: RESOURCE_EXHAUSTED: Failed to allocate request for 17.50GiB (18790481920B) on device ordinal 0
EXECUTION FAILED: RESOURCE_EXHAUSTED: Failed to allocate request for 17.50GiB (18790481920B) on device ordinal 0
EXECUTION FAILED: RESOURCE_EXHAUSTED: Failed to allocate request for 17.50GiB (18790481920B) on device ordinal 0
EXECUTION FAILED: RESOURCE_EXHAUSTED: Failed to allocate request for 17.50GiB (18790481920B) on device ordinal 0
EXECUTION FAILED: RESOURCE_EXHAUSTED: Failed to allocate request for 17.50GiB (18790481920B) on device ordinal 0
EXECUTION FAILED: RESOURCE_EXHAUSTED: Failed to allocate request for 17.50GiB (18790481920B) on device ordinal 0
EXECUTION FAILED: RESOURCE_EXHAUSTED: Failed to allocate request for 17.50GiB (18790481920B) on device ordinal 0
EXECUTION FAILED: RESOURCE_EXHAUSTED: Failed to allocate request for 17.50GiB (18790481920B) on device ordinal 0
EXECUTION FAILED: RESOURCE_EXHAUSTED: Failed to allocate request for 17.50GiB (18790481920B) on device ordinal 0
EXECUTION FAILED: RESOURCE_EXHAUSTED: Failed to allocate request for 17.50GiB (18790481920B) on device ordinal 0
EXECUTION FAILED: RESOURCE_EXHAUSTED: Failed to allocate request for 17.50GiB (18790481920B) on device ordinal 0
EXECUTION FAILED: RESOURCE_EXHAUSTED: Failed to allocate request for 17.50GiB (18790481920B) on device ordinal 0
EXECUTION FAILED: RESOURCE_EXHAUSTED: Failed to allocate request for 17.50GiB (18790481920B) on device ordinal 0
EXECUTION FAILED: RESOURCE_EXHAUSTED: Failed to allocate request for 17.50GiB (18790481920B) on device ordinal 0
EXECUTION FAILED: RESOURCE_EXHAUSTED: Failed to allocate request for 17.50GiB (18790481920B) on device ordinal 0
EXECUTION FAILED: RESOURCE_EXHAUSTED: Failed to allocate request for 17.50GiB (18790481920B) on device ordinal 0
EXECUTION FAILED: RESOURCE_EXHAUSTED: Failed to allocate request for 17.50GiB (18790481920B) on device ordinal 0
EXECUTION FAILED: RESOURCE_EXHAUSTED: Failed to allocate request for 17.50GiB (18790481920B) on device ordinal 0
EXECUTION FAILED: RESOURCE_EXHAUSTED: Failed to allocate request for 17.50GiB (18790481920B) on device ordinal 0
--------------------
For simplicity, JAX has removed its internal frames from the traceback of the following exception. Set JAX_TRACEBACK_FILTERING=off to include these.
--------------------
For simplicity, JAX has removed its internal frames from the traceback of the following exception. Set JAX_TRACEBACK_FILTERING=off to include these.
[1;34mwandb[0m: 
[1;34mwandb[0m: 🚀 View run [33mexact_adalif_multiloop_lat_mem[0m at: [34mhttps://wandb.ai/dll-streetview/dsnn-vertex/runs/k40ux8rt[0m
[1;34mwandb[0m: Find logs at: [1;35mwandb/run-20260723_153526-k40ux8rt/logs[0m
=== PHASE lat_mem RC=1 Thu Jul 23 04:00:41 PM UTC 2026 ===
[log_to_csv] campaign_exp/exact_adalif_multiloop_lat_mem/run.log -> campaign_exp/exact_adalif_multiloop_lat_mem/metrics.csv: 0 rows (of 1 episodes, warmup=50, drop_zeros=True), 1 columns
=== PHASE flops START Thu Jul 23 04:00:41 PM UTC 2026 ===
2026-07-23 16:00:44,719	INFO worker.py:2012 -- Started a local Ray instance.
/Users/assmuth/dsnn/.venv/lib/python3.13/site-packages/ray/_private/worker.py:2051: FutureWarning: Tip: In future versions of Ray, Ray will no longer override accelerator visible devices env var if num_gpus=0 or num_gpus=None (default). To enable this behavior and turn off this error message, set RAY_ACCEL_ENV_VAR_OVERRIDE_ON_ZERO=0
  warnings.warn(
wandb: Loading settings from /Users/assmuth/.config/wandb/settings
wandb: [wandb.login()] Loaded credentials for https://api.wandb.ai from /Users/assmuth/.netrc.
wandb: Currently logged in as: florian-assmuth (dll-streetview) to https://api.wandb.ai. Use `wandb login --relogin` to force relogin
wandb: WARNING Using a boolean value for 'reinit' is deprecated. Use 'return_previous' or 'finish_previous' instead.
wandb: setting up run 73nqfnsu
wandb: Tracking run with wandb version 0.25.0
wandb: Run data is saved locally in /Users/assmuth/dsnn/alphagrad/wandb/run-20260723_160046-73nqfnsu
wandb: Run `wandb offline` to turn off syncing.
wandb: Syncing run exact_adalif_multiloop_flops
wandb: ⭐️ View project at https://wandb.ai/dll-streetview/dsnn-vertex
wandb: 🚀 View run at https://wandb.ai/dll-streetview/dsnn-vertex/runs/73nqfnsu
[33m(raylet)[0m It looks like you're creating a detached actor in an anonymous namespace. In order to access this actor in the future, you will need to explicitly connect to this namespace with ray.init(namespace="338a14f3-a33e-4a93-becc-5f60dbd916da", ...)
[36m(PPOActor pid=27443)[0m [ppo_ray] ADDITIVE failed/sentinel penalty = -2.0 (bounded-negative, INCLUDED in advantage+loss -- replaces the failed-row mask; failed rows are repulsive, never a zero-gradient no-op).
[36m(PPOActor pid=27443)[0m [ppo_ray] V2 anti-hack: failed_adv_stamp=1.0 (post-z-score advantage overwrite on failed rows), cost_symlog_cap=0.0 (symlog'd cost channels clipped to +/-cap).
[36m(PPOActor pid=27443)[0m [ppo_ray] PopArt value norm ON: beta=0.01 sigma_min(base=0.1, quality[6,9]=0.2) sigma_max=1e+12 robust_std=True (winsor k=5.0) — replaces the rollout advantage z-score; under pure-PopArt advantage a failed row is truly-neutral (A==0), no constant stamp.
[36m(PPOActor pid=27443)[0m [ppo_ray] DYNAMIC SENTINEL ON: failed/sentinel terminals get per-channel mu_c - 2.0*sigma_c (EMA beta=0.01) instead of -1e10. The additive failed_penalty stamp AND the post-z-score failed_adv_stamp are DISABLED (dynamic value supersedes them); failed_transitions logging + PopArt exclusion unchanged.
[36m(PPOActor pid=27443)[0m [ppo_ray] RAW COSSIM THREAD ON: env emits full-range cosine_sim in idx6; worker applies guide cap=None into the GAE buffer only, logs reward/cosine_sim_raw from the uncapped value.
[33m(raylet)[0m It looks like you're creating a detached actor in an anonymous namespace. In order to access this actor in the future, you will need to explicitly connect to this namespace with ray.init(namespace="338a14f3-a33e-4a93-becc-5f60dbd916da", ...)
[36m(CpuApproximationActor pid=27446)[0m [cpu_approx_worker pid=27446] env: ALPHAGRAD_EXACT_ONLY=1 ALPHAGRAD_EXAMPLE_WIDTH=64 ALPHAGRAD_FACE_TRANSFORMS=0 ALPHAGRAD_MEASURE_VIA_AOJ=0 ALPHAGRAD_PER_FACE_MVP=0 ALPHAGRAD_POLICY=palimpsa ALPHAGRAD_SNN_STEPS=8 JAX_COMPILATION_CACHE_DIR=/tmp/dsnn-jax-cache-55213-pgi15-gpu13
[36m(CpuApproximationActor pid=27446)[0m [measure-actor 2] host=pgi15-gpu13 CUDA_VISIBLE_DEVICES=3 jax_devices=[CudaDevice(id=0)]
[36m(PPOActor pid=27443)[0m [ppo_ray_worker] POLICY V2 ACTIVE: MicroPPOAgent = PALIMPSA backbone + PointerVertexPolicy + MicroActionPolicy(max_substeps=1) + separate value pool; factor tables up to axis size 64 (observed max 64).
[36m(PPOActor pid=27443)[0m [ppo_ray_worker] V2 policy heads scaled by 0.1 (near-uniform initial policy).
[36m(CpuApproximationActor pid=27444)[0m [cpu_approx_worker pid=27444] env: ALPHAGRAD_EXACT_ONLY=1 ALPHAGRAD_EXAMPLE_WIDTH=64 ALPHAGRAD_FACE_TRANSFORMS=0 ALPHAGRAD_MEASURE_VIA_AOJ=0 ALPHAGRAD_PER_FACE_MVP=0 ALPHAGRAD_POLICY=palimpsa ALPHAGRAD_SNN_STEPS=8 JAX_COMPILATION_CACHE_DIR=/tmp/dsnn-jax-cache-55213-pgi15-gpu13[32m [repeated 2x across cluster] (Ray deduplicates logs by default. Set RAY_DEDUP_LOGS=0 to disable log deduplication, or see https://docs.ray.io/en/master/ray-observability/user-guides/configure-logging.html#log-deduplication for more options.)[0m
[36m(CpuApproximationActor pid=27444)[0m [measure-actor 0] host=pgi15-gpu13 CUDA_VISIBLE_DEVICES=1 jax_devices=[CudaDevice(id=0)][32m [repeated 2x across cluster][0m
  actors spawned + JIT-warm in 26.5s
ppo_ray:   0%|                                                                                                                                             | 0/1000 [00:00<?, ?it/s][36m(CpuApproximationActor pid=27446)[0m /Users/assmuth/dsnn/alphagrad/src/alphagrad/approx/env.py:3137: UserWarning: [alphagrad.approx.env] jaxpr tokenization truncated: raw_len=16804 > MAX_TOKENS=16384 (overflow=420). The policy will see a clipped observation for this step. Subsequent truncations are silent but counted (see ``tokenization/{truncated_count, overflow_sum_this_ep}`` in the wandb log).
[36m(CpuApproximationActor pid=27446)[0m   _record_tokenization_truncation(int(raw_tokens.shape[0]))
[36m(CpuApproximationActor pid=27444)[0m   _record_tokenization_truncation(int(raw_tokens.shape[0]))
[36m(CpuApproximationActor pid=27445)[0m   _record_tokenization_truncation(int(raw_tokens.shape[0]))
[36m(CpuApproximationActor pid=27445)[0m /Users/assmuth/dsnn/alphagrad/src/alphagrad/approx/env.py:3137: UserWarning: [alphagrad.approx.env] jaxpr tokenization truncated: raw_len=16696 > MAX_TOKENS=16384 (overflow=312). The policy will see a clipped observation for this step. Subsequent truncations are silent but counted (see ``tokenization/{truncated_count, overflow_sum_this_ep}`` in the wandb log).[32m [repeated 2x across cluster][0m
[36m(CpuApproximationActor pid=27444)[0m W0723 16:24:23.084901   27444 text_format.cc:393] Warning parsing text-format xla.AutotuneResult: 5:10 (N = 1): text format contains deprecated field "split_k"
[36m(CpuApproximationActor pid=27446)[0m W0723 16:24:31.193952   27446 text_format.cc:393] Warning parsing text-format xla.TritonGemmConfigsProto: 15:53 (N = 8): text format contains deprecated field "split_k"
[36m(CpuApproximationActor pid=27446)[0m W0723 16:24:31.193971   27446 text_format.cc:393] Warning parsing text-format xla.TritonGemmConfigsProto: 23:53 (N = 16): text format contains deprecated field "split_k"
[36m(CpuApproximationActor pid=27446)[0m W0723 16:24:31.193997   27446 text_format.cc:393] Warning parsing text-format xla.TritonGemmConfigsProto: 39:55 (N = 32): text format contains deprecated field "split_k"
[36m(CpuApproximationActor pid=27446)[0m W0723 16:24:31.194054   27446 text_format.cc:393] Warning parsing text-format xla.TritonGemmConfigsProto: 41:55 (N = 64): text format contains deprecated field "split_k"
[36m(CpuApproximationActor pid=27446)[0m W0723 16:24:31.194167   27446 text_format.cc:393] Warning parsing text-format xla.TritonGemmConfigsProto: 71:53 (N = 128): text format contains deprecated field "split_k"
[36m(CpuApproximationActor pid=27446)[0m W0723 16:24:31.194363   27446 text_format.cc:393] Warning parsing text-format xla.TritonGemmConfigsProto: 29:55 (N = 256): text format contains deprecated field "split_k"
[36m(CpuApproximationActor pid=27446)[0m W0723 16:24:31.193687   27446 text_format.cc:393] Warning parsing text-format xla.AutotuneResult: 5:10 (N = 4): text format contains deprecated field "split_k"[32m [repeated 6x across cluster][0m
[36m(CpuApproximationActor pid=27444)[0m W0723 16:24:51.980425   27444 text_format.cc:393] Warning parsing text-format xla.TritonGemmConfigsProto: 19:54 (N = 256): text format contains deprecated field "split_k"[32m [repeated 10x across cluster][0m
[36m(CpuApproximationActor pid=27444)[0m W0723 16:24:51.979867   27444 text_format.cc:393] Warning parsing text-format xla.AutotuneResult: 5:10 (N = 16): text format contains deprecated field "split_k"[32m [repeated 4x across cluster][0m
[36m(PPOActor pid=27443)[0m W0723 16:25:00.788929   27443 text_format.cc:393] Warning parsing text-format xla.AutotuneResult: 5:10 (N = 1): text format contains deprecated field "split_k"
[36m(PPOActor pid=27443)[0m W0723 16:25:01.056983   27443 text_format.cc:393] Warning parsing text-format xla.AutotuneResult: 5:10 (N = 2): text format contains deprecated field "split_k"
[36m(PPOActor pid=27443)[0m W0723 16:25:02.432278   27443 text_format.cc:393] Warning parsing text-format xla.AutotuneResult: 5:10 (N = 4): text format contains deprecated field "split_k"
[36m(PPOActor pid=27443)[0m [ppo_ray][popart] ep=0 ev=-22.547 adv(mean/std/absmax)=-6.257/1.025/7.746 flops: mu=-8.03e+08 sig=1.24e+08 frob_residual: mu=-6.86e-05 sig=0.1
[36m(PPOActor pid=27443)[0m W0723 16:25:10.186444   27443 text_format.cc:393] Warning parsing text-format xla.AutotuneResult: 5:10 (N = 8): text format contains deprecated field "split_k"
[36m(PPOActor pid=27443)[0m W0723 16:25:10.186587   27443 text_format.cc:393] Warning parsing text-format xla.TritonGemmConfigsProto: 21:53 (N = 16): text format contains deprecated field "split_k"
[36m(PPOActor pid=27443)[0m W0723 16:25:10.186613   27443 text_format.cc:393] Warning parsing text-format xla.TritonGemmConfigsProto: 37:55 (N = 32): text format contains deprecated field "split_k"
[36m(PPOActor pid=27443)[0m W0723 16:25:10.186667   27443 text_format.cc:393] Warning parsing text-format xla.TritonGemmConfigsProto: 39:56 (N = 64): text format contains deprecated field "split_k"
[36m(PPOActor pid=27443)[0m W0723 16:25:10.186767   27443 text_format.cc:393] Warning parsing text-format xla.TritonGemmConfigsProto: 69:53 (N = 128): text format contains deprecated field "split_k"
[36m(PPOActor pid=27443)[0m W0723 16:25:10.186955   27443 text_format.cc:393] Warning parsing text-format xla.TritonGemmConfigsProto: 27:56 (N = 256): text format contains deprecated field "split_k"
[36m(PPOActor pid=27443)[0m E0723 16:25:10.187784   27867 gpu_hlo_schedule.cc:938] The byte size of input/output arguments (21139816448) exceeds the base limit (20225825177). This indicates an error in the calculation!
[36m(PPOActor pid=27443)[0m E0723 16:25:10.188227   27869 gpu_hlo_schedule.cc:938] The byte size of input/output arguments (21139816448) exceeds the base limit (20225825177). This indicates an error in the calculation!
[36m(PPOActor pid=27443)[0m E0723 16:25:10.188270   27858 gpu_hlo_schedule.cc:938] The byte size of input/output arguments (21139816448) exceeds the base limit (20225825177). This indicates an error in the calculation!
[36m(PPOActor pid=27443)[0m E0723 16:25:10.188332   27843 gpu_hlo_schedule.cc:938] The byte size of input/output arguments (21139816448) exceeds the base limit (20225825177). This indicates an error in the calculation!
[36m(PPOActor pid=27443)[0m E0723 16:25:10.188344   27863 gpu_hlo_schedule.cc:938] The byte size of input/output arguments (21139816448) exceeds the base limit (20225825177). This indicates an error in the calculation!
[36m(PPOActor pid=27443)[0m E0723 16:25:10.188344   27845 gpu_hlo_schedule.cc:938] The byte size of input/output arguments (21139816448) exceeds the base limit (20225825177). This indicates an error in the calculation!
[36m(PPOActor pid=27443)[0m E0723 16:25:10.188442   27871 gpu_hlo_schedule.cc:938] The byte size of input/output arguments (21139816448) exceeds the base limit (20225825177). This indicates an error in the calculation!
[36m(PPOActor pid=27443)[0m E0723 16:25:10.188438   27849 gpu_hlo_schedule.cc:938] The byte size of input/output arguments (21139816448) exceeds the base limit (20225825177). This indicates an error in the calculation!
[36m(PPOActor pid=27443)[0m E0723 16:25:10.188535   27861 gpu_hlo_schedule.cc:938] The byte size of input/output arguments (21139816448) exceeds the base limit (20225825177). This indicates an error in the calculation!
[36m(PPOActor pid=27443)[0m E0723 16:25:10.188442   27856 gpu_hlo_schedule.cc:938] The byte size of input/output arguments (21139816448) exceeds the base limit (20225825177). This indicates an error in the calculation!
[36m(PPOActor pid=27443)[0m E0723 16:25:10.188550   27855 gpu_hlo_schedule.cc:938] The byte size of input/output arguments (21139816448) exceeds the base limit (20225825177). This indicates an error in the calculation!
[36m(PPOActor pid=27443)[0m E0723 16:25:10.188438   27862 gpu_hlo_schedule.cc:938] The byte size of input/output arguments (21139816448) exceeds the base limit (20225825177). This indicates an error in the calculation!
[36m(PPOActor pid=27443)[0m E0723 16:25:10.188607   27857 gpu_hlo_schedule.cc:938] The byte size of input/output arguments (21139816448) exceeds the base limit (20225825177). This indicates an error in the calculation!
[36m(PPOActor pid=27443)[0m E0723 16:25:10.188602   27844 gpu_hlo_schedule.cc:938] The byte size of input/output arguments (21139816448) exceeds the base limit (20225825177). This indicates an error in the calculation!
[36m(PPOActor pid=27443)[0m E0723 16:25:10.188688   27850 gpu_hlo_schedule.cc:938] The byte size of input/output arguments (21139816448) exceeds the base limit (20225825177). This indicates an error in the calculation!
[36m(PPOActor pid=27443)[0m E0723 16:25:10.188702   27846 gpu_hlo_schedule.cc:938] The byte size of input/output arguments (21139816448) exceeds the base limit (20225825177). This indicates an error in the calculation!
[36m(PPOActor pid=27443)[0m E0723 16:25:10.188738   27864 gpu_hlo_schedule.cc:938] The byte size of input/output arguments (21139816448) exceeds the base limit (20225825177). This indicates an error in the calculation!
[36m(PPOActor pid=27443)[0m E0723 16:25:10.188759   27848 gpu_hlo_schedule.cc:938] The byte size of input/output arguments (21139816448) exceeds the base limit (20225825177). This indicates an error in the calculation!
[36m(PPOActor pid=27443)[0m E0723 16:25:10.188609   27868 gpu_hlo_schedule.cc:938] The byte size of input/output arguments (21139816448) exceeds the base limit (20225825177). This indicates an error in the calculation!
[36m(PPOActor pid=27443)[0m E0723 16:25:10.188785   27866 gpu_hlo_schedule.cc:938] The byte size of input/output arguments (21139816448) exceeds the base limit (20225825177). This indicates an error in the calculation!
[36m(PPOActor pid=27443)[0m E0723 16:25:10.188656   27870 gpu_hlo_schedule.cc:938] The byte size of input/output arguments (21139816448) exceeds the base limit (20225825177). This indicates an error in the calculation!
[36m(PPOActor pid=27443)[0m E0723 16:25:10.188665   27872 gpu_hlo_schedule.cc:938] The byte size of input/output arguments (21139816448) exceeds the base limit (20225825177). This indicates an error in the calculation!
[36m(PPOActor pid=27443)[0m W0723 16:25:10.188668   27869 hlo_rematerialization.cc:3233] Can't reduce memory use below 17.50GiB (18790481920 bytes) by rematerialization; only reduced to 17.50GiB (18794676240 bytes), down from 17.50GiB (18794676240 bytes) originally
[36m(PPOActor pid=27443)[0m W0723 16:25:10.188849   27843 hlo_rematerialization.cc:3233] Can't reduce memory use below 17.50GiB (18790481920 bytes) by rematerialization; only reduced to 17.50GiB (18794676240 bytes), down from 17.50GiB (18794676240 bytes) originally
[36m(PPOActor pid=27443)[0m E0723 16:25:10.188677   27854 gpu_hlo_schedule.cc:938] The byte size of input/output arguments (21139816448) exceeds the base limit (20225825177). This indicates an error in the calculation!
[36m(PPOActor pid=27443)[0m E0723 16:25:10.188711   27851 gpu_hlo_schedule.cc:938] The byte size of input/output arguments (21139816448) exceeds the base limit (20225825177). This indicates an error in the calculation!
[36m(PPOActor pid=27443)[0m W0723 16:25:10.188900   27855 hlo_rematerialization.cc:3233] Can't reduce memory use below 2.19GiB (2348810240 bytes) by rematerialization; only reduced to 2.19GiB (2353004560 bytes), down from 2.19GiB (2353004560 bytes) originally
[36m(PPOActor pid=27443)[0m E0723 16:25:10.188711   27865 gpu_hlo_schedule.cc:938] The byte size of input/output arguments (21139816448) exceeds the base limit (20225825177). This indicates an error in the calculation!
[36m(PPOActor pid=27443)[0m E0723 16:25:10.188603   27853 gpu_hlo_schedule.cc:938] The byte size of input/output arguments (21139816448) exceeds the base limit (20225825177). This indicates an error in the calculation!
[36m(PPOActor pid=27443)[0m E0723 16:25:10.188734   27860 gpu_hlo_schedule.cc:938] The byte size of input/output arguments (21139816448) exceeds the base limit (20225825177). This indicates an error in the calculation!
[36m(PPOActor pid=27443)[0m E0723 16:25:10.188743   27852 gpu_hlo_schedule.cc:938] The byte size of input/output arguments (21139816448) exceeds the base limit (20225825177). This indicates an error in the calculation!
[36m(PPOActor pid=27443)[0m E0723 16:25:10.188551   27859 gpu_hlo_schedule.cc:938] The byte size of input/output arguments (21139816448) exceeds the base limit (20225825177). This indicates an error in the calculation!
[36m(PPOActor pid=27443)[0m W0723 16:25:10.188979   27856 hlo_rematerialization.cc:3233] Can't reduce memory use below 17.50GiB (18790481920 bytes) by rematerialization; only reduced to 17.50GiB (18794676240 bytes), down from 17.50GiB (18794676240 bytes) originally
[36m(PPOActor pid=27443)[0m W0723 16:25:10.188938   27871 hlo_rematerialization.cc:3233] Can't reduce memory use below 17.50GiB (18790481920 bytes) by rematerialization; only reduced to 17.50GiB (18794676240 bytes), down from 17.50GiB (18794676240 bytes) originally
[36m(PPOActor pid=27443)[0m E0723 16:25:10.189005   27847 gpu_hlo_schedule.cc:938] The byte size of input/output arguments (21139816448) exceeds the base limit (20225825177). This indicates an error in the calculation!
[36m(PPOActor pid=27443)[0m W0723 16:25:10.189193   27846 hlo_rematerialization.cc:3233] Can't reduce memory use below 17.50GiB (18790481920 bytes) by rematerialization; only reduced to 17.50GiB (18794676240 bytes), down from 17.50GiB (18794676240 bytes) originally
[36m(PPOActor pid=27443)[0m W0723 16:25:10.189193   27872 hlo_rematerialization.cc:3233] Can't reduce memory use below 2.19GiB (2348810240 bytes) by rematerialization; only reduced to 2.19GiB (2353004560 bytes), down from 2.19GiB (2353004560 bytes) originally
[36m(PPOActor pid=27443)[0m W0723 16:25:10.189259   27851 hlo_rematerialization.cc:3233] Can't reduce memory use below 17.50GiB (18790481920 bytes) by rematerialization; only reduced to 17.50GiB (18794676240 bytes), down from 17.50GiB (18794676240 bytes) originally
[36m(PPOActor pid=27443)[0m W0723 16:25:10.189305   27853 hlo_rematerialization.cc:3233] Can't reduce memory use below 17.50GiB (18790481920 bytes) by rematerialization; only reduced to 17.50GiB (18794676240 bytes), down from 17.50GiB (18794676240 bytes) originally
[36m(PPOActor pid=27443)[0m W0723 16:25:10.189408   27859 hlo_rematerialization.cc:3233] Can't reduce memory use below 17.50GiB (18790481920 bytes) by rematerialization; only reduced to 17.50GiB (18794676240 bytes), down from 17.50GiB (18794676240 bytes) originally
[36m(PPOActor pid=27443)[0m E0723 16:25:10.189543   27842 gpu_hlo_schedule.cc:938] The byte size of input/output arguments (22983507968) exceeds the base limit (20225825177). This indicates an error in the calculation!
[36m(PPOActor pid=27443)[0m E0723 16:25:10.188613   27873 gpu_hlo_schedule.cc:938] The byte size of input/output arguments (21139816448) exceeds the base limit (20225825177). This indicates an error in the calculation!
[36m(PPOActor pid=27443)[0m W0723 16:25:10.191386   27873 hlo_rematerialization.cc:3233] Can't reduce memory use below 2.19GiB (2348810240 bytes) by rematerialization; only reduced to 2.19GiB (2353004560 bytes), down from 2.19GiB (2353004560 bytes) originally
[36m(PPOActor pid=27443)[0m E0723 16:25:10.191856   27855 gpu_hlo_schedule.cc:938] The byte size of input/output arguments (22974444032) exceeds the base limit (20225825177). This indicates an error in the calculation!
[36m(PPOActor pid=27443)[0m E0723 16:25:10.191856   27843 gpu_hlo_schedule.cc:938] The byte size of input/output arguments (22974444032) exceeds the base limit (20225825177). This indicates an error in the calculation!
[36m(PPOActor pid=27443)[0m E0723 16:25:10.192017   27869 gpu_hlo_schedule.cc:938] The byte size of input/output arguments (23014584320) exceeds the base limit (20225825177). This indicates an error in the calculation!
[36m(PPOActor pid=27443)[0m E0723 16:25:10.192198   27871 gpu_hlo_schedule.cc:938] The byte size of input/output arguments (21139816448) exceeds the base limit (20225825177). This indicates an error in the calculation!
[36m(PPOActor pid=27443)[0m E0723 16:25:10.192351   27853 gpu_hlo_schedule.cc:938] The byte size of input/output arguments (21139816448) exceeds the base limit (20225825177). This indicates an error in the calculation!
[36m(PPOActor pid=27443)[0m W0723 16:25:10.192453   27869 hlo_rematerialization.cc:3233] Can't reduce memory use below 19.21GiB (20625489920 bytes) by rematerialization; only reduced to 19.21GiB (20629684240 bytes), down from 19.21GiB (20629684240 bytes) originally
[36m(PPOActor pid=27443)[0m E0723 16:25:10.192514   27851 gpu_hlo_schedule.cc:938] The byte size of input/output arguments (22974444032) exceeds the base limit (20225825177). This indicates an error in the calculation!
[36m(PPOActor pid=27443)[0m E0723 16:25:10.192629   27872 gpu_hlo_schedule.cc:938] The byte size of input/output arguments (22983507968) exceeds the base limit (20225825177). This indicates an error in the calculation!
[36m(PPOActor pid=27443)[0m E0723 16:25:10.193359   27859 gpu_hlo_schedule.cc:938] The byte size of input/output arguments (21139816448) exceeds the base limit (20225825177). This indicates an error in the calculation!
[36m(PPOActor pid=27443)[0m E0723 16:25:10.194098   27873 gpu_hlo_schedule.cc:938] The byte size of input/output arguments (22974444032) exceeds the base limit (20225825177). This indicates an error in the calculation!
[36m(PPOActor pid=27443)[0m E0723 16:25:10.198214   27869 gpu_hlo_schedule.cc:938] The byte size of input/output arguments (23014584320) exceeds the base limit (20225825177). This indicates an error in the calculation!
[36m(PPOActor pid=27443)[0m W0723 16:25:10.198724   27869 hlo_rematerialization.cc:3233] Can't reduce memory use below 2.19GiB (2348810240 bytes) by rematerialization; only reduced to 2.19GiB (2353004560 bytes), down from 2.19GiB (2353004560 bytes) originally
[36m(PPOActor pid=27443)[0m E0723 16:25:10.198763   27846 gpu_hlo_schedule.cc:938] The byte size of input/output arguments (22983507968) exceeds the base limit (20225825177). This indicates an error in the calculation!
[36m(PPOActor pid=27443)[0m E0723 16:25:10.199166   27856 gpu_hlo_schedule.cc:938] The byte size of input/output arguments (21139816448) exceeds the base limit (20225825177). This indicates an error in the calculation!
[36m(PPOActor pid=27443)[0m E0723 16:25:10.200202   27869 gpu_hlo_schedule.cc:938] The byte size of input/output arguments (23014584320) exceeds the base limit (20225825177). This indicates an error in the calculation!
[36m(PPOActor pid=27443)[0m E0723 16:25:10.363970   27870 gpu_hlo_schedule.cc:938] The byte size of input/output arguments (21139816448) exceeds the base limit (20225825177). This indicates an error in the calculation!
[36m(PPOActor pid=27443)[0m E0723 16:25:10.380002   27842 gpu_hlo_schedule.cc:938] The byte size of input/output arguments (22974444032) exceeds the base limit (20225825177). This indicates an error in the calculation!
[36m(PPOActor pid=27443)[0m E0723 16:25:10.380759   27873 gpu_hlo_schedule.cc:938] The byte size of input/output arguments (22974444032) exceeds the base limit (20225825177). This indicates an error in the calculation!
[36m(PPOActor pid=27443)[0m E0723 16:25:10.387909   27872 gpu_hlo_schedule.cc:938] The byte size of input/output arguments (23014584320) exceeds the base limit (20225825177). This indicates an error in the calculation!
[36m(PPOActor pid=27443)[0m E0723 16:25:10.397080   27867 gpu_hlo_schedule.cc:938] The byte size of input/output arguments (21139816448) exceeds the base limit (20225825177). This indicates an error in the calculation!
[36m(PPOActor pid=27443)[0m W0723 16:25:10.397300   27867 hlo_rematerialization.cc:3233] Can't reduce memory use below 2.19GiB (2348810240 bytes) by rematerialization; only reduced to 2.19GiB (2353004560 bytes), down from 2.19GiB (2353004560 bytes) originally
[36m(PPOActor pid=27443)[0m E0723 16:25:10.397925   27867 gpu_hlo_schedule.cc:938] The byte size of input/output arguments (22983507968) exceeds the base limit (20225825177). This indicates an error in the calculation!
[36m(PPOActor pid=27443)[0m E0723 16:25:10.413608   27849 gpu_hlo_schedule.cc:938] The byte size of input/output arguments (21139816448) exceeds the base limit (20225825177). This indicates an error in the calculation!
[36m(PPOActor pid=27443)[0m E0723 16:25:10.417527   27869 gpu_hlo_schedule.cc:938] The byte size of input/output arguments (23014584320) exceeds the base limit (20225825177). This indicates an error in the calculation!
[36m(PPOActor pid=27443)[0m E0723 16:25:10.432023   27850 gpu_hlo_schedule.cc:938] The byte size of input/output arguments (22983507968) exceeds the base limit (20225825177). This indicates an error in the calculation!
[36m(PPOActor pid=27443)[0m E0723 16:25:10.432026   27859 gpu_hlo_schedule.cc:938] The byte size of input/output arguments (22983507968) exceeds the base limit (20225825177). This indicates an error in the calculation!
[36m(PPOActor pid=27443)[0m E0723 16:25:10.435374   27846 gpu_hlo_schedule.cc:938] The byte size of input/output arguments (23014584320) exceeds the base limit (20225825177). This indicates an error in the calculation!
[36m(PPOActor pid=27443)[0m E0723 16:25:10.444523   27855 gpu_hlo_schedule.cc:938] The byte size of input/output arguments (22974444032) exceeds the base limit (20225825177). This indicates an error in the calculation!
[36m(PPOActor pid=27443)[0m E0723 16:25:10.444790   27858 gpu_hlo_schedule.cc:938] The byte size of input/output arguments (22983507968) exceeds the base limit (20225825177). This indicates an error in the calculation!
[36m(PPOActor pid=27443)[0m W0723 16:25:10.445187   27858 hlo_rematerialization.cc:3233] Can't reduce memory use below 8.78MiB (9207808 bytes) by rematerialization; only reduced to 21.42GiB (22996910096 bytes), down from 21.42GiB (22996910096 bytes) originally
[36m(PPOActor pid=27443)[0m E0723 16:25:10.449391   27847 gpu_hlo_schedule.cc:938] The byte size of input/output arguments (21139816448) exceeds the base limit (20225825177). This indicates an error in the calculation!
[36m(PPOActor pid=27443)[0m E0723 16:25:10.459205   27860 gpu_hlo_schedule.cc:938] The byte size of input/output arguments (22983507968) exceeds the base limit (20225825177). This indicates an error in the calculation!
[36m(PPOActor pid=27443)[0m E0723 16:25:10.461167   27851 gpu_hlo_schedule.cc:938] The byte size of input/output arguments (22974444032) exceeds the base limit (20225825177). This indicates an error in the calculation!
[36m(PPOActor pid=27443)[0m W0723 16:25:10.461340   27851 hlo_rematerialization.cc:3233] Can't reduce memory use below 2.19GiB (2348810240 bytes) by rematerialization; only reduced to 4.38GiB (4701814800 bytes), down from 4.38GiB (4701814800 bytes) originally
[36m(PPOActor pid=27443)[0m E0723 16:25:10.482363   27851 gpu_hlo_schedule.cc:938] The byte size of input/output arguments (23014584320) exceeds the base limit (20225825177). This indicates an error in the calculation!
[36m(PPOActor pid=27443)[0m E0723 16:25:10.502920   27873 gpu_hlo_schedule.cc:938] The byte size of input/output arguments (23014584320) exceeds the base limit (20225825177). This indicates an error in the calculation!
[36m(PPOActor pid=27443)[0m E0723 16:25:10.508277   27848 gpu_hlo_schedule.cc:938] The byte size of input/output arguments (22983507968) exceeds the base limit (20225825177). This indicates an error in the calculation!
[36m(PPOActor pid=27443)[0m E0723 16:25:10.516279   27853 gpu_hlo_schedule.cc:938] The byte size of input/output arguments (21139816448) exceeds the base limit (20225825177). This indicates an error in the calculation!
[36m(PPOActor pid=27443)[0m E0723 16:25:10.527214   27852 gpu_hlo_schedule.cc:938] The byte size of input/output arguments (21139816448) exceeds the base limit (20225825177). This indicates an error in the calculation!
[36m(PPOActor pid=27443)[0m E0723 16:25:10.534241   27864 gpu_hlo_schedule.cc:938] The byte size of input/output arguments (22983507968) exceeds the base limit (20225825177). This indicates an error in the calculation!
[36m(PPOActor pid=27443)[0m E0723 16:25:10.540070   27872 gpu_hlo_schedule.cc:938] The byte size of input/output arguments (22974444032) exceeds the base limit (20225825177). This indicates an error in the calculation!
[36m(PPOActor pid=27443)[0m E0723 16:25:10.563328   27854 gpu_hlo_schedule.cc:938] The byte size of input/output arguments (23014584320) exceeds the base limit (20225825177). This indicates an error in the calculation!
[36m(PPOActor pid=27443)[0m W0723 16:25:10.563595   27854 hlo_rematerialization.cc:3233] Can't reduce memory use below 2.19GiB (2348810240 bytes) by rematerialization; only reduced to 2.19GiB (2353004560 bytes), down from 2.19GiB (2353004560 bytes) originally
[36m(PPOActor pid=27443)[0m E0723 16:25:10.564247   27854 gpu_hlo_schedule.cc:938] The byte size of input/output arguments (22974444032) exceeds the base limit (20225825177). This indicates an error in the calculation!
[36m(PPOActor pid=27443)[0m W0723 16:25:10.564413   27854 hlo_rematerialization.cc:3233] Can't reduce memory use below 19.21GiB (20625489920 bytes) by rematerialization; only reduced to 19.21GiB (20629684240 bytes), down from 19.21GiB (20629684240 bytes) originally
[36m(PPOActor pid=27443)[0m E0723 16:25:10.564695   27844 gpu_hlo_schedule.cc:938] The byte size of input/output arguments (22983507968) exceeds the base limit (20225825177). This indicates an error in the calculation!
[36m(PPOActor pid=27443)[0m E0723 16:25:10.564924   27854 gpu_hlo_schedule.cc:938] The byte size of input/output arguments (21139816448) exceeds the base limit (20225825177). This indicates an error in the calculation!
[36m(PPOActor pid=27443)[0m W0723 16:25:10.565082   27854 hlo_rematerialization.cc:3233] Can't reduce memory use below 2.19GiB (2348810240 bytes) by rematerialization; only reduced to 2.19GiB (2353004560 bytes), down from 2.19GiB (2353004560 bytes) originally
[36m(PPOActor pid=27443)[0m E0723 16:25:10.565638   27854 gpu_hlo_schedule.cc:938] The byte size of input/output arguments (22974444032) exceeds the base limit (20225825177). This indicates an error in the calculation!
[36m(PPOActor pid=27443)[0m W0723 16:25:10.565851   27854 hlo_rematerialization.cc:3233] Can't reduce memory use below 2.19GiB (2348810240 bytes) by rematerialization; only reduced to 4.38GiB (4701814800 bytes), down from 4.38GiB (4701814800 bytes) originally
[36m(PPOActor pid=27443)[0m E0723 16:25:10.568956   27842 gpu_hlo_schedule.cc:938] The byte size of input/output arguments (23014584320) exceeds the base limit (20225825177). This indicates an error in the calculation!
[36m(PPOActor pid=27443)[0m W0723 16:25:10.569181   27842 hlo_rematerialization.cc:3233] Can't reduce memory use below 2.19GiB (2348810240 bytes) by rematerialization; only reduced to 2.19GiB (2353004560 bytes), down from 2.19GiB (2353004560 bytes) originally
[36m(PPOActor pid=27443)[0m E0723 16:25:10.569859   27842 gpu_hlo_schedule.cc:938] The byte size of input/output arguments (22974444032) exceeds the base limit (20225825177). This indicates an error in the calculation!
[36m(PPOActor pid=27443)[0m E0723 16:25:10.576976   27859 gpu_hlo_schedule.cc:938] The byte size of input/output arguments (22974444032) exceeds the base limit (20225825177). This indicates an error in the calculation!
[36m(PPOActor pid=27443)[0m E0723 16:25:10.581332   27855 gpu_hlo_schedule.cc:938] The byte size of input/output arguments (23014584320) exceeds the base limit (20225825177). This indicates an error in the calculation!
[36m(PPOActor pid=27443)[0m E0723 16:25:10.591071   27854 gpu_hlo_schedule.cc:938] The byte size of input/output arguments (22974444032) exceeds the base limit (20225825177). This indicates an error in the calculation!
[36m(PPOActor pid=27443)[0m W0723 16:25:10.591263   27854 hlo_rematerialization.cc:3233] Can't reduce memory use below 19.21GiB (20625489920 bytes) by rematerialization; only reduced to 19.21GiB (20629684240 bytes), down from 19.21GiB (20629684240 bytes) originally
[36m(PPOActor pid=27443)[0m E0723 16:25:10.591933   27854 gpu_hlo_schedule.cc:938] The byte size of input/output arguments (23014584320) exceeds the base limit (20225825177). This indicates an error in the calculation!
[36m(PPOActor pid=27443)[0m E0723 16:25:10.608171   27846 gpu_hlo_schedule.cc:938] The byte size of input/output arguments (23014584320) exceeds the base limit (20225825177). This indicates an error in the calculation!
[36m(PPOActor pid=27443)[0m E0723 16:25:10.610159   27851 gpu_hlo_schedule.cc:938] The byte size of input/output arguments (23014584320) exceeds the base limit (20225825177). This indicates an error in the calculation!
[36m(PPOActor pid=27443)[0m E0723 16:25:10.632296   27870 gpu_hlo_schedule.cc:938] The byte size of input/output arguments (22983507968) exceeds the base limit (20225825177). This indicates an error in the calculation!
[36m(PPOActor pid=27443)[0m E0723 16:25:10.658703   27850 gpu_hlo_schedule.cc:938] The byte size of input/output arguments (22983507968) exceeds the base limit (20225825177). This indicates an error in the calculation!
[36m(PPOActor pid=27443)[0m W0723 16:25:10.659181   27850 hlo_rematerialization.cc:3233] Can't reduce memory use below 8.78MiB (9207808 bytes) by rematerialization; only reduced to 21.42GiB (22996910096 bytes), down from 21.42GiB (22996910096 bytes) originally
[36m(PPOActor pid=27443)[0m E0723 16:25:10.683355   27848 gpu_hlo_schedule.cc:938] The byte size of input/output arguments (22974444032) exceeds the base limit (20225825177). This indicates an error in the calculation!
[36m(PPOActor pid=27443)[0m E0723 16:25:10.683712   27844 gpu_hlo_schedule.cc:938] The byte size of input/output arguments (22983507968) exceeds the base limit (20225825177). This indicates an error in the calculation!
[36m(PPOActor pid=27443)[0m E0723 16:25:10.699203   27850 gpu_hlo_schedule.cc:938] The byte size of input/output arguments (22974444032) exceeds the base limit (20225825177). This indicates an error in the calculation!
[36m(PPOActor pid=27443)[0m E0723 16:25:10.726884   27869 gpu_hlo_schedule.cc:938] The byte size of input/output arguments (22974444032) exceeds the base limit (20225825177). This indicates an error in the calculation!
[36m(PPOActor pid=27443)[0m W0723 16:25:10.727158   27869 hlo_rematerialization.cc:3233] Can't reduce memory use below 19.21GiB (20625489920 bytes) by rematerialization; only reduced to 19.21GiB (20629684240 bytes), down from 19.21GiB (20629684240 bytes) originally
[36m(PPOActor pid=27443)[0m E0723 16:25:10.727774   27869 gpu_hlo_schedule.cc:938] The byte size of input/output arguments (23014584320) exceeds the base limit (20225825177). This indicates an error in the calculation!
[36m(PPOActor pid=27443)[0m W0723 16:25:10.727926   27869 hlo_rematerialization.cc:3233] Can't reduce memory use below 19.21GiB (20625489920 bytes) by rematerialization; only reduced to 19.21GiB (20629684240 bytes), down from 19.21GiB (20629684240 bytes) originally
[36m(PPOActor pid=27443)[0m E0723 16:25:10.728526   27869 gpu_hlo_schedule.cc:938] The byte size of input/output arguments (22974444032) exceeds the base limit (20225825177). This indicates an error in the calculation!
[36m(PPOActor pid=27443)[0m E0723 16:25:10.734695   27857 gpu_hlo_schedule.cc:938] The byte size of input/output arguments (21139816448) exceeds the base limit (20225825177). This indicates an error in the calculation!
[36m(PPOActor pid=27443)[0m E0723 16:25:10.736555   27864 gpu_hlo_schedule.cc:938] The byte size of input/output arguments (22974444032) exceeds the base limit (20225825177). This indicates an error in the calculation!
[36m(PPOActor pid=27443)[0m E0723 16:25:10.743911   27873 gpu_hlo_schedule.cc:938] The byte size of input/output arguments (23014584320) exceeds the base limit (20225825177). This indicates an error in the calculation!
[36m(PPOActor pid=27443)[0m E0723 16:25:10.749323   27847 gpu_hlo_schedule.cc:938] The byte size of input/output arguments (23014584320) exceeds the base limit (20225825177). This indicates an error in the calculation!
[36m(PPOActor pid=27443)[0m E0723 16:25:10.750022   27845 gpu_hlo_schedule.cc:938] The byte size of input/output arguments (23014584320) exceeds the base limit (20225825177). This indicates an error in the calculation!
[36m(PPOActor pid=27443)[0m E0723 16:25:10.758069   27842 gpu_hlo_schedule.cc:938] The byte size of input/output arguments (23014584320) exceeds the base limit (20225825177). This indicates an error in the calculation!
[36m(PPOActor pid=27443)[0m W0723 16:25:10.758285   27842 hlo_rematerialization.cc:3233] Can't reduce memory use below 19.21GiB (20625489920 bytes) by rematerialization; only reduced to 19.21GiB (20629684240 bytes), down from 19.21GiB (20629684240 bytes) originally
[36m(PPOActor pid=27443)[0m E0723 16:25:10.759158   27842 gpu_hlo_schedule.cc:938] The byte size of input/output arguments (22983507968) exceeds the base limit (20225825177). This indicates an error in the calculation!
[36m(PPOActor pid=27443)[0m W0723 16:25:10.759553   27842 hlo_rematerialization.cc:3233] Can't reduce memory use below 8.78MiB (9207808 bytes) by rematerialization; only reduced to 21.42GiB (22996910096 bytes), down from 21.42GiB (22996910096 bytes) originally
[36m(PPOActor pid=27443)[0m E0723 16:25:10.759953   27846 gpu_hlo_schedule.cc:938] The byte size of input/output arguments (22974444032) exceeds the base limit (20225825177). This indicates an error in the calculation!
[36m(PPOActor pid=27443)[0m E0723 16:25:10.773669   27863 gpu_hlo_schedule.cc:938] The byte size of input/output arguments (21139816448) exceeds the base limit (20225825177). This indicates an error in the calculation!
[36m(PPOActor pid=27443)[0m W0723 16:25:10.773865   27863 hlo_rematerialization.cc:3233] Can't reduce memory use below 2.19GiB (2348810240 bytes) by rematerialization; only reduced to 2.19GiB (2353004560 bytes), down from 2.19GiB (2353004560 bytes) originally
[36m(PPOActor pid=27443)[0m E0723 16:25:10.774553   27863 gpu_hlo_schedule.cc:938] The byte size of input/output arguments (22983507968) exceeds the base limit (20225825177). This indicates an error in the calculation!
[36m(PPOActor pid=27443)[0m E0723 16:25:10.775318   27856 gpu_hlo_schedule.cc:938] The byte size of input/output arguments (23014584320) exceeds the base limit (20225825177). This indicates an error in the calculation!
[36m(PPOActor pid=27443)[0m E0723 16:25:10.776781   27858 gpu_hlo_schedule.cc:938] The byte size of input/output arguments (22974444032) exceeds the base limit (20225825177). This indicates an error in the calculation!
[36m(PPOActor pid=27443)[0m E0723 16:25:10.797360   27872 gpu_hlo_schedule.cc:938] The byte size of input/output arguments (23014584320) exceeds the base limit (20225825177). This indicates an error in the calculation!
[36m(PPOActor pid=27443)[0m E0723 16:25:10.799092   27842 gpu_hlo_schedule.cc:938] The byte size of input/output arguments (23014584320) exceeds the base limit (20225825177). This indicates an error in the calculation!
[36m(PPOActor pid=27443)[0m E0723 16:25:10.811196   27868 gpu_hlo_schedule.cc:938] The byte size of input/output arguments (23014584320) exceeds the base limit (20225825177). This indicates an error in the calculation!
[36m(PPOActor pid=27443)[0m E0723 16:25:10.811196   27865 gpu_hlo_schedule.cc:938] The byte size of input/output arguments (23014584320) exceeds the base limit (20225825177). This indicates an error in the calculation!
[36m(PPOActor pid=27443)[0m E0723 16:25:10.823311   27861 gpu_hlo_schedule.cc:938] The byte size of input/output arguments (21139816448) exceeds the base limit (20225825177). This indicates an error in the calculation!
[36m(PPOActor pid=27443)[0m W0723 16:25:10.823489   27861 hlo_rematerialization.cc:3233] Can't reduce memory use below 2.19GiB (2348810240 bytes) by rematerialization; only reduced to 2.19GiB (2353004560 bytes), down from 2.19GiB (2353004560 bytes) originally
[36m(PPOActor pid=27443)[0m E0723 16:25:10.824048   27861 gpu_hlo_schedule.cc:938] The byte size of input/output arguments (22974444032) exceeds the base limit (20225825177). This indicates an error in the calculation!
[36m(PPOActor pid=27443)[0m E0723 16:25:10.827344   27851 gpu_hlo_schedule.cc:938] The byte size of input/output arguments (23014584320) exceeds the base limit (20225825177). This indicates an error in the calculation!
[36m(PPOActor pid=27443)[0m E0723 16:25:10.831573   27866 gpu_hlo_schedule.cc:938] The byte size of input/output arguments (21139816448) exceeds the base limit (20225825177). This indicates an error in the calculation!
[36m(PPOActor pid=27443)[0m E0723 16:25:10.836995   27870 gpu_hlo_schedule.cc:938] The byte size of input/output arguments (22983507968) exceeds the base limit (20225825177). This indicates an error in the calculation!
[36m(PPOActor pid=27443)[0m E0723 16:25:10.848151   27855 gpu_hlo_schedule.cc:938] The byte size of input/output arguments (23014584320) exceeds the base limit (20225825177). This indicates an error in the calculation!
[36m(PPOActor pid=27443)[0m E0723 16:25:10.853628   27871 gpu_hlo_schedule.cc:938] The byte size of input/output arguments (21139816448) exceeds the base limit (20225825177). This indicates an error in the calculation!
[36m(PPOActor pid=27443)[0m W0723 16:25:10.853868   27871 hlo_rematerialization.cc:3233] Can't reduce memory use below 2.19GiB (2348810240 bytes) by rematerialization; only reduced to 2.19GiB (2353004560 bytes), down from 2.19GiB (2353004560 bytes) originally
[36m(PPOActor pid=27443)[0m E0723 16:25:10.854690   27871 gpu_hlo_schedule.cc:938] The byte size of input/output arguments (22983507968) exceeds the base limit (20225825177). This indicates an error in the calculation!
[36m(PPOActor pid=27443)[0m W0723 16:25:10.855080   27871 hlo_rematerialization.cc:3233] Can't reduce memory use below 8.78MiB (9207808 bytes) by rematerialization; only reduced to 21.42GiB (22996910096 bytes), down from 21.42GiB (22996910096 bytes) originally
[36m(PPOActor pid=27443)[0m E0723 16:25:10.866207   27844 gpu_hlo_schedule.cc:938] The byte size of input/output arguments (22974444032) exceeds the base limit (20225825177). This indicates an error in the calculation!
[36m(PPOActor pid=27443)[0m E0723 16:25:10.879132   27854 gpu_hlo_schedule.cc:938] The byte size of input/output arguments (22983507968) exceeds the base limit (20225825177). This indicates an error in the calculation!
[36m(PPOActor pid=27443)[0m W0723 16:25:10.879545   27854 hlo_rematerialization.cc:3233] Can't reduce memory use below 8.78MiB (9207808 bytes) by rematerialization; only reduced to 21.42GiB (22996910096 bytes), down from 21.42GiB (22996910096 bytes) originally
[36m(PPOActor pid=27443)[0m E0723 16:25:10.891040   27845 gpu_hlo_schedule.cc:938] The byte size of input/output arguments (22974444032) exceeds the base limit (20225825177). This indicates an error in the calculation!
[36m(PPOActor pid=27443)[0m E0723 16:25:10.896849   27871 gpu_hlo_schedule.cc:938] The byte size of input/output arguments (22983507968) exceeds the base limit (20225825177). This indicates an error in the calculation!
[36m(PPOActor pid=27443)[0m E0723 16:25:10.902368   27865 gpu_hlo_schedule.cc:938] The byte size of input/output arguments (23014584320) exceeds the base limit (20225825177). This indicates an error in the calculation!
[36m(PPOActor pid=27443)[0m E0723 16:25:10.907828   27860 gpu_hlo_schedule.cc:938] The byte size of input/output arguments (22983507968) exceeds the base limit (20225825177). This indicates an error in the calculation!
[36m(PPOActor pid=27443)[0m E0723 16:25:10.908139   27867 gpu_hlo_schedule.cc:938] The byte size of input/output arguments (22974444032) exceeds the base limit (20225825177). This indicates an error in the calculation!
[36m(PPOActor pid=27443)[0m E0723 16:25:10.911032   27851 gpu_hlo_schedule.cc:938] The byte size of input/output arguments (23014584320) exceeds the base limit (20225825177). This indicates an error in the calculation!
[36m(PPOActor pid=27443)[0m E0723 16:25:10.916913   27873 gpu_hlo_schedule.cc:938] The byte size of input/output arguments (23014584320) exceeds the base limit (20225825177). This indicates an error in the calculation!
[36m(PPOActor pid=27443)[0m E0723 16:25:10.922579   27850 gpu_hlo_schedule.cc:938] The byte size of input/output arguments (22983507968) exceeds the base limit (20225825177). This indicates an error in the calculation!
[36m(PPOActor pid=27443)[0m E0723 16:25:10.927761   27852 gpu_hlo_schedule.cc:938] The byte size of input/output arguments (22983507968) exceeds the base limit (20225825177). This indicates an error in the calculation!
[36m(PPOActor pid=27443)[0m E0723 16:25:10.929487   27854 gpu_hlo_schedule.cc:938] The byte size of input/output arguments (22974444032) exceeds the base limit (20225825177). This indicates an error in the calculation!
[36m(PPOActor pid=27443)[0m E0723 16:25:10.941699   27855 gpu_hlo_schedule.cc:938] The byte size of input/output arguments (22974444032) exceeds the base limit (20225825177). This indicates an error in the calculation!
[36m(PPOActor pid=27443)[0m W0723 16:25:10.941949   27855 hlo_rematerialization.cc:3233] Can't reduce memory use below 2.19GiB (2348810240 bytes) by rematerialization; only reduced to 4.38GiB (4701814800 bytes), down from 4.38GiB (4701814800 bytes) originally
[36m(PPOActor pid=27443)[0m E0723 16:25:10.942488   27858 gpu_hlo_schedule.cc:938] The byte size of input/output arguments (23014584320) exceeds the base limit (20225825177). This indicates an error in the calculation!
[36m(PPOActor pid=27443)[0m E0723 16:25:10.967796   27855 gpu_hlo_schedule.cc:938] The byte size of input/output arguments (22974444032) exceeds the base limit (20225825177). This indicates an error in the calculation!
[36m(PPOActor pid=27443)[0m E0723 16:25:10.990313   27866 gpu_hlo_schedule.cc:938] The byte size of input/output arguments (22974444032) exceeds the base limit (20225825177). This indicates an error in the calculation!
[36m(PPOActor pid=27443)[0m E0723 16:25:10.993549   27849 gpu_hlo_schedule.cc:938] The byte size of input/output arguments (22974444032) exceeds the base limit (20225825177). This indicates an error in the calculation!
[36m(PPOActor pid=27443)[0m W0723 16:25:10.993844   27849 hlo_rematerialization.cc:3233] Can't reduce memory use below 2.19GiB (2348810240 bytes) by rematerialization; only reduced to 4.38GiB (4701814800 bytes), down from 4.38GiB (4701814800 bytes) originally
[36m(PPOActor pid=27443)[0m E0723 16:25:10.996153   27847 gpu_hlo_schedule.cc:938] The byte size of input/output arguments (23014584320) exceeds the base limit (20225825177). This indicates an error in the calculation!
[36m(PPOActor pid=27443)[0m E0723 16:25:10.996167   27864 gpu_hlo_schedule.cc:938] The byte size of input/output arguments (22983507968) exceeds the base limit (20225825177). This indicates an error in the calculation!
[36m(PPOActor pid=27443)[0m W0723 16:25:10.996347   27847 hlo_rematerialization.cc:3233] Can't reduce memory use below 2.19GiB (2348810240 bytes) by rematerialization; only reduced to 2.19GiB (2353004560 bytes), down from 2.19GiB (2353004560 bytes) originally
[36m(PPOActor pid=27443)[0m E0723 16:25:10.996958   27847 gpu_hlo_schedule.cc:938] The byte size of input/output arguments (23014584320) exceeds the base limit (20225825177). This indicates an error in the calculation!
[36m(PPOActor pid=27443)[0m E0723 16:25:11.005311   27848 gpu_hlo_schedule.cc:938] The byte size of input/output arguments (22974444032) exceeds the base limit (20225825177). This indicates an error in the calculation!
[36m(PPOActor pid=27443)[0m E0723 16:25:11.008083   27842 gpu_hlo_schedule.cc:938] The byte size of input/output arguments (21139816448) exceeds the base limit (20225825177). This indicates an error in the calculation!
[36m(PPOActor pid=27443)[0m E0723 16:25:11.011384   27869 gpu_hlo_schedule.cc:938] The byte size of input/output arguments (22974444032) exceeds the base limit (20225825177). This indicates an error in the calculation!
[36m(PPOActor pid=27443)[0m E0723 16:25:11.019856   27849 gpu_hlo_schedule.cc:938] The byte size of input/output arguments (23014584320) exceeds the base limit (20225825177). This indicates an error in the calculation!
[36m(PPOActor pid=27443)[0m W0723 16:25:11.020088   27849 hlo_rematerialization.cc:3233] Can't reduce memory use below 2.19GiB (2348810240 bytes) by rematerialization; only reduced to 2.19GiB (2353004560 bytes), down from 2.19GiB (2353004560 bytes) originally
[36m(PPOActor pid=27443)[0m E0723 16:25:11.020827   27849 gpu_hlo_schedule.cc:938] The byte size of input/output arguments (22983507968) exceeds the base limit (20225825177). This indicates an error in the calculation!
[36m(PPOActor pid=27443)[0m E0723 16:25:11.029201   27859 gpu_hlo_schedule.cc:938] The byte size of input/output arguments (22983507968) exceeds the base limit (20225825177). This indicates an error in the calculation!
[36m(PPOActor pid=27443)[0m E0723 16:25:11.047140   27872 gpu_hlo_schedule.cc:938] The byte size of input/output arguments (23014584320) exceeds the base limit (20225825177). This indicates an error in the calculation!
[36m(PPOActor pid=27443)[0m E0723 16:25:11.054162   27861 gpu_hlo_schedule.cc:938] The byte size of input/output arguments (22974444032) exceeds the base limit (20225825177). This indicates an error in the calculation!
[36m(PPOActor pid=27443)[0m E0723 16:25:11.060572   27867 gpu_hlo_schedule.cc:938] The byte size of input/output arguments (23014584320) exceeds the base limit (20225825177). This indicates an error in the calculation!
[36m(PPOActor pid=27443)[0m E0723 16:25:11.072635   27848 gpu_hlo_schedule.cc:938] The byte size of input/output arguments (22974444032) exceeds the base limit (20225825177). This indicates an error in the calculation!
[36m(PPOActor pid=27443)[0m E0723 16:25:11.082145   27844 gpu_hlo_schedule.cc:938] The byte size of input/output arguments (22974444032) exceeds the base limit (20225825177). This indicates an error in the calculation!
[36m(PPOActor pid=27443)[0m E0723 16:25:11.086098   27860 gpu_hlo_schedule.cc:938] The byte size of input/output arguments (23014584320) exceeds the base limit (20225825177). This indicates an error in the calculation!
[36m(PPOActor pid=27443)[0m E0723 16:25:11.277298   27862 cuda_executor.cc:1210] [0] Failed to allocate device memory: INTERNAL: [0] Failed to allocate 17.50GiB (18790481920 bytes) of device memory: : CUDA_ERROR_OUT_OF_MEMORY: out of memory
[36m(PPOActor pid=27443)[0m E0723 16:25:11.277463   27862 cuda_executor.cc:1210] [0] Failed to allocate device memory: INTERNAL: [0] Failed to allocate 17.50GiB (18790481920 bytes) of device memory: : CUDA_ERROR_OUT_OF_MEMORY: out of memory
[36m(PPOActor pid=27443)[0m E0723 16:25:11.277600   27862 cuda_executor.cc:1210] [0] Failed to allocate device memory: INTERNAL: [0] Failed to allocate 17.50GiB (18790481920 bytes) of device memory: : CUDA_ERROR_OUT_OF_MEMORY: out of memory
[36m(PPOActor pid=27443)[0m E0723 16:25:11.277734   27862 cuda_executor.cc:1210] [0] Failed to allocate device memory: INTERNAL: [0] Failed to allocate 17.50GiB (18790481920 bytes) of device memory: : CUDA_ERROR_OUT_OF_MEMORY: out of memory
[36m(PPOActor pid=27443)[0m E0723 16:25:11.277869   27862 cuda_executor.cc:1210] [0] Failed to allocate device memory: INTERNAL: [0] Failed to allocate 17.50GiB (18790481920 bytes) of device memory: : CUDA_ERROR_OUT_OF_MEMORY: out of memory
[36m(PPOActor pid=27443)[0m E0723 16:25:11.278002   27862 cuda_executor.cc:1210] [0] Failed to allocate device memory: INTERNAL: [0] Failed to allocate 17.50GiB (18790481920 bytes) of device memory: : CUDA_ERROR_OUT_OF_MEMORY: out of memory
[36m(PPOActor pid=27443)[0m E0723 16:25:11.278147   27862 cuda_executor.cc:1210] [0] Failed to allocate device memory: INTERNAL: [0] Failed to allocate 17.50GiB (18790481920 bytes) of device memory: : CUDA_ERROR_OUT_OF_MEMORY: out of memory
[36m(PPOActor pid=27443)[0m E0723 16:25:11.278296   27862 cuda_executor.cc:1210] [0] Failed to allocate device memory: INTERNAL: [0] Failed to allocate 17.50GiB (18790481920 bytes) of device memory: : CUDA_ERROR_OUT_OF_MEMORY: out of memory
[36m(PPOActor pid=27443)[0m E0723 16:25:11.278436   27862 cuda_executor.cc:1210] [0] Failed to allocate device memory: INTERNAL: [0] Failed to allocate 17.50GiB (18790481920 bytes) of device memory: : CUDA_ERROR_OUT_OF_MEMORY: out of memory
[36m(PPOActor pid=27443)[0m E0723 16:25:11.278573   27862 cuda_executor.cc:1210] [0] Failed to allocate device memory: INTERNAL: [0] Failed to allocate 17.50GiB (18790481920 bytes) of device memory: : CUDA_ERROR_OUT_OF_MEMORY: out of memory
[36m(PPOActor pid=27443)[0m E0723 16:25:11.278702   27862 cuda_executor.cc:1210] [0] Failed to allocate device memory: INTERNAL: [0] Failed to allocate 17.50GiB (18790481920 bytes) of device memory: : CUDA_ERROR_OUT_OF_MEMORY: out of memory
[36m(PPOActor pid=27443)[0m E0723 16:25:11.278836   27862 cuda_executor.cc:1210] [0] Failed to allocate device memory: INTERNAL: [0] Failed to allocate 17.50GiB (18790481920 bytes) of device memory: : CUDA_ERROR_OUT_OF_MEMORY: out of memory
[36m(PPOActor pid=27443)[0m E0723 16:25:11.278970   27862 cuda_executor.cc:1210] [0] Failed to allocate device memory: INTERNAL: [0] Failed to allocate 17.50GiB (18790481920 bytes) of device memory: : CUDA_ERROR_OUT_OF_MEMORY: out of memory
[36m(PPOActor pid=27443)[0m E0723 16:25:11.279082   27862 cuda_executor.cc:1210] [0] Failed to allocate device memory: INTERNAL: [0] Failed to allocate 17.50GiB (18790481920 bytes) of device memory: : CUDA_ERROR_OUT_OF_MEMORY: out of memory
[36m(PPOActor pid=27443)[0m E0723 16:25:11.279208   27862 cuda_executor.cc:1210] [0] Failed to allocate device memory: INTERNAL: [0] Failed to allocate 17.50GiB (18790481920 bytes) of device memory: : CUDA_ERROR_OUT_OF_MEMORY: out of memory
[36m(PPOActor pid=27443)[0m E0723 16:25:11.279329   27862 cuda_executor.cc:1210] [0] Failed to allocate device memory: INTERNAL: [0] Failed to allocate 17.50GiB (18790481920 bytes) of device memory: : CUDA_ERROR_OUT_OF_MEMORY: out of memory
[36m(PPOActor pid=27443)[0m E0723 16:25:11.279453   27862 cuda_executor.cc:1210] [0] Failed to allocate device memory: INTERNAL: [0] Failed to allocate 17.50GiB (18790481920 bytes) of device memory: : CUDA_ERROR_OUT_OF_MEMORY: out of memory
[36m(PPOActor pid=27443)[0m E0723 16:25:11.279569   27862 cuda_executor.cc:1210] [0] Failed to allocate device memory: INTERNAL: [0] Failed to allocate 17.50GiB (18790481920 bytes) of device memory: : CUDA_ERROR_OUT_OF_MEMORY: out of memory
[36m(PPOActor pid=27443)[0m E0723 16:25:11.279688   27862 cuda_executor.cc:1210] [0] Failed to allocate device memory: INTERNAL: [0] Failed to allocate 17.50GiB (18790481920 bytes) of device memory: : CUDA_ERROR_OUT_OF_MEMORY: out of memory
[36m(PPOActor pid=27443)[0m E0723 16:25:11.279802   27862 cuda_executor.cc:1210] [0] Failed to allocate device memory: INTERNAL: [0] Failed to allocate 17.50GiB (18790481920 bytes) of device memory: : CUDA_ERROR_OUT_OF_MEMORY: out of memory
[36m(PPOActor pid=27443)[0m E0723 16:25:11.279918   27862 cuda_executor.cc:1210] [0] Failed to allocate device memory: INTERNAL: [0] Failed to allocate 17.50GiB (18790481920 bytes) of device memory: : CUDA_ERROR_OUT_OF_MEMORY: out of memory
[36m(PPOActor pid=27443)[0m E0723 16:25:11.293921   27443 autotuner.cc:460] Could not get config for HLO: %gemm_fusion_dot.46 = f32[1024,4587520]{1,0} fusion(%dynamic_nodonate__first___22_.1, %bitcast.3487), kind=kCustom, calls=
[36m(PPOActor pid=27443)[0m (parameter_0.16: f32[1024,128], parameter_1.16: f32[128,4587520]) -> f32[1024,4587520] {
[36m(PPOActor pid=27443)[0m   %parameter_0.16 = f32[1024,128]{1,0} parameter(0)
[36m(PPOActor pid=27443)[0m   %parameter_1.16 = f32[128,4587520]{1,0} parameter(1)
[36m(PPOActor pid=27443)[0m   ROOT %dot.452 = f32[1024,4587520]{1,0} dot(%parameter_0.16, %parameter_1.16), lhs_contracting_dims={1}, rhs_contracting_dims={0}, metadata={op_name="jit(update_step)/jvp(vmap(vmap(eqx.nn.Linear)))/dot_general" stack_frame_id=879}
[36m(PPOActor pid=27443)[0m }, metadata={op_name="jit(update_step)/jvp(vmap(vmap(eqx.nn.Linear)))/dot_general" stack_frame_id=879}, backend_config={"operation_queue_id":"0","fusion_backend_config":{"kind":"__triton_gemm"},"force_earliest_schedule":false,"reification_cost":[],"device_type":"DEVICE_TYPE_INVALID"}. Status: INTERNAL: Autotuning failed for HLO: %gemm_fusion_dot.46 = f32[1024,4587520]{1,0} fusion(%dynamic_nodonate__first___22_.1, %bitcast.3487), kind=kCustom, calls=%gemm_fusion_dot.46_computation, metadata={op_name="jit(update_step)/jvp(vmap(vmap(eqx.nn.Linear)))/dot_general" stack_frame_id=879}, backend_config={"operation_queue_id":"0","fusion_backend_config":{"kind":"__triton_gemm"},"force_earliest_schedule":false,"reification_cost":[],"device_type":"DEVICE_TYPE_INVALID"}. Failed to pick best config: All configs failed during profiling.
[36m(PPOActor pid=27443)[0m Failures (21):
[36m(PPOActor pid=27443)[0m EXECUTION FAILED: RESOURCE_EXHAUSTED: Failed to allocate request for 17.50GiB (18790481920B) on device ordinal 0
[36m(PPOActor pid=27443)[0m EXECUTION FAILED: RESOURCE_EXHAUSTED: Failed to allocate request for 17.50GiB (18790481920B) on device ordinal 0
[36m(PPOActor pid=27443)[0m EXECUTION FAILED: RESOURCE_EXHAUSTED: Failed to allocate request for 17.50GiB (18790481920B) on device ordinal 0
[36m(PPOActor pid=27443)[0m EXECUTION FAILED: RESOURCE_EXHAUSTED: Failed to allocate request for 17.50GiB (18790481920B) on device ordinal 0
[36m(PPOActor pid=27443)[0m EXECUTION FAILED: RESOURCE_EXHAUSTED: Failed to allocate request for 17.50GiB (18790481920B) on device ordinal 0
[36m(PPOActor pid=27443)[0m EXECUTION FAILED: RESOURCE_EXHAUSTED: Failed to allocate request for 17.50GiB (18790481920B) on device ordinal 0
[36m(PPOActor pid=27443)[0m EXECUTION FAILED: RESOURCE_EXHAUSTED: Failed to allocate request for 17.50GiB (18790481920B) on device ordinal 0
[36m(PPOActor pid=27443)[0m EXECUTION FAILED: RESOURCE_EXHAUSTED: Failed to allocate request for 17.50GiB (18790481920B) on device ordinal 0
[36m(PPOActor pid=27443)[0m EXECUTION FAILED: RESOURCE_EXHAUSTED: Failed to allocate request for 17.50GiB (18790481920B) on device ordinal 0
[36m(PPOActor pid=27443)[0m EXECUTION FAILED: RESOURCE_EXHAUSTED: Failed to allocate request for 17.50GiB (18790481920B) on device ordinal 0
[36m(PPOActor pid=27443)[0m EXECUTION FAILED: RESOURCE_EXHAUSTED: Failed to allocate request for 17.50GiB (18790481920B) on device ordinal 0
[36m(PPOActor pid=27443)[0m EXECUTION FAILED: RESOURCE_EXHAUSTED: Failed to allocate request for 17.50GiB (18790481920B) on device ordinal 0
[36m(PPOActor pid=27443)[0m EXECUTION FAILED: RESOURCE_EXHAUSTED: Failed to allocate request for 17.50GiB (18790481920B) on device ordinal 0
[36m(PPOActor pid=27443)[0m EXECUTION FAILED: RESOURCE_EXHAUSTED: Failed to allocate request for 17.50GiB (18790481920B) on device ordinal 0
[36m(PPOActor pid=27443)[0m EXECUTION FAILED: RESOURCE_EXHAUSTED: Failed to allocate request for 17.50GiB (18790481920B) on device ordinal 0
[36m(PPOActor pid=27443)[0m EXECUTION FAILED: RESOURCE_EXHAUSTED: Failed to allocate request for 17.50GiB (18790481920B) on device ordinal 0
[36m(PPOActor pid=27443)[0m EXECUTION FAILED: RESOURCE_EXHAUSTED: Failed to allocate request for 17.50GiB (18790481920B) on device ordinal 0
[36m(PPOActor pid=27443)[0m EXECUTION FAILED: RESOURCE_EXHAUSTED: Failed to allocate request for 17.50GiB (18790481920B) on device ordinal 0
[36m(PPOActor pid=27443)[0m EXECUTION FAILED: RESOURCE_EXHAUSTED: Failed to allocate request for 17.50GiB (18790481920B) on device ordinal 0
[36m(PPOActor pid=27443)[0m EXECUTION FAILED: RESOURCE_EXHAUSTED: Failed to allocate request for 17.50GiB (18790481920B) on device ordinal 0
[36m(PPOActor pid=27443)[0m EXECUTION FAILED: RESOURCE_EXHAUSTED: Failed to allocate request for 17.50GiB (18790481920B) on device ordinal 0
[36m(PPOActor pid=27443)[0m E0723 16:25:12.083449   27869 cuda_executor.cc:1210] [0] Failed to allocate device memory: INTERNAL: [0] Failed to allocate 19.21GiB (20625489920 bytes) of device memory: : CUDA_ERROR_OUT_OF_MEMORY: out of memory
[36m(PPOActor pid=27443)[0m E0723 16:25:12.083790   27869 cuda_executor.cc:1210] [0] Failed to allocate device memory: INTERNAL: [0] Failed to allocate 19.21GiB (20625489920 bytes) of device memory: : CUDA_ERROR_OUT_OF_MEMORY: out of memory
[36m(PPOActor pid=27443)[0m E0723 16:25:12.084076   27869 cuda_executor.cc:1210] [0] Failed to allocate device memory: INTERNAL: [0] Failed to allocate 19.21GiB (20625489920 bytes) of device memory: : CUDA_ERROR_OUT_OF_MEMORY: out of memory
[36m(PPOActor pid=27443)[0m E0723 16:25:12.084382   27869 cuda_executor.cc:1210] [0] Failed to allocate device memory: INTERNAL: [0] Failed to allocate 19.21GiB (20625489920 bytes) of device memory: : CUDA_ERROR_OUT_OF_MEMORY: out of memory
[36m(PPOActor pid=27443)[0m E0723 16:25:12.084666   27869 cuda_executor.cc:1210] [0] Failed to allocate device memory: INTERNAL: [0] Failed to allocate 19.21GiB (20625489920 bytes) of device memory: : CUDA_ERROR_OUT_OF_MEMORY: out of memory
[36m(PPOActor pid=27443)[0m E0723 16:25:12.084937   27869 cuda_executor.cc:1210] [0] Failed to allocate device memory: INTERNAL: [0] Failed to allocate 19.21GiB (20625489920 bytes) of device memory: : CUDA_ERROR_OUT_OF_MEMORY: out of memory
[36m(PPOActor pid=27443)[0m E0723 16:25:12.085230   27869 cuda_executor.cc:1210] [0] Failed to allocate device memory: INTERNAL: [0] Failed to allocate 19.21GiB (20625489920 bytes) of device memory: : CUDA_ERROR_OUT_OF_MEMORY: out of memory
[36m(PPOActor pid=27443)[0m E0723 16:25:12.085477   27869 cuda_executor.cc:1210] [0] Failed to allocate device memory: INTERNAL: [0] Failed to allocate 19.21GiB (20625489920 bytes) of device memory: : CUDA_ERROR_OUT_OF_MEMORY: out of memory
[36m(PPOActor pid=27443)[0m E0723 16:25:12.085715   27869 cuda_executor.cc:1210] [0] Failed to allocate device memory: INTERNAL: [0] Failed to allocate 19.21GiB (20625489920 bytes) of device memory: : CUDA_ERROR_OUT_OF_MEMORY: out of memory
[36m(PPOActor pid=27443)[0m E0723 16:25:12.085949   27869 cuda_executor.cc:1210] [0] Failed to allocate device memory: INTERNAL: [0] Failed to allocate 19.21GiB (20625489920 bytes) of device memory: : CUDA_ERROR_OUT_OF_MEMORY: out of memory
[36m(PPOActor pid=27443)[0m E0723 16:25:12.915010   27873 cuda_executor.cc:1210] [0] Failed to allocate device memory: INTERNAL: [0] Failed to allocate 19.21GiB (20625489920 bytes) of device memory: : CUDA_ERROR_OUT_OF_MEMORY: out of memory
[36m(PPOActor pid=27443)[0m E0723 16:25:12.915369   27873 cuda_executor.cc:1210] [0] Failed to allocate device memory: INTERNAL: [0] Failed to allocate 19.21GiB (20625489920 bytes) of device memory: : CUDA_ERROR_OUT_OF_MEMORY: out of memory
[36m(PPOActor pid=27443)[0m E0723 16:25:12.915660   27873 cuda_executor.cc:1210] [0] Failed to allocate device memory: INTERNAL: [0] Failed to allocate 19.21GiB (20625489920 bytes) of device memory: : CUDA_ERROR_OUT_OF_MEMORY: out of memory
[36m(PPOActor pid=27443)[0m E0723 16:25:12.915940   27873 cuda_executor.cc:1210] [0] Failed to allocate device memory: INTERNAL: [0] Failed to allocate 19.21GiB (20625489920 bytes) of device memory: : CUDA_ERROR_OUT_OF_MEMORY: out of memory
[36m(PPOActor pid=27443)[0m E0723 16:25:12.916236   27873 cuda_executor.cc:1210] [0] Failed to allocate device memory: INTERNAL: [0] Failed to allocate 19.21GiB (20625489920 bytes) of device memory: : CUDA_ERROR_OUT_OF_MEMORY: out of memory
[36m(PPOActor pid=27443)[0m E0723 16:25:12.916557   27873 cuda_executor.cc:1210] [0] Failed to allocate device memory: INTERNAL: [0] Failed to allocate 19.21GiB (20625489920 bytes) of device memory: : CUDA_ERROR_OUT_OF_MEMORY: out of memory
[36m(PPOActor pid=27443)[0m E0723 16:25:12.916828   27873 cuda_executor.cc:1210] [0] Failed to allocate device memory: INTERNAL: [0] Failed to allocate 19.21GiB (20625489920 bytes) of device memory: : CUDA_ERROR_OUT_OF_MEMORY: out of memory
[36m(PPOActor pid=27443)[0m E0723 16:25:12.917059   27873 cuda_executor.cc:1210] [0] Failed to allocate device memory: INTERNAL: [0] Failed to allocate 19.21GiB (20625489920 bytes) of device memory: : CUDA_ERROR_OUT_OF_MEMORY: out of memory
[36m(PPOActor pid=27443)[0m E0723 16:25:12.917312   27873 cuda_executor.cc:1210] [0] Failed to allocate device memory: INTERNAL: [0] Failed to allocate 19.21GiB (20625489920 bytes) of device memory: : CUDA_ERROR_OUT_OF_MEMORY: out of memory
[36m(PPOActor pid=27443)[0m E0723 16:25:12.917557   27873 cuda_executor.cc:1210] [0] Failed to allocate device memory: INTERNAL: [0] Failed to allocate 19.21GiB (20625489920 bytes) of device memory: : CUDA_ERROR_OUT_OF_MEMORY: out of memory
[36m(PPOActor pid=27443)[0m E0723 16:25:13.349020   27849 cuda_executor.cc:1210] [0] Failed to allocate device memory: INTERNAL: [0] Failed to allocate 21.40GiB (22983508224 bytes) of device memory: : CUDA_ERROR_OUT_OF_MEMORY: out of memory
[36m(PPOActor pid=27443)[0m E0723 16:25:13.349577   27849 cuda_executor.cc:1210] [0] Failed to allocate device memory: INTERNAL: [0] Failed to allocate 21.40GiB (22983508224 bytes) of device memory: : CUDA_ERROR_OUT_OF_MEMORY: out of memory
[36m(PPOActor pid=27443)[0m E0723 16:25:13.350045   27849 cuda_executor.cc:1210] [0] Failed to allocate device memory: INTERNAL: [0] Failed to allocate 21.40GiB (22983508224 bytes) of device memory: : CUDA_ERROR_OUT_OF_MEMORY: out of memory
[36m(PPOActor pid=27443)[0m E0723 16:25:13.350533   27849 cuda_executor.cc:1210] [0] Failed to allocate device memory: INTERNAL: [0] Failed to allocate 21.40GiB (22983508224 bytes) of device memory: : CUDA_ERROR_OUT_OF_MEMORY: out of memory
[36m(PPOActor pid=27443)[0m E0723 16:25:13.350996   27849 cuda_executor.cc:1210] [0] Failed to allocate device memory: INTERNAL: [0] Failed to allocate 21.40GiB (22983508224 bytes) of device memory: : CUDA_ERROR_OUT_OF_MEMORY: out of memory
[36m(PPOActor pid=27443)[0m W0723 16:25:13.351013   27849 autotuner.cc:640] No reference output found even though buffer checking 
[36m(PPOActor pid=27443)[0m E0723 16:25:14.793417   27849 cuda_executor.cc:1210] [0] Failed to allocate device memory: INTERNAL: [0] Failed to allocate 21.40GiB (22983508224 bytes) of device memory: : CUDA_ERROR_OUT_OF_MEMORY: out of memory
[36m(PPOActor pid=27443)[0m E0723 16:25:14.793640   27849 cuda_executor.cc:1210] [0] Failed to allocate device memory: INTERNAL: [0] Failed to allocate 21.40GiB (22983508224 bytes) of device memory: : CUDA_ERROR_OUT_OF_MEMORY: out of memory
[36m(PPOActor pid=27443)[0m E0723 16:25:14.793811   27849 cuda_executor.cc:1210] [0] Failed to allocate device memory: INTERNAL: [0] Failed to allocate 21.40GiB (22983508224 bytes) of device memory: : CUDA_ERROR_OUT_OF_MEMORY: out of memory
[36m(PPOActor pid=27443)[0m E0723 16:25:14.793982   27849 cuda_executor.cc:1210] [0] Failed to allocate device memory: INTERNAL: [0] Failed to allocate 21.40GiB (22983508224 bytes) of device memory: : CUDA_ERROR_OUT_OF_MEMORY: out of memory
[36m(PPOActor pid=27443)[0m E0723 16:25:14.794164   27849 cuda_executor.cc:1210] [0] Failed to allocate device memory: INTERNAL: [0] Failed to allocate 21.40GiB (22983508224 bytes) of device memory: : CUDA_ERROR_OUT_OF_MEMORY: out of memory
[36m(PPOActor pid=27443)[0m E0723 16:25:15.341330   27872 cuda_executor.cc:1210] [0] Failed to allocate device memory: INTERNAL: [0] Failed to allocate 2.19GiB (2348810240 bytes) of device memory: : CUDA_ERROR_OUT_OF_MEMORY: out of memory
[36m(PPOActor pid=27443)[0m E0723 16:25:15.341530   27872 cuda_executor.cc:1210] [0] Failed to allocate device memory: INTERNAL: [0] Failed to allocate 2.19GiB (2348810240 bytes) of device memory: : CUDA_ERROR_OUT_OF_MEMORY: out of memory
[36m(PPOActor pid=27443)[0m E0723 16:25:15.341689   27872 cuda_executor.cc:1210] [0] Failed to allocate device memory: INTERNAL: [0] Failed to allocate 2.19GiB (2348810240 bytes) of device memory: : CUDA_ERROR_OUT_OF_MEMORY: out of memory
[36m(PPOActor pid=27443)[0m E0723 16:25:15.341848   27872 cuda_executor.cc:1210] [0] Failed to allocate device memory: INTERNAL: [0] Failed to allocate 2.19GiB (2348810240 bytes) of device memory: : CUDA_ERROR_OUT_OF_MEMORY: out of memory
[36m(PPOActor pid=27443)[0m E0723 16:25:15.342029   27872 cuda_executor.cc:1210] [0] Failed to allocate device memory: INTERNAL: [0] Failed to allocate 2.19GiB (2348810240 bytes) of device memory: : CUDA_ERROR_OUT_OF_MEMORY: out of memory
[36m(PPOActor pid=27443)[0m E0723 16:25:15.342201   27872 cuda_executor.cc:1210] [0] Failed to allocate device memory: INTERNAL: [0] Failed to allocate 2.19GiB (2348810240 bytes) of device memory: : CUDA_ERROR_OUT_OF_MEMORY: out of memory
[36m(PPOActor pid=27443)[0m E0723 16:25:15.342372   27872 cuda_executor.cc:1210] [0] Failed to allocate device memory: INTERNAL: [0] Failed to allocate 2.19GiB (2348810240 bytes) of device memory: : CUDA_ERROR_OUT_OF_MEMORY: out of memory
[36m(PPOActor pid=27443)[0m E0723 16:25:15.342526   27872 cuda_executor.cc:1210] [0] Failed to allocate device memory: INTERNAL: [0] Failed to allocate 2.19GiB (2348810240 bytes) of device memory: : CUDA_ERROR_OUT_OF_MEMORY: out of memory
[36m(PPOActor pid=27443)[0m E0723 16:25:15.342686   27872 cuda_executor.cc:1210] [0] Failed to allocate device memory: INTERNAL: [0] Failed to allocate 2.19GiB (2348810240 bytes) of device memory: : CUDA_ERROR_OUT_OF_MEMORY: out of memory
[36m(PPOActor pid=27443)[0m E0723 16:25:15.342846   27872 cuda_executor.cc:1210] [0] Failed to allocate device memory: INTERNAL: [0] Failed to allocate 2.19GiB (2348810240 bytes) of device memory: : CUDA_ERROR_OUT_OF_MEMORY: out of memory
[36m(PPOActor pid=27443)[0m E0723 16:25:15.343002   27872 cuda_executor.cc:1210] [0] Failed to allocate device memory: INTERNAL: [0] Failed to allocate 2.19GiB (2348810240 bytes) of device memory: : CUDA_ERROR_OUT_OF_MEMORY: out of memory
[36m(PPOActor pid=27443)[0m E0723 16:25:15.343162   27872 cuda_executor.cc:1210] [0] Failed to allocate device memory: INTERNAL: [0] Failed to allocate 2.19GiB (2348810240 bytes) of device memory: : CUDA_ERROR_OUT_OF_MEMORY: out of memory
[36m(PPOActor pid=27443)[0m E0723 16:25:15.343330   27872 cuda_executor.cc:1210] [0] Failed to allocate device memory: INTERNAL: [0] Failed to allocate 2.19GiB (2348810240 bytes) of device memory: : CUDA_ERROR_OUT_OF_MEMORY: out of memory
[36m(PPOActor pid=27443)[0m E0723 16:25:15.343488   27872 cuda_executor.cc:1210] [0] Failed to allocate device memory: INTERNAL: [0] Failed to allocate 2.19GiB (2348810240 bytes) of device memory: : CUDA_ERROR_OUT_OF_MEMORY: out of memory
[36m(PPOActor pid=27443)[0m E0723 16:25:15.343643   27872 cuda_executor.cc:1210] [0] Failed to allocate device memory: INTERNAL: [0] Failed to allocate 2.19GiB (2348810240 bytes) of device memory: : CUDA_ERROR_OUT_OF_MEMORY: out of memory
[36m(PPOActor pid=27443)[0m E0723 16:25:15.343797   27872 cuda_executor.cc:1210] [0] Failed to allocate device memory: INTERNAL: [0] Failed to allocate 2.19GiB (2348810240 bytes) of device memory: : CUDA_ERROR_OUT_OF_MEMORY: out of memory
[36m(PPOActor pid=27443)[0m E0723 16:25:15.343950   27872 cuda_executor.cc:1210] [0] Failed to allocate device memory: INTERNAL: [0] Failed to allocate 2.19GiB (2348810240 bytes) of device memory: : CUDA_ERROR_OUT_OF_MEMORY: out of memory
[36m(PPOActor pid=27443)[0m E0723 16:25:15.344080   27872 cuda_executor.cc:1210] [0] Failed to allocate device memory: INTERNAL: [0] Failed to allocate 2.19GiB (2348810240 bytes) of device memory: : CUDA_ERROR_OUT_OF_MEMORY: out of memory
[36m(PPOActor pid=27443)[0m E0723 16:25:15.344217   27872 cuda_executor.cc:1210] [0] Failed to allocate device memory: INTERNAL: [0] Failed to allocate 2.19GiB (2348810240 bytes) of device memory: : CUDA_ERROR_OUT_OF_MEMORY: out of memory
[36m(PPOActor pid=27443)[0m E0723 16:25:15.344371   27872 cuda_executor.cc:1210] [0] Failed to allocate device memory: INTERNAL: [0] Failed to allocate 2.19GiB (2348810240 bytes) of device memory: : CUDA_ERROR_OUT_OF_MEMORY: out of memory
[36m(PPOActor pid=27443)[0m E0723 16:25:15.344509   27872 cuda_executor.cc:1210] [0] Failed to allocate device memory: INTERNAL: [0] Failed to allocate 2.19GiB (2348810240 bytes) of device memory: : CUDA_ERROR_OUT_OF_MEMORY: out of memory
[36m(PPOActor pid=27443)[0m E0723 16:25:15.344641   27872 cuda_executor.cc:1210] [0] Failed to allocate device memory: INTERNAL: [0] Failed to allocate 2.19GiB (2348810240 bytes) of device memory: : CUDA_ERROR_OUT_OF_MEMORY: out of memory
[36m(PPOActor pid=27443)[0m E0723 16:25:19.837214   27843 cuda_executor.cc:1210] [0] Failed to allocate device memory: INTERNAL: [0] Failed to allocate 2.19GiB (2348810496 bytes) of device memory: : CUDA_ERROR_OUT_OF_MEMORY: out of memory
[36m(PPOActor pid=27443)[0m E0723 16:25:19.837369   27843 cuda_executor.cc:1210] [0] Failed to allocate device memory: INTERNAL: [0] Failed to allocate 2.19GiB (2348810240 bytes) of device memory: : CUDA_ERROR_OUT_OF_MEMORY: out of memory
[36m(PPOActor pid=27443)[0m E0723 16:25:19.837480   27843 cuda_executor.cc:1210] [0] Failed to allocate device memory: INTERNAL: [0] Failed to allocate 2.19GiB (2348810240 bytes) of device memory: : CUDA_ERROR_OUT_OF_MEMORY: out of memory
[36m(PPOActor pid=27443)[0m E0723 16:25:19.837570   27843 cuda_executor.cc:1210] [0] Failed to allocate device memory: INTERNAL: [0] Failed to allocate 2.19GiB (2348810240 bytes) of device memory: : CUDA_ERROR_OUT_OF_MEMORY: out of memory
[36m(PPOActor pid=27443)[0m W0723 16:25:19.837576   27843 autotuner.cc:640] No reference output found even though buffer checking 
[36m(PPOActor pid=27443)[0m E0723 16:25:19.837671   27843 cuda_executor.cc:1210] [0] Failed to allocate device memory: INTERNAL: [0] Failed to allocate 2.19GiB (2348810240 bytes) of device memory: : CUDA_ERROR_OUT_OF_MEMORY: out of memory
[36m(PPOActor pid=27443)[0m E0723 16:25:19.837765   27843 cuda_executor.cc:1210] [0] Failed to allocate device memory: INTERNAL: [0] Failed to allocate 2.19GiB (2348810240 bytes) of device memory: : CUDA_ERROR_OUT_OF_MEMORY: out of memory
[36m(PPOActor pid=27443)[0m E0723 16:25:19.837859   27843 cuda_executor.cc:1210] [0] Failed to allocate device memory: INTERNAL: [0] Failed to allocate 2.19GiB (2348810240 bytes) of device memory: : CUDA_ERROR_OUT_OF_MEMORY: out of memory
[36m(PPOActor pid=27443)[0m E0723 16:25:19.837949   27843 cuda_executor.cc:1210] [0] Failed to allocate device memory: INTERNAL: [0] Failed to allocate 2.19GiB (2348810240 bytes) of device memory: : CUDA_ERROR_OUT_OF_MEMORY: out of memory
[36m(PPOActor pid=27443)[0m E0723 16:25:19.838040   27843 cuda_executor.cc:1210] [0] Failed to allocate device memory: INTERNAL: [0] Failed to allocate 2.19GiB (2348810240 bytes) of device memory: : CUDA_ERROR_OUT_OF_MEMORY: out of memory
[36m(PPOActor pid=27443)[0m E0723 16:25:19.838142   27843 cuda_executor.cc:1210] [0] Failed to allocate device memory: INTERNAL: [0] Failed to allocate 2.19GiB (2348810240 bytes) of device memory: : CUDA_ERROR_OUT_OF_MEMORY: out of memory
[36m(PPOActor pid=27443)[0m E0723 16:25:19.838242   27843 cuda_executor.cc:1210] [0] Failed to allocate device memory: INTERNAL: [0] Failed to allocate 2.19GiB (2348810240 bytes) of device memory: : CUDA_ERROR_OUT_OF_MEMORY: out of memory
[36m(PPOActor pid=27443)[0m E0723 16:25:19.838337   27843 cuda_executor.cc:1210] [0] Failed to allocate device memory: INTERNAL: [0] Failed to allocate 2.19GiB (2348810240 bytes) of device memory: : CUDA_ERROR_OUT_OF_MEMORY: out of memory
[36m(PPOActor pid=27443)[0m E0723 16:25:19.838426   27843 cuda_executor.cc:1210] [0] Failed to allocate device memory: INTERNAL: [0] Failed to allocate 2.19GiB (2348810240 bytes) of device memory: : CUDA_ERROR_OUT_OF_MEMORY: out of memory
[36m(PPOActor pid=27443)[0m E0723 16:25:19.838519   27843 cuda_executor.cc:1210] [0] Failed to allocate device memory: INTERNAL: [0] Failed to allocate 2.19GiB (2348810240 bytes) of device memory: : CUDA_ERROR_OUT_OF_MEMORY: out of memory
[36m(PPOActor pid=27443)[0m E0723 16:25:19.838612   27843 cuda_executor.cc:1210] [0] Failed to allocate device memory: INTERNAL: [0] Failed to allocate 2.19GiB (2348810240 bytes) of device memory: : CUDA_ERROR_OUT_OF_MEMORY: out of memory
[36m(PPOActor pid=27443)[0m E0723 16:25:19.838714   27843 cuda_executor.cc:1210] [0] Failed to allocate device memory: INTERNAL: [0] Failed to allocate 2.19GiB (2348810240 bytes) of device memory: : CUDA_ERROR_OUT_OF_MEMORY: out of memory
[36m(PPOActor pid=27443)[0m E0723 16:25:19.838808   27843 cuda_executor.cc:1210] [0] Failed to allocate device memory: INTERNAL: [0] Failed to allocate 2.19GiB (2348810240 bytes) of device memory: : CUDA_ERROR_OUT_OF_MEMORY: out of memory
[36m(PPOActor pid=27443)[0m E0723 16:25:19.838902   27843 cuda_executor.cc:1210] [0] Failed to allocate device memory: INTERNAL: [0] Failed to allocate 2.19GiB (2348810240 bytes) of device memory: : CUDA_ERROR_OUT_OF_MEMORY: out of memory
[36m(PPOActor pid=27443)[0m E0723 16:25:19.838990   27843 cuda_executor.cc:1210] [0] Failed to allocate device memory: INTERNAL: [0] Failed to allocate 2.19GiB (2348810240 bytes) of device memory: : CUDA_ERROR_OUT_OF_MEMORY: out of memory
[36m(PPOActor pid=27443)[0m E0723 16:25:19.839083   27843 cuda_executor.cc:1210] [0] Failed to allocate device memory: INTERNAL: [0] Failed to allocate 2.19GiB (2348810240 bytes) of device memory: : CUDA_ERROR_OUT_OF_MEMORY: out of memory
[36m(PPOActor pid=27443)[0m E0723 16:25:19.839187   27843 cuda_executor.cc:1210] [0] Failed to allocate device memory: INTERNAL: [0] Failed to allocate 2.19GiB (2348810240 bytes) of device memory: : CUDA_ERROR_OUT_OF_MEMORY: out of memory
[36m(PPOActor pid=27443)[0m E0723 16:25:19.839283   27843 cuda_executor.cc:1210] [0] Failed to allocate device memory: INTERNAL: [0] Failed to allocate 2.19GiB (2348810240 bytes) of device memory: : CUDA_ERROR_OUT_OF_MEMORY: out of memory
[36m(PPOActor pid=27443)[0m E0723 16:25:19.839359   27843 cuda_executor.cc:1210] [0] Failed to allocate device memory: INTERNAL: [0] Failed to allocate 2.19GiB (2348810240 bytes) of device memory: : CUDA_ERROR_OUT_OF_MEMORY: out of memory
[36m(PPOActor pid=27443)[0m E0723 16:25:19.839437   27843 cuda_executor.cc:1210] [0] Failed to allocate device memory: INTERNAL: [0] Failed to allocate 2.19GiB (2348810240 bytes) of device memory: : CUDA_ERROR_OUT_OF_MEMORY: out of memory
[36m(PPOActor pid=27443)[0m E0723 16:25:19.839507   27843 cuda_executor.cc:1210] [0] Failed to allocate device memory: INTERNAL: [0] Failed to allocate 2.19GiB (2348810240 bytes) of device memory: : CUDA_ERROR_OUT_OF_MEMORY: out of memory
[36m(PPOActor pid=27443)[0m E0723 16:25:19.839580   27843 cuda_executor.cc:1210] [0] Failed to allocate device memory: INTERNAL: [0] Failed to allocate 2.19GiB (2348810240 bytes) of device memory: : CUDA_ERROR_OUT_OF_MEMORY: out of memory
[36m(PPOActor pid=27443)[0m E0723 16:25:19.851000   27443 autotuner.cc:460] Could not get config for HLO: %gemm_fusion_dot.89 = f32[4587520,4,32]{2,1,0} fusion(%bitcast.3646, %bitcast.3470), kind=kCustom, calls=
[36m(PPOActor pid=27443)[0m (parameter_0.96: f32[4,4587520,281], parameter_1.96: f32[281,4,32]) -> f32[4587520,4,32] {
[36m(PPOActor pid=27443)[0m   %parameter_0.96 = f32[4,4587520,281]{2,1,0} parameter(0)
[36m(PPOActor pid=27443)[0m   %parameter_1.96 = f32[281,4,32]{2,1,0} parameter(1)
[36m(PPOActor pid=27443)[0m   %dot.522 = f32[4,4587520,32]{2,1,0} dot(%parameter_0.96, %parameter_1.96), lhs_batch_dims={0}, lhs_contracting_dims={2}, rhs_batch_dims={1}, rhs_contracting_dims={0}, metadata={op_name="jit(update_step)/transpose(jvp(vmap(eqx.nn.MultiheadAttention)))/vmap(sd,Sd->sS)/dot_general" stack_frame_id=900}
[36m(PPOActor pid=27443)[0m   ROOT %transpose.1270 = f32[4587520,4,32]{2,1,0} transpose(%dot.522), dimensions={1,0,2}, metadata={op_name="jit(update_step)/transpose(jvp(vmap(eqx.nn.MultiheadAttention)))/vmap(sd,Sd->sS)/transpose" stack_frame_id=900}
[36m(PPOActor pid=27443)[0m }, metadata={op_name="jit(update_step)/transpose(jvp(vmap(eqx.nn.MultiheadAttention)))/vmap(sd,Sd->sS)/dot_general" stack_frame_id=900}, backend_config={"operation_queue_id":"0","fusion_backend_config":{"kind":"__triton_gemm"},"force_earliest_schedule":false,"reification_cost":[],"device_type":"DEVICE_TYPE_INVALID"}. Status: INTERNAL: Autotuning failed for HLO: %gemm_fusion_dot.89 = f32[4587520,4,32]{2,1,0} fusion(%bitcast.3646, %bitcast.3470), kind=kCustom, calls=%gemm_fusion_dot.89_computation, metadata={op_name="jit(update_step)/transpose(jvp(vmap(eqx.nn.MultiheadAttention)))/vmap(sd,Sd->sS)/dot_general" stack_frame_id=900}, backend_config={"operation_queue_id":"0","fusion_backend_config":{"kind":"__triton_gemm"},"force_earliest_schedule":false,"reification_cost":[],"device_type":"DEVICE_TYPE_INVALID"}. Failed to pick best config: All configs failed during profiling.
[36m(PPOActor pid=27443)[0m Failures (22):
[36m(PPOActor pid=27443)[0m EXECUTION FAILED: RESOURCE_EXHAUSTED: Failed to allocate request for 2.19GiB (2348810240B) on device ordinal 0
[36m(PPOActor pid=27443)[0m EXECUTION FAILED: RESOURCE_EXHAUSTED: Failed to allocate request for 2.19GiB (2348810240B) on device ordinal 0
[36m(PPOActor pid=27443)[0m EXECUTION FAILED: RESOURCE_EXHAUSTED: Failed to allocate request for 2.19GiB (2348810240B) on device ordinal 0
[36m(PPOActor pid=27443)[0m EXECUTION FAILED: RESOURCE_EXHAUSTED: Failed to allocate request for 2.19GiB (2348810240B) on device ordinal 0
[36m(PPOActor pid=27443)[0m EXECUTION FAILED: RESOURCE_EXHAUSTED: Failed to allocate request for 2.19GiB (2348810240B) on device ordinal 0
[36m(PPOActor pid=27443)[0m EXECUTION FAILED: RESOURCE_EXHAUSTED: Failed to allocate request for 2.19GiB (2348810240B) on device ordinal 0
[36m(PPOActor pid=27443)[0m EXECUTION FAILED: RESOURCE_EXHAUSTED: Failed to allocate request for 2.19GiB (2348810240B) on device ordinal 0
[36m(PPOActor pid=27443)[0m EXECUTION FAILED: RESOURCE_EXHAUSTED: Failed to allocate request for 2.19GiB (2348810240B) on device ordinal 0
[36m(PPOActor pid=27443)[0m EXECUTION FAILED: RESOURCE_EXHAUSTED: Failed to allocate request for 2.19GiB (2348810240B) on device ordinal 0
[36m(PPOActor pid=27443)[0m EXECUTION FAILED: RESOURCE_EXHAUSTED: Failed to allocate request for 2.19GiB (2348810240B) on device ordinal 0
[36m(PPOActor pid=27443)[0m EXECUTION FAILED: RESOURCE_EXHAUSTED: Failed to allocate request for 2.19GiB (2348810240B) on device ordinal 0
[36m(PPOActor pid=27443)[0m EXECUTION FAILED: RESOURCE_EXHAUSTED: Failed to allocate request for 2.19GiB (2348810240B) on device ordinal 0
[36m(PPOActor pid=27443)[0m EXECUTION FAILED: RESOURCE_EXHAUSTED: Failed to allocate request for 2.19GiB (2348810240B) on device ordinal 0
[36m(PPOActor pid=27443)[0m EXECUTION FAILED: RESOURCE_EXHAUSTED: Failed to allocate request for 2.19GiB (2348810240B) on device ordinal 0
[36m(PPOActor pid=27443)[0m EXECUTION FAILED: RESOURCE_EXHAUSTED: Failed to allocate request for 2.19GiB (2348810240B) on device ordinal 0
[36m(PPOActor pid=27443)[0m EXECUTION FAILED: RESOURCE_EXHAUSTED: Failed to allocate request for 2.19GiB (2348810240B) on device ordinal 0
[36m(PPOActor pid=27443)[0m EXECUTION FAILED: RESOURCE_EXHAUSTED: Failed to allocate request for 2.19GiB (2348810240B) on device ordinal 0
[36m(PPOActor pid=27443)[0m EXECUTION FAILED: RESOURCE_EXHAUSTED: Failed to allocate request for 2.19GiB (2348810240B) on device ordinal 0
[36m(PPOActor pid=27443)[0m EXECUTION FAILED: RESOURCE_EXHAUSTED: Failed to allocate request for 2.19GiB (2348810240B) on device ordinal 0
[36m(PPOActor pid=27443)[0m EXECUTION FAILED: RESOURCE_EXHAUSTED: Failed to allocate request for 2.19GiB (2348810240B) on device ordinal 0
[36m(PPOActor pid=27443)[0m EXECUTION FAILED: RESOURCE_EXHAUSTED: Failed to allocate request for 2.19GiB (2348810240B) on device ordinal 0
[36m(PPOActor pid=27443)[0m EXECUTION FAILED: RESOURCE_EXHAUSTED: Failed to allocate request for 2.19GiB (2348810240B) on device ordinal 0
[36m(PPOActor pid=27443)[0m E0723 16:25:19.851243   27443 autotuner.cc:460] Could not get config for HLO: %gemm_fusion_dot.372 = f32[1120,32,16384]{2,1,0} fusion(%bitcast.3637, %bitcast.3559), kind=kCustom, calls=
[36m(PPOActor pid=27443)[0m (parameter_0.93: f32[1120,281,32], parameter_1.93: f32[1120,281,16384]) -> f32[1120,32,16384] {
[36m(PPOActor pid=27443)[0m   %parameter_1.93 = f32[1120,281,16384]{2,1,0} parameter(1)
[36m(PPOActor pid=27443)[0m   %parameter_0.93 = f32[1120,281,32]{2,1,0} parameter(0)
[36m(PPOActor pid=27443)[0m   %dot.622 = f32[1120,16384,32]{1,2,0} dot(%parameter_1.93, %parameter_0.93), lhs_batch_dims={0}, lhs_contracting_dims={1}, rhs_batch_dims={0}, rhs_contracting_dims={1}, metadata={op_name="jit(update_step)/transpose(jvp(vmap(eqx.nn.MultiheadAttention)))/vmap(sS,Sd->sd)/dot_general" stack_frame_id=915}
[36m(PPOActor pid=27443)[0m   ROOT %bitcast.3816 = f32[1120,32,16384]{2,1,0} bitcast(%dot.622), metadata={op_name="jit(update_step)/transpose(jvp(vmap(eqx.nn.MultiheadAttention)))/vmap(sS,Sd->sd)/dot_general" stack_frame_id=915}
[36m(PPOActor pid=27443)[0m }, metadata={op_name="jit(update_step)/transpose(jvp(vmap(eqx.nn.MultiheadAttention)))/vmap(sS,Sd->sd)/dot_general" stack_frame_id=915}, backend_config={"operation_queue_id":"0","fusion_backend_config":{"kind":"__triton_gemm"},"force_earliest_schedule":false,"reification_cost":[],"device_type":"DEVICE_TYPE_INVALID"}. Status: INTERNAL: Autotuning failed for HLO: %gemm_fusion_dot.372 = f32[1120,32,16384]{2,1,0} fusion(%bitcast.3637, %bitcast.3559), kind=kCustom, calls=%gemm_fusion_dot.372_computation, metadata={op_name="jit(update_step)/transpose(jvp(vmap(eqx.nn.MultiheadAttention)))/vmap(sS,Sd->sd)/dot_general" stack_frame_id=915}, backend_config={"operation_queue_id":"0","fusion_backend_config":{"kind":"__triton_gemm"},"force_earliest_schedule":false,"reification_cost":[],"device_type":"DEVICE_TYPE_INVALID"}. Failed to pick best config: All configs failed during profiling.
[36m(PPOActor pid=27443)[0m Failures (22):
[36m(PPOActor pid=27443)[0m EXECUTION FAILED: RESOURCE_EXHAUSTED: Failed to allocate request for 2.19GiB (2348810240B) on device ordinal 0
[36m(PPOActor pid=27443)[0m EXECUTION FAILED: RESOURCE_EXHAUSTED: Failed to allocate request for 2.19GiB (2348810240B) on device ordinal 0
[36m(PPOActor pid=27443)[0m EXECUTION FAILED: RESOURCE_EXHAUSTED: Failed to allocate request for 2.19GiB (2348810240B) on device ordinal 0
[36m(PPOActor pid=27443)[0m EXECUTION FAILED: RESOURCE_EXHAUSTED: Failed to allocate request for 2.19GiB (2348810240B) on device ordinal 0
[36m(PPOActor pid=27443)[0m EXECUTION FAILED: RESOURCE_EXHAUSTED: Failed to allocate request for 2.19GiB (2348810240B) on device ordinal 0
[36m(PPOActor pid=27443)[0m EXECUTION FAILED: RESOURCE_EXHAUSTED: Failed to allocate request for 2.19GiB (2348810240B) on device ordinal 0
[36m(PPOActor pid=27443)[0m EXECUTION FAILED: RESOURCE_EXHAUSTED: Failed to allocate request for 2.19GiB (2348810240B) on device ordinal 0
[36m(PPOActor pid=27443)[0m EXECUTION FAILED: RESOURCE_EXHAUSTED: Failed to allocate request for 2.19GiB (2348810240B) on device ordinal 0
[36m(PPOActor pid=27443)[0m EXECUTION FAILED: RESOURCE_EXHAUSTED: Failed to allocate request for 2.19GiB (2348810240B) on device ordinal 0
[36m(PPOActor pid=27443)[0m EXECUTION FAILED: RESOURCE_EXHAUSTED: Failed to allocate request for 2.19GiB (2348810240B) on device ordinal 0
[36m(PPOActor pid=27443)[0m EXECUTION FAILED: RESOURCE_EXHAUSTED: Failed to allocate request for 2.19GiB (2348810240B) on device ordinal 0
[36m(PPOActor pid=27443)[0m EXECUTION FAILED: RESOURCE_EXHAUSTED: Failed to allocate request for 2.19GiB (2348810240B) on device ordinal 0
[36m(PPOActor pid=27443)[0m EXECUTION FAILED: RESOURCE_EXHAUSTED: Failed to allocate request for 2.19GiB (2348810240B) on device ordinal 0
[36m(PPOActor pid=27443)[0m EXECUTION FAILED: RESOURCE_EXHAUSTED: Failed to allocate request for 2.19GiB (2348810240B) on device ordinal 0
[36m(PPOActor pid=27443)[0m EXECUTION FAILED: RESOURCE_EXHAUSTED: Failed to allocate request for 2.19GiB (2348810240B) on device ordinal 0
[36m(PPOActor pid=27443)[0m EXECUTION FAILED: RESOURCE_EXHAUSTED: Failed to allocate request for 2.19GiB (2348810240B) on device ordinal 0
[36m(PPOActor pid=27443)[0m EXECUTION FAILED: RESOURCE_EXHAUSTED: Failed to allocate request for 2.19GiB (2348810240B) on device ordinal 0
[36m(PPOActor pid=27443)[0m EXECUTION FAILED: RESOURCE_EXHAUSTED: Failed to allocate request for 2.19GiB (2348810240B) on device ordinal 0
[36m(PPOActor pid=27443)[0m EXECUTION FAILED: RESOURCE_EXHAUSTED: Failed to allocate request for 2.19GiB (2348810240B) on device ordinal 0
[36m(PPOActor pid=27443)[0m EXECUTION FAILED: RESOURCE_EXHAUSTED: Failed to allocate request for 2.19GiB (2348810240B) on device ordinal 0
[36m(PPOActor pid=27443)[0m EXECUTION FAILED: RESOURCE_EXHAUSTED: Failed to allocate request for 2.19GiB (2348810240B) on device ordinal 0
[36m(PPOActor pid=27443)[0m EXECUTION FAILED: RESOURCE_EXHAUSTED: Failed to allocate request for 2.19GiB (2348810240B) on device ordinal 0
[36m(PPOActor pid=27443)[0m E0723 16:25:19.851283   27443 autotuner.cc:460] Could not get config for HLO: %gemm_fusion_dot.76 = f32[4,281,4587520]{2,1,0} fusion(%bitcast.3470, %bitcast.3549), kind=kCustom, calls=
[36m(PPOActor pid=27443)[0m (parameter_0.46: f32[281,4,32], parameter_1.46: f32[4587520,4,32]) -> f32[4,281,4587520] {
[36m(PPOActor pid=27443)[0m   %parameter_0.46 = f32[281,4,32]{2,1,0} parameter(0)
[36m(PPOActor pid=27443)[0m   %parameter_1.46 = f32[4587520,4,32]{2,1,0} parameter(1)
[36m(PPOActor pid=27443)[0m   ROOT %dot.482 = f32[4,281,4587520]{2,1,0} dot(%parameter_0.46, %parameter_1.46), lhs_batch_dims={1}, lhs_contracting_dims={2}, rhs_batch_dims={1}, rhs_contracting_dims={2}, metadata={op_name="jit(update_step)/jvp(vmap(eqx.nn.MultiheadAttention))/vmap(sd,Sd->sS)/dot_general" stack_frame_id=900}
[36m(PPOActor pid=27443)[0m }, metadata={op_name="jit(update_step)/jvp(vmap(eqx.nn.MultiheadAttention))/vmap(sd,Sd->sS)/dot_general" stack_frame_id=900}, backend_config={"operation_queue_id":"0","fusion_backend_config":{"kind":"__triton_gemm"},"force_earliest_schedule":false,"reification_cost":[],"device_type":"DEVICE_TYPE_INVALID"}. Status: INTERNAL: Autotuning failed for HLO: %gemm_fusion_dot.76 = f32[4,281,4587520]{2,1,0} fusion(%bitcast.3470, %bitcast.3549), kind=kCustom, calls=%gemm_fusion_dot.76_computation, metadata={op_name="jit(update_step)/jvp(vmap(eqx.nn.MultiheadAttention))/vmap(sd,Sd->sS)/dot_general" stack_frame_id=900}, backend_config={"operation_queue_id":"0","fusion_backend_config":{"kind":"__triton_gemm"},"force_earliest_schedule":false,"reification_cost":[],"device_type":"DEVICE_TYPE_INVALID"}. Failed to pick best config: All configs failed during profiling.
[36m(PPOActor pid=27443)[0m Failures (10):
[36m(PPOActor pid=27443)[0m EXECUTION FAILED: RESOURCE_EXHAUSTED: Failed to allocate request for 19.21GiB (20625489920B) on device ordinal 0
[36m(PPOActor pid=27443)[0m EXECUTION FAILED: RESOURCE_EXHAUSTED: Failed to allocate request for 19.21GiB (20625489920B) on device ordinal 0
[36m(PPOActor pid=27443)[0m EXECUTION FAILED: RESOURCE_EXHAUSTED: Failed to allocate request for 19.21GiB (20625489920B) on device ordinal 0
[36m(PPOActor pid=27443)[0m EXECUTION FAILED: RESOURCE_EXHAUSTED: Failed to allocate request for 19.21GiB (20625489920B) on device ordinal 0
[36m(PPOActor pid=27443)[0m EXECUTION FAILED: RESOURCE_EXHAUSTED: Failed to allocate request for 19.21GiB (20625489920B) on device ordinal 0
[36m(PPOActor pid=27443)[0m EXECUTION FAILED: RESOURCE_EXHAUSTED: Failed to allocate request for 19.21GiB (20625489920B) on device ordinal 0
[36m(PPOActor pid=27443)[0m EXECUTION FAILED: RESOURCE_EXHAUSTED: Failed to allocate request for 19.21GiB (20625489920B) on device ordinal 0
[36m(PPOActor pid=27443)[0m EXECUTION FAILED: RESOURCE_EXHAUSTED: Failed to allocate request for 19.21GiB (20625489920B) on device ordinal 0
[36m(PPOActor pid=27443)[0m EXECUTION FAILED: RESOURCE_EXHAUSTED: Failed to allocate request for 19.21GiB (20625489920B) on device ordinal 0
[36m(PPOActor pid=27443)[0m EXECUTION FAILED: RESOURCE_EXHAUSTED: Failed to allocate request for 19.21GiB (20625489920B) on device ordinal 0
[36m(PPOActor pid=27443)[0m E0723 16:25:19.851313   27443 autotuner.cc:460] Could not get config for HLO: %gemm_fusion_dot.373 = f32[1120,281,16384]{2,1,0} fusion(%bitcast.3637, %bitcast.3642), kind=kCustom, calls=
[36m(PPOActor pid=27443)[0m (parameter_0.95: f32[1120,281,32], parameter_1.95: f32[1120,32,16384]) -> f32[1120,281,16384] {
[36m(PPOActor pid=27443)[0m   %parameter_0.95 = f32[1120,281,32]{2,1,0} parameter(0)
[36m(PPOActor pid=27443)[0m   %parameter_1.95 = f32[1120,32,16384]{2,1,0} parameter(1)
[36m(PPOActor pid=27443)[0m   ROOT %dot.521 = f32[1120,281,16384]{2,1,0} dot(%parameter_0.95, %parameter_1.95), lhs_batch_dims={0}, lhs_contracting_dims={2}, rhs_batch_dims={0}, rhs_contracting_dims={1}, metadata={op_name="jit(update_step)/transpose(jvp(vmap(eqx.nn.MultiheadAttention)))/vmap(sS,Sd->sd)/dot_general" stack_frame_id=915}
[36m(PPOActor pid=27443)[0m }, metadata={op_name="jit(update_step)/transpose(jvp(vmap(eqx.nn.MultiheadAttention)))/vmap(sS,Sd->sd)/dot_general" stack_frame_id=915}, backend_config={"operation_queue_id":"0","fusion_backend_config":{"kind":"__triton_gemm"},"force_earliest_schedule":false,"reification_cost":[],"device_type":"DEVICE_TYPE_INVALID"}. Status: INTERNAL: Autotuning failed for HLO: %gemm_fusion_dot.373 = f32[1120,281,16384]{2,1,0} fusion(%bitcast.3637, %bitcast.3642), kind=kCustom, calls=%gemm_fusion_dot.373_computation, metadata={op_name="jit(update_step)/transpose(jvp(vmap(eqx.nn.MultiheadAttention)))/vmap(sS,Sd->sd)/dot_general" stack_frame_id=915}, backend_config={"operation_queue_id":"0","fusion_backend_config":{"kind":"__triton_gemm"},"force_earliest_schedule":false,"reification_cost":[],"device_type":"DEVICE_TYPE_INVALID"}. Failed to pick best config: All configs failed during profiling.
[36m(PPOActor pid=27443)[0m Failures (10):
[36m(PPOActor pid=27443)[0m EXECUTION FAILED: RESOURCE_EXHAUSTED: Failed to allocate request for 19.21GiB (20625489920B) on device ordinal 0
[36m(PPOActor pid=27443)[0m EXECUTION FAILED: RESOURCE_EXHAUSTED: Failed to allocate request for 19.21GiB (20625489920B) on device ordinal 0
[36m(PPOActor pid=27443)[0m EXECUTION FAILED: RESOURCE_EXHAUSTED: Failed to allocate request for 19.21GiB (20625489920B) on device ordinal 0
[36m(PPOActor pid=27443)[0m EXECUTION FAILED: RESOURCE_EXHAUSTED: Failed to allocate request for 19.21GiB (20625489920B) on device ordinal 0
[36m(PPOActor pid=27443)[0m EXECUTION FAILED: RESOURCE_EXHAUSTED: Failed to allocate request for 19.21GiB (20625489920B) on device ordinal 0
[36m(PPOActor pid=27443)[0m EXECUTION FAILED: RESOURCE_EXHAUSTED: Failed to allocate request for 19.21GiB (20625489920B) on device ordinal 0
[36m(PPOActor pid=27443)[0m EXECUTION FAILED: RESOURCE_EXHAUSTED: Failed to allocate request for 19.21GiB (20625489920B) on device ordinal 0
[36m(PPOActor pid=27443)[0m EXECUTION FAILED: RESOURCE_EXHAUSTED: Failed to allocate request for 19.21GiB (20625489920B) on device ordinal 0
[36m(PPOActor pid=27443)[0m EXECUTION FAILED: RESOURCE_EXHAUSTED: Failed to allocate request for 19.21GiB (20625489920B) on device ordinal 0
[36m(PPOActor pid=27443)[0m EXECUTION FAILED: RESOURCE_EXHAUSTED: Failed to allocate request for 19.21GiB (20625489920B) on device ordinal 0
Traceback (most recent call last):
  File "/Users/assmuth/dsnn/alphagrad/src/alphagrad/approx/ppo_ray.py", line 776, in <module>
    sys.exit(main())
             ~~~~^^
  File "/Users/assmuth/dsnn/alphagrad/src/alphagrad/approx/ppo_ray.py", line 770, in main
    rc = _run(args)
  File "/Users/assmuth/dsnn/alphagrad/src/alphagrad/approx/ppo_ray.py", line 561, in _run
    stats = ray.get(actor.run_rollout_and_train.remote(seed_counter))
  File "/Users/assmuth/dsnn/.venv/lib/python3.13/site-packages/ray/_private/auto_init_hook.py", line 22, in auto_init_wrapper
    return fn(*args, **kwargs)
  File "/Users/assmuth/dsnn/.venv/lib/python3.13/site-packages/ray/_private/client_mode_hook.py", line 107, in wrapper
    return func(*args, **kwargs)
  File "/Users/assmuth/dsnn/.venv/lib/python3.13/site-packages/ray/_private/worker.py", line 2980, in get
    values, debugger_breakpoint = worker.get_objects(
                                  ~~~~~~~~~~~~~~~~~~^
        object_refs, timeout, use_object_store=_use_object_store
        ^^^^^^^^^^^^^^^^^^^^^^^^^^^^^^^^^^^^^^^^^^^^^^^^^^^^^^^^
    )
    ^
  File "/Users/assmuth/dsnn/.venv/lib/python3.13/site-packages/ray/_private/worker.py", line 1023, in get_objects
    raise value.as_instanceof_cause()
ray.exceptions.RayTaskError(JaxRuntimeError): [36mray::PPOActor.run_rollout_and_train()[39m (pid=27443, ip=192.168.15.13, actor_id=850256c37a2cccba48b87b2201000000, repr=<alphagrad.approx.ppo_ray_actors.PPOActor object at 0x792f7bd2d550>)
  File "/Users/assmuth/dsnn/alphagrad/src/alphagrad/approx/ppo_ray_actors.py", line 71, in run_rollout_and_train
    return self._impl.run_rollout_and_train(int(rng_seed))
           ~~~~~~~~~~~~~~~~~~~~~~~~~~~~~~~~^^^^^^^^^^^^^^^
  File "/Users/assmuth/dsnn/alphagrad/src/alphagrad/approx/ppo_ray_worker.py", line 3186, in run_rollout_and_train
    agent, opt_state, aux = self._update_step(
                            ~~~~~~~~~~~~~~~~~^
        agent, opt_state, batch,
        ^^^^^^^^^^^^^^^^^^^^^^^^
    ...<2 lines>...
        _ent_coef_j,
        ^^^^^^^^^^^^
    )
    ^
  File "/Users/assmuth/dsnn/.venv/lib/python3.13/site-packages/equinox/_jit.py", line 209, in __call__
    return _call(self, False, args, kwargs)
  File "/Users/assmuth/dsnn/.venv/lib/python3.13/site-packages/equinox/_jit.py", line 263, in _call
    marker, _, _ = out = jit_wrapper._cached(
                         ~~~~~~~~~~~~~~~~~~~^
        dynamic_donate, dynamic_nodonate, static
        ^^^^^^^^^^^^^^^^^^^^^^^^^^^^^^^^^^^^^^^^
    )
    ^
jax.errors.JaxRuntimeError: INTERNAL: Failed to get configs for: 5 out of 82 instructions. See logs for all failures. Example failure: 
Autotuning failed for HLO: %gemm_fusion_dot.46 = f32[1024,4587520]{1,0} fusion(%dynamic_nodonate__first___22_.1, %bitcast.3487), kind=kCustom, calls=%gemm_fusion_dot.46_computation, metadata={op_name="jit(update_step)/jvp(vmap(vmap(eqx.nn.Linear)))/dot_general" stack_frame_id=879}, backend_config={"operation_queue_id":"0","fusion_backend_config":{"kind":"__triton_gemm"},"force_earliest_schedule":false,"reification_cost":[],"device_type":"DEVICE_TYPE_INVALID"}. Failed to pick best config: All configs failed during profiling.
Failures (21):
EXECUTION FAILED: RESOURCE_EXHAUSTED: Failed to allocate request for 17.50GiB (18790481920B) on device ordinal 0
EXECUTION FAILED: RESOURCE_EXHAUSTED: Failed to allocate request for 17.50GiB (18790481920B) on device ordinal 0
EXECUTION FAILED: RESOURCE_EXHAUSTED: Failed to allocate request for 17.50GiB (18790481920B) on device ordinal 0
EXECUTION FAILED: RESOURCE_EXHAUSTED: Failed to allocate request for 17.50GiB (18790481920B) on device ordinal 0
EXECUTION FAILED: RESOURCE_EXHAUSTED: Failed to allocate request for 17.50GiB (18790481920B) on device ordinal 0
EXECUTION FAILED: RESOURCE_EXHAUSTED: Failed to allocate request for 17.50GiB (18790481920B) on device ordinal 0
EXECUTION FAILED: RESOURCE_EXHAUSTED: Failed to allocate request for 17.50GiB (18790481920B) on device ordinal 0
EXECUTION FAILED: RESOURCE_EXHAUSTED: Failed to allocate request for 17.50GiB (18790481920B) on device ordinal 0
EXECUTION FAILED: RESOURCE_EXHAUSTED: Failed to allocate request for 17.50GiB (18790481920B) on device ordinal 0
EXECUTION FAILED: RESOURCE_EXHAUSTED: Failed to allocate request for 17.50GiB (18790481920B) on device ordinal 0
EXECUTION FAILED: RESOURCE_EXHAUSTED: Failed to allocate request for 17.50GiB (18790481920B) on device ordinal 0
EXECUTION FAILED: RESOURCE_EXHAUSTED: Failed to allocate request for 17.50GiB (18790481920B) on device ordinal 0
EXECUTION FAILED: RESOURCE_EXHAUSTED: Failed to allocate request for 17.50GiB (18790481920B) on device ordinal 0
EXECUTION FAILED: RESOURCE_EXHAUSTED: Failed to allocate request for 17.50GiB (18790481920B) on device ordinal 0
EXECUTION FAILED: RESOURCE_EXHAUSTED: Failed to allocate request for 17.50GiB (18790481920B) on device ordinal 0
EXECUTION FAILED: RESOURCE_EXHAUSTED: Failed to allocate request for 17.50GiB (18790481920B) on device ordinal 0
EXECUTION FAILED: RESOURCE_EXHAUSTED: Failed to allocate request for 17.50GiB (18790481920B) on device ordinal 0
EXECUTION FAILED: RESOURCE_EXHAUSTED: Failed to allocate request for 17.50GiB (18790481920B) on device ordinal 0
EXECUTION FAILED: RESOURCE_EXHAUSTED: Failed to allocate request for 17.50GiB (18790481920B) on device ordinal 0
EXECUTION FAILED: RESOURCE_EXHAUSTED: Failed to allocate request for 17.50GiB (18790481920B) on device ordinal 0
EXECUTION FAILED: RESOURCE_EXHAUSTED: Failed to allocate request for 17.50GiB (18790481920B) on device ordinal 0
--------------------
For simplicity, JAX has removed its internal frames from the traceback of the following exception. Set JAX_TRACEBACK_FILTERING=off to include these.
--------------------
For simplicity, JAX has removed its internal frames from the traceback of the following exception. Set JAX_TRACEBACK_FILTERING=off to include these.
Traceback (most recent call last):
  File "/Users/assmuth/dsnn/alphagrad/src/alphagrad/approx/ppo_ray.py", line 776, in <module>
    sys.exit(main())
             ~~~~^^
  File "/Users/assmuth/dsnn/alphagrad/src/alphagrad/approx/ppo_ray.py", line 770, in main
    rc = _run(args)
  File "/Users/assmuth/dsnn/alphagrad/src/alphagrad/approx/ppo_ray.py", line 561, in _run
    stats = ray.get(actor.run_rollout_and_train.remote(seed_counter))
  File "/Users/assmuth/dsnn/.venv/lib/python3.13/site-packages/ray/_private/auto_init_hook.py", line 22, in auto_init_wrapper
    return fn(*args, **kwargs)
  File "/Users/assmuth/dsnn/.venv/lib/python3.13/site-packages/ray/_private/client_mode_hook.py", line 107, in wrapper
    return func(*args, **kwargs)
  File "/Users/assmuth/dsnn/.venv/lib/python3.13/site-packages/ray/_private/worker.py", line 2980, in get
    values, debugger_breakpoint = worker.get_objects(
                                  ~~~~~~~~~~~~~~~~~~^
        object_refs, timeout, use_object_store=_use_object_store
        ^^^^^^^^^^^^^^^^^^^^^^^^^^^^^^^^^^^^^^^^^^^^^^^^^^^^^^^^
    )
    ^
  File "/Users/assmuth/dsnn/.venv/lib/python3.13/site-packages/ray/_private/worker.py", line 1023, in get_objects
    raise value.as_instanceof_cause()
ray.exceptions.RayTaskError(JaxRuntimeError): [36mray::PPOActor.run_rollout_and_train()[39m (pid=27443, ip=192.168.15.13, actor_id=850256c37a2cccba48b87b2201000000, repr=<alphagrad.approx.ppo_ray_actors.PPOActor object at 0x792f7bd2d550>)
  File "/Users/assmuth/dsnn/alphagrad/src/alphagrad/approx/ppo_ray_actors.py", line 71, in run_rollout_and_train
    return self._impl.run_rollout_and_train(int(rng_seed))
           ~~~~~~~~~~~~~~~~~~~~~~~~~~~~~~~~^^^^^^^^^^^^^^^
  File "/Users/assmuth/dsnn/alphagrad/src/alphagrad/approx/ppo_ray_worker.py", line 3186, in run_rollout_and_train
    agent, opt_state, aux = self._update_step(
                            ~~~~~~~~~~~~~~~~~^
        agent, opt_state, batch,
        ^^^^^^^^^^^^^^^^^^^^^^^^
    ...<2 lines>...
        _ent_coef_j,
        ^^^^^^^^^^^^
    )
    ^
  File "/Users/assmuth/dsnn/.venv/lib/python3.13/site-packages/equinox/_jit.py", line 209, in __call__
    return _call(self, False, args, kwargs)
  File "/Users/assmuth/dsnn/.venv/lib/python3.13/site-packages/equinox/_jit.py", line 263, in _call
    marker, _, _ = out = jit_wrapper._cached(
                         ~~~~~~~~~~~~~~~~~~~^
        dynamic_donate, dynamic_nodonate, static
        ^^^^^^^^^^^^^^^^^^^^^^^^^^^^^^^^^^^^^^^^
    )
    ^
jax.errors.JaxRuntimeError: INTERNAL: Failed to get configs for: 5 out of 82 instructions. See logs for all failures. Example failure: 
Autotuning failed for HLO: %gemm_fusion_dot.46 = f32[1024,4587520]{1,0} fusion(%dynamic_nodonate__first___22_.1, %bitcast.3487), kind=kCustom, calls=%gemm_fusion_dot.46_computation, metadata={op_name="jit(update_step)/jvp(vmap(vmap(eqx.nn.Linear)))/dot_general" stack_frame_id=879}, backend_config={"operation_queue_id":"0","fusion_backend_config":{"kind":"__triton_gemm"},"force_earliest_schedule":false,"reification_cost":[],"device_type":"DEVICE_TYPE_INVALID"}. Failed to pick best config: All configs failed during profiling.
Failures (21):
EXECUTION FAILED: RESOURCE_EXHAUSTED: Failed to allocate request for 17.50GiB (18790481920B) on device ordinal 0
EXECUTION FAILED: RESOURCE_EXHAUSTED: Failed to allocate request for 17.50GiB (18790481920B) on device ordinal 0
EXECUTION FAILED: RESOURCE_EXHAUSTED: Failed to allocate request for 17.50GiB (18790481920B) on device ordinal 0
EXECUTION FAILED: RESOURCE_EXHAUSTED: Failed to allocate request for 17.50GiB (18790481920B) on device ordinal 0
EXECUTION FAILED: RESOURCE_EXHAUSTED: Failed to allocate request for 17.50GiB (18790481920B) on device ordinal 0
EXECUTION FAILED: RESOURCE_EXHAUSTED: Failed to allocate request for 17.50GiB (18790481920B) on device ordinal 0
EXECUTION FAILED: RESOURCE_EXHAUSTED: Failed to allocate request for 17.50GiB (18790481920B) on device ordinal 0
EXECUTION FAILED: RESOURCE_EXHAUSTED: Failed to allocate request for 17.50GiB (18790481920B) on device ordinal 0
EXECUTION FAILED: RESOURCE_EXHAUSTED: Failed to allocate request for 17.50GiB (18790481920B) on device ordinal 0
EXECUTION FAILED: RESOURCE_EXHAUSTED: Failed to allocate request for 17.50GiB (18790481920B) on device ordinal 0
EXECUTION FAILED: RESOURCE_EXHAUSTED: Failed to allocate request for 17.50GiB (18790481920B) on device ordinal 0
EXECUTION FAILED: RESOURCE_EXHAUSTED: Failed to allocate request for 17.50GiB (18790481920B) on device ordinal 0
EXECUTION FAILED: RESOURCE_EXHAUSTED: Failed to allocate request for 17.50GiB (18790481920B) on device ordinal 0
EXECUTION FAILED: RESOURCE_EXHAUSTED: Failed to allocate request for 17.50GiB (18790481920B) on device ordinal 0
EXECUTION FAILED: RESOURCE_EXHAUSTED: Failed to allocate request for 17.50GiB (18790481920B) on device ordinal 0
EXECUTION FAILED: RESOURCE_EXHAUSTED: Failed to allocate request for 17.50GiB (18790481920B) on device ordinal 0
EXECUTION FAILED: RESOURCE_EXHAUSTED: Failed to allocate request for 17.50GiB (18790481920B) on device ordinal 0
EXECUTION FAILED: RESOURCE_EXHAUSTED: Failed to allocate request for 17.50GiB (18790481920B) on device ordinal 0
EXECUTION FAILED: RESOURCE_EXHAUSTED: Failed to allocate request for 17.50GiB (18790481920B) on device ordinal 0
EXECUTION FAILED: RESOURCE_EXHAUSTED: Failed to allocate request for 17.50GiB (18790481920B) on device ordinal 0
EXECUTION FAILED: RESOURCE_EXHAUSTED: Failed to allocate request for 17.50GiB (18790481920B) on device ordinal 0
--------------------
For simplicity, JAX has removed its internal frames from the traceback of the following exception. Set JAX_TRACEBACK_FILTERING=off to include these.
--------------------
For simplicity, JAX has removed its internal frames from the traceback of the following exception. Set JAX_TRACEBACK_FILTERING=off to include these.
[1;34mwandb[0m: 
[1;34mwandb[0m: 🚀 View run [33mexact_adalif_multiloop_flops[0m at: [34mhttps://wandb.ai/dll-streetview/dsnn-vertex/runs/73nqfnsu[0m
[1;34mwandb[0m: Find logs at: [1;35mwandb/run-20260723_160046-73nqfnsu/logs[0m
=== PHASE flops RC=1 Thu Jul 23 04:25:38 PM UTC 2026 ===
[log_to_csv] campaign_exp/exact_adalif_multiloop_flops/run.log -> campaign_exp/exact_adalif_multiloop_flops/metrics.csv: 0 rows (of 1 episodes, warmup=50, drop_zeros=True), 1 columns
=== ALL PHASES DONE (FAILED=1) Thu Jul 23 04:25:38 PM UTC 2026 ===
