=== node=pgi15-gpu13 gpu=NVIDIA GeForce RTX 4090 Thu Jul 23 03:01:27 PM UTC 2026 ===
=== TAG=exact_mlp MODE=exact EXAMPLE=VmappedNeuralNetwork WIDTH=64 SNN_STEPS=unset ===
=== graphax=30441f6 examples: ADALIF_SNN_SEQ, a fully-unrolled temporal adaptive-LIF ===
=== alphagrad=0ee8cee exp: ADALIF_SNN_SEQ one/multi-loop, --wandb online, serial GPU chain ===
=== PHASE lat_mem START Thu Jul 23 03:01:27 PM UTC 2026 ===
2026-07-23 15:01:30,880	INFO worker.py:2012 -- Started a local Ray instance.
/Users/assmuth/dsnn/.venv/lib/python3.13/site-packages/ray/_private/worker.py:2051: FutureWarning: Tip: In future versions of Ray, Ray will no longer override accelerator visible devices env var if num_gpus=0 or num_gpus=None (default). To enable this behavior and turn off this error message, set RAY_ACCEL_ENV_VAR_OVERRIDE_ON_ZERO=0
  warnings.warn(
wandb: Loading settings from /Users/assmuth/.config/wandb/settings
wandb: [wandb.login()] Loaded credentials for https://api.wandb.ai from /Users/assmuth/.netrc.
wandb: Currently logged in as: florian-assmuth (dll-streetview) to https://api.wandb.ai. Use `wandb login --relogin` to force relogin
wandb: WARNING Using a boolean value for 'reinit' is deprecated. Use 'return_previous' or 'finish_previous' instead.
wandb: setting up run 22eg1w7k
wandb: Tracking run with wandb version 0.25.0
wandb: Run data is saved locally in /Users/assmuth/dsnn/alphagrad/wandb/run-20260723_150132-22eg1w7k
wandb: Run `wandb offline` to turn off syncing.
wandb: Syncing run exact_mlp_lat_mem
wandb: ⭐️ View project at https://wandb.ai/dll-streetview/dsnn-vertex
wandb: 🚀 View run at https://wandb.ai/dll-streetview/dsnn-vertex/runs/22eg1w7k
[33m(raylet)[0m It looks like you're creating a detached actor in an anonymous namespace. In order to access this actor in the future, you will need to explicitly connect to this namespace with ray.init(namespace="9f8a1111-e62d-4dd9-a032-c3b2fc3b38a8", ...)
[36m(CpuApproximationActor pid=3355)[0m W0723 15:01:39.224411    3355 text_format.cc:393] Warning parsing text-format xla.TritonGemmConfigsProto: 15:53 (N = 1): text format contains deprecated field "split_k"
[36m(CpuApproximationActor pid=3355)[0m W0723 15:01:39.224432    3355 text_format.cc:393] Warning parsing text-format xla.TritonGemmConfigsProto: 16:53 (N = 2): text format contains deprecated field "split_k"
[36m(CpuApproximationActor pid=3355)[0m W0723 15:01:39.224440    3355 text_format.cc:393] Warning parsing text-format xla.TritonGemmConfigsProto: 18:53 (N = 4): text format contains deprecated field "split_k"
[36m(CpuApproximationActor pid=3355)[0m W0723 15:01:39.224449    3355 text_format.cc:393] Warning parsing text-format xla.TritonGemmConfigsProto: 22:53 (N = 8): text format contains deprecated field "split_k"
[36m(CpuApproximationActor pid=3355)[0m W0723 15:01:39.224463    3355 text_format.cc:393] Warning parsing text-format xla.TritonGemmConfigsProto: 30:53 (N = 16): text format contains deprecated field "split_k"
[36m(CpuApproximationActor pid=3355)[0m W0723 15:01:39.224493    3355 text_format.cc:393] Warning parsing text-format xla.TritonGemmConfigsProto: 16:52 (N = 32): text format contains deprecated field "split_k"
[36m(CpuApproximationActor pid=3355)[0m W0723 15:01:39.224543    3355 text_format.cc:393] Warning parsing text-format xla.TritonGemmConfigsProto: 48:53 (N = 64): text format contains deprecated field "split_k"
[36m(CpuApproximationActor pid=3355)[0m W0723 15:01:39.224644    3355 text_format.cc:393] Warning parsing text-format xla.TritonGemmConfigsProto: 78:53 (N = 128): text format contains deprecated field "split_k"
[36m(CpuApproximationActor pid=3355)[0m W0723 15:01:39.224832    3355 text_format.cc:393] Warning parsing text-format xla.TritonGemmConfigsProto: 36:55 (N = 256): text format contains deprecated field "split_k"
[36m(CpuApproximationActor pid=3354)[0m [cpu_approx_worker pid=3354] env: ALPHAGRAD_EXACT_ONLY=1 ALPHAGRAD_EXAMPLE_WIDTH=64 ALPHAGRAD_FACE_TRANSFORMS=0 ALPHAGRAD_MEASURE_VIA_AOJ=0 ALPHAGRAD_PER_FACE_MVP=0 ALPHAGRAD_POLICY=palimpsa JAX_COMPILATION_CACHE_DIR=/tmp/dsnn-jax-cache-55187-pgi15-gpu13
[36m(CpuApproximationActor pid=3354)[0m [measure-actor 0] host=pgi15-gpu13 CUDA_VISIBLE_DEVICES=1 jax_devices=[CudaDevice(id=0)]
[33m(raylet)[0m It looks like you're creating a detached actor in an anonymous namespace. In order to access this actor in the future, you will need to explicitly connect to this namespace with ray.init(namespace="9f8a1111-e62d-4dd9-a032-c3b2fc3b38a8", ...)
[36m(PPOActor pid=3352)[0m [ppo_ray] ADDITIVE failed/sentinel penalty = -2.0 (bounded-negative, INCLUDED in advantage+loss -- replaces the failed-row mask; failed rows are repulsive, never a zero-gradient no-op).
[36m(PPOActor pid=3352)[0m [ppo_ray] V2 anti-hack: failed_adv_stamp=1.0 (post-z-score advantage overwrite on failed rows), cost_symlog_cap=0.0 (symlog'd cost channels clipped to +/-cap).
[36m(PPOActor pid=3352)[0m [ppo_ray] PopArt value norm ON: beta=0.01 sigma_min(base=0.1, quality[6,9]=0.2) sigma_max=1e+12 robust_std=True (winsor k=5.0) — replaces the rollout advantage z-score; under pure-PopArt advantage a failed row is truly-neutral (A==0), no constant stamp.
[36m(PPOActor pid=3352)[0m [ppo_ray] DYNAMIC SENTINEL ON: failed/sentinel terminals get per-channel mu_c - 2.0*sigma_c (EMA beta=0.01) instead of -1e10. The additive failed_penalty stamp AND the post-z-score failed_adv_stamp are DISABLED (dynamic value supersedes them); failed_transitions logging + PopArt exclusion unchanged.
[36m(PPOActor pid=3352)[0m [ppo_ray] RAW COSSIM THREAD ON: env emits full-range cosine_sim in idx6; worker applies guide cap=None into the GAE buffer only, logs reward/cosine_sim_raw from the uncapped value.
[36m(PPOActor pid=3352)[0m [ppo_ray_worker] POLICY V2 ACTIVE: MicroPPOAgent = PALIMPSA backbone + PointerVertexPolicy + MicroActionPolicy(max_substeps=1) + separate value pool; factor tables up to axis size 64 (observed max 64).
[36m(PPOActor pid=3352)[0m [ppo_ray_worker] V2 policy heads scaled by 0.1 (near-uniform initial policy).
[36m(CpuApproximationActor pid=3353)[0m [cpu_approx_worker pid=3353] env: ALPHAGRAD_EXACT_ONLY=1 ALPHAGRAD_EXAMPLE_WIDTH=64 ALPHAGRAD_FACE_TRANSFORMS=0 ALPHAGRAD_MEASURE_VIA_AOJ=0 ALPHAGRAD_PER_FACE_MVP=0 ALPHAGRAD_POLICY=palimpsa JAX_COMPILATION_CACHE_DIR=/tmp/dsnn-jax-cache-55187-pgi15-gpu13[32m [repeated 2x across cluster] (Ray deduplicates logs by default. Set RAY_DEDUP_LOGS=0 to disable log deduplication, or see https://docs.ray.io/en/master/ray-observability/user-guides/configure-logging.html#log-deduplication for more options.)[0m
[36m(CpuApproximationActor pid=3353)[0m [measure-actor 1] host=pgi15-gpu13 CUDA_VISIBLE_DEVICES=3 jax_devices=[CudaDevice(id=0)][32m [repeated 2x across cluster][0m
  actors spawned + JIT-warm in 27.8s
ppo_ray:   0%|                                                                                                                                             | 0/1000 [00:00<?, ?it/s][36m(CpuApproximationActor pid=3355)[0m /Users/assmuth/dsnn/graphax/src/graphax/jaxpr.py:779: UserWarning: jaxpr tokenizer: uncaptured value rendered as '?': 'jit'
[36m(CpuApproximationActor pid=3355)[0m   warnings.warn(
[36m(CpuApproximationActor pid=3355)[0m /Users/assmuth/dsnn/graphax/src/graphax/jaxpr.py:779: UserWarning: jaxpr tokenizer: uncaptured value rendered as '?': 'compiler_options_kvs'
[36m(CpuApproximationActor pid=3355)[0m   warnings.warn(
[36m(CpuApproximationActor pid=3355)[0m /Users/assmuth/dsnn/graphax/src/graphax/jaxpr.py:779: UserWarning: jaxpr tokenizer: uncaptured value rendered as '?': 'donated_invars'
[36m(CpuApproximationActor pid=3355)[0m   warnings.warn(
[36m(CpuApproximationActor pid=3355)[0m /Users/assmuth/dsnn/graphax/src/graphax/jaxpr.py:779: UserWarning: jaxpr tokenizer: uncaptured value rendered as '?': 'in_layouts'
[36m(CpuApproximationActor pid=3355)[0m   warnings.warn(
[36m(CpuApproximationActor pid=3355)[0m /Users/assmuth/dsnn/graphax/src/graphax/jaxpr.py:779: UserWarning: jaxpr tokenizer: uncaptured value rendered as '?': 'None'
[36m(CpuApproximationActor pid=3355)[0m   warnings.warn(
[36m(CpuApproximationActor pid=3355)[0m /Users/assmuth/dsnn/graphax/src/graphax/jaxpr.py:779: UserWarning: jaxpr tokenizer: uncaptured value rendered as '?': 'in_shardings'
[36m(CpuApproximationActor pid=3355)[0m   warnings.warn(
[36m(CpuApproximationActor pid=3355)[0m /Users/assmuth/dsnn/graphax/src/graphax/jaxpr.py:779: UserWarning: jaxpr tokenizer: uncaptured value rendered as '?': 'UnspecifiedValue'
[36m(CpuApproximationActor pid=3355)[0m   warnings.warn(
[36m(CpuApproximationActor pid=3355)[0m /Users/assmuth/dsnn/graphax/src/graphax/jaxpr.py:779: UserWarning: jaxpr tokenizer: uncaptured value rendered as '?': 'inline'
[36m(CpuApproximationActor pid=3355)[0m   warnings.warn(
[36m(CpuApproximationActor pid=3355)[0m /Users/assmuth/dsnn/graphax/src/graphax/jaxpr.py:779: UserWarning: jaxpr tokenizer: uncaptured value rendered as '?': 'keep_unused'
[36m(CpuApproximationActor pid=3355)[0m   warnings.warn(
[36m(CpuApproximationActor pid=3355)[0m /Users/assmuth/dsnn/graphax/src/graphax/jaxpr.py:779: UserWarning: jaxpr tokenizer: uncaptured value rendered as '?': 'name'
[36m(CpuApproximationActor pid=3355)[0m   warnings.warn(
[36m(CpuApproximationActor pid=3355)[0m /Users/assmuth/dsnn/graphax/src/graphax/jaxpr.py:779: UserWarning: jaxpr tokenizer: uncaptured value rendered as '?': '_where'
[36m(CpuApproximationActor pid=3355)[0m   warnings.warn(
[36m(CpuApproximationActor pid=3355)[0m /Users/assmuth/dsnn/graphax/src/graphax/jaxpr.py:779: UserWarning: jaxpr tokenizer: uncaptured value rendered as '?': 'out_layouts'
[36m(CpuApproximationActor pid=3355)[0m   warnings.warn(
[36m(CpuApproximationActor pid=3355)[0m /Users/assmuth/dsnn/graphax/src/graphax/jaxpr.py:779: UserWarning: jaxpr tokenizer: uncaptured value rendered as '?': 'out_shardings'
[36m(CpuApproximationActor pid=3355)[0m   warnings.warn(
[36m(PPOActor pid=3352)[0m W0723 15:01:39.290482    3352 text_format.cc:393] Warning parsing text-format xla.TritonGemmConfigsProto: 36:55 (N = 256): text format contains deprecated field "split_k"[32m [repeated 27x across cluster][0m
[36m(CpuApproximationActor pid=3355)[0m [SENTINEL] measure-exception step=12 order_len=12 terminal=True: TypeError: Argument types differ from the types for which this computation was compiled. Perhaps you are calling the compiled executable with a different enable_x64 mode than when it was AOT 
[36m(CpuApproximationActor pid=3355)[0m [SENTINEL-VERBOSE] ==================================================
[36m(CpuApproximationActor pid=3355)[0m [SENTINEL-VERBOSE] step=12 order_len=12 terminal=True init=False point_idx=-1
[36m(CpuApproximationActor pid=3355)[0m [SENTINEL-VERBOSE] EXC TypeError: Argument types differ from the types for which this computation was compiled. Perhaps you are calling the compiled executable with a different enable_x64 mode than when it was AOT compiled? The mismatches are:
[36m(CpuApproximationActor pid=3355)[0m Argument 'x' compiled with float32[16,64] and called with float32[16,4]
[36m(CpuApproximationActor pid=3355)[0m Argument 'y' compiled with float32[16,64] and called with float32[16,4]
[36m(CpuApproximationActor pid=3355)[0m [SENTINEL-VERBOSE] ORDER (12): [4, 2, 9, 3, 7, 10, 6, 11, 12, 1, 5, 8]
[36m(CpuApproximationActor pid=3355)[0m [SENTINEL-VERBOSE] MICRO-ACTIONS (per vertex, in elimination order):
[36m(CpuApproximationActor pid=3355)[0m     v1(vertex_id=2): DIAG(bi1=0,bi2=0,factor=16)
[36m(CpuApproximationActor pid=3355)[0m     v2(vertex_id=9): COMPRESS(axis=1,kind=abs_max)
[36m(CpuApproximationActor pid=3355)[0m     v3(vertex_id=3): COMPRESS(axis=1,kind=abs_max)
[36m(CpuApproximationActor pid=3355)[0m     v4(vertex_id=7): COMPRESS(axis=1,kind=abs_max)
[36m(CpuApproximationActor pid=3355)[0m     v5(vertex_id=10): COMPRESS(axis=0,kind=abs_max)
[36m(CpuApproximationActor pid=3355)[0m     v8(vertex_id=12): COMPRESS(axis=1,kind=abs_max)
[36m(CpuApproximationActor pid=3355)[0m     v9(vertex_id=1): COMPRESS(axis=0,kind=abs_max)
[36m(CpuApproximationActor pid=3355)[0m     v10(vertex_id=5): COMPRESS(axis=1,kind=abs_max)
[36m(CpuApproximationActor pid=3355)[0m     v11(vertex_id=8): COMPRESS(axis=0,kind=abs_max)
[36m(CpuApproximationActor pid=3355)[0m [SENTINEL-VERBOSE] TRACEBACK:
[36m(CpuApproximationActor pid=3355)[0m Traceback (most recent call last):
[36m(CpuApproximationActor pid=3355)[0m   File "/Users/assmuth/dsnn/alphagrad/src/alphagrad/approx/cpu_approx_worker.py", line 257, in evaluate
[36m(CpuApproximationActor pid=3355)[0m     tokens, eqn_ids, reward = _callback(
[36m(CpuApproximationActor pid=3355)[0m                               ~~~~~~~~~^
[36m(CpuApproximationActor pid=3355)[0m         self._config,
[36m(CpuApproximationActor pid=3355)[0m         ^^^^^^^^^^^^^
[36m(CpuApproximationActor pid=3355)[0m     ...<7 lines>...
[36m(CpuApproximationActor pid=3355)[0m         point_idx=int(point_idx),
[36m(CpuApproximationActor pid=3355)[0m         ^^^^^^^^^^^^^^^^^^^^^^^^^
[36m(CpuApproximationActor pid=3355)[0m     )
[36m(CpuApproximationActor pid=3355)[0m     ^
[36m(CpuApproximationActor pid=3355)[0m   File "/Users/assmuth/dsnn/alphagrad/src/alphagrad/approx/env.py", line 4003, in _callback
[36m(CpuApproximationActor pid=3355)[0m     out_approx = compiled_approx(*eval_args_i)
[36m(CpuApproximationActor pid=3355)[0m   File "/Users/assmuth/dsnn/.venv/lib/python3.13/site-packages/jax/_src/stages.py", line 884, in __call__
[36m(CpuApproximationActor pid=3355)[0m     return self._call(*args, **kwargs)
[36m(CpuApproximationActor pid=3355)[0m            ~~~~~~~~~~^^^^^^^^^^^^^^^^^
[36m(CpuApproximationActor pid=3355)[0m   File "/Users/assmuth/dsnn/.venv/lib/python3.13/site-packages/jax/_src/interpreters/pxla.py", line 1926, in aot_cache_miss
[36m(CpuApproximationActor pid=3355)[0m     outs, out_flat, args_flat = stages.Compiled.call(params, *args, **kwargs)
[36m(CpuApproximationActor pid=3355)[0m                                 ~~~~~~~~~~~~~~~~~~~~^^^^^^^^^^^^^^^^^^^^^^^^^
[36m(CpuApproximationActor pid=3355)[0m   File "/Users/assmuth/dsnn/.venv/lib/python3.13/site-packages/jax/_src/stages.py", line 861, in call
[36m(CpuApproximationActor pid=3355)[0m     lo_outs = params.executable.call(*params.const_args, *args_flat)
[36m(CpuApproximationActor pid=3355)[0m   File "/Users/assmuth/dsnn/.venv/lib/python3.13/site-packages/jax/_src/interpreters/pxla.py", line 1893, in call
[36m(CpuApproximationActor pid=3355)[0m     check_arg_avals_for_call(self._all_args_info.in_avals,
[36m(CpuApproximationActor pid=3355)[0m     ~~~~~~~~~~~~~~~~~~~~~~~~^^^^^^^^^^^^^^^^^^^^^^^^^^^^^^
[36m(CpuApproximationActor pid=3355)[0m                              map(core.shaped_abstractify, args),
[36m(CpuApproximationActor pid=3355)[0m                              ^^^^^^^^^^^^^^^^^^^^^^^^^^^^^^^^^^^
[36m(CpuApproximationActor pid=3355)[0m                              self._all_args_info.debug_info)
[36m(CpuApproximationActor pid=3355)[0m                              ^^^^^^^^^^^^^^^^^^^^^^^^^^^^^^^
[36m(CpuApproximationActor pid=3355)[0m   File "/Users/assmuth/dsnn/.venv/lib/python3.13/site-packages/jax/_src/interpreters/pxla.py", line 1998, in check_arg_avals_for_call
[36m(CpuApproximationActor pid=3355)[0m     raise TypeError(
[36m(CpuApproximationActor pid=3355)[0m     ...<3 lines>...
[36m(CpuApproximationActor pid=3355)[0m         f"{num_mismatch_str} mismatches are:\n{str_errors}")
[36m(CpuApproximationActor pid=3355)[0m TypeError: Argument types differ from the types for which this computation was compiled. Perhaps you are calling the compiled executable with a different enable_x64 mode than when it was AOT compiled? The mismatches are:
[36m(CpuApproximationActor pid=3355)[0m Argument 'x' compiled with float32[16,64] and called with float32[16,4]
[36m(CpuApproximationActor pid=3355)[0m Argument 'y' compiled with float32[16,64] and called with float32[16,4]
[36m(CpuApproximationActor pid=3355)[0m [SENTINEL-VERBOSE] ==================================================
[36m(CpuApproximationActor pid=3354)[0m     v0(vertex_id=11): COMPRESS(axis=1,kind=abs_max)
[36m(CpuApproximationActor pid=3354)[0m     v1(vertex_id=9): COMPRESS(axis=1,kind=abs_max)
[36m(CpuApproximationActor pid=3354)[0m     v3(vertex_id=7): COMPRESS(axis=1,kind=abs_max)
[36m(CpuApproximationActor pid=3354)[0m     v4(vertex_id=2): DIAG(bi1=0,bi2=0,factor=2)
[36m(CpuApproximationActor pid=3354)[0m     v5(vertex_id=4): COMPRESS(axis=1,kind=abs_max)
[36m(CpuApproximationActor pid=3354)[0m     v6(vertex_id=1): COMPRESS(axis=0,kind=abs_max)
[36m(CpuApproximationActor pid=3354)[0m     v8(vertex_id=6): COMPRESS(axis=0,kind=abs_max)
[36m(CpuApproximationActor pid=3354)[0m     v9(vertex_id=8): COMPRESS(axis=0,kind=abs_max)
[36m(CpuApproximationActor pid=3354)[0m     v10(vertex_id=5): COMPRESS(axis=1,kind=abs_max)
[36m(CpuApproximationActor pid=3354)[0m     v11(vertex_id=10): COMPRESS(axis=0,kind=abs_max)
[36m(CpuApproximationActor pid=3353)[0m     v0(vertex_id=1): COMPRESS(axis=1,kind=abs_max)
[36m(CpuApproximationActor pid=3353)[0m     v1(vertex_id=2): COMPRESS(axis=0,kind=abs_max)
[36m(CpuApproximationActor pid=3353)[0m     v3(vertex_id=9): COMPRESS(axis=1,kind=abs_max)
[36m(CpuApproximationActor pid=3353)[0m     v4(vertex_id=6): COMPRESS(axis=1,kind=abs_max)
[36m(CpuApproximationActor pid=3353)[0m     v5(vertex_id=5): COMPRESS(axis=1,kind=abs_max)
[36m(CpuApproximationActor pid=3353)[0m     v7(vertex_id=7): COMPRESS(axis=0,kind=abs_max)
[36m(CpuApproximationActor pid=3353)[0m     v8(vertex_id=4): COMPRESS(axis=0,kind=abs_max)
[36m(CpuApproximationActor pid=3353)[0m     v10(vertex_id=12): COMPRESS(axis=1,kind=abs_max)
[36m(CpuApproximationActor pid=3353)[0m     v11(vertex_id=11): COMPRESS(axis=0,kind=abs_max)
[36m(PPOActor pid=3352)[0m [per-face] builds=200 applied=0 skipped=0 applied_frac=0.000
[36m(CpuApproximationActor pid=3354)[0m     v0(vertex_id=12): COMPRESS(axis=1,kind=abs_max)
[36m(CpuApproximationActor pid=3354)[0m     v2(vertex_id=5): COMPRESS(axis=1,kind=abs_max)
[36m(CpuApproximationActor pid=3354)[0m     v3(vertex_id=10): COMPRESS(axis=1,kind=abs_max)
[36m(CpuApproximationActor pid=3354)[0m     v4(vertex_id=7): COMPRESS(axis=1,kind=abs_max)
[36m(CpuApproximationActor pid=3354)[0m     v6(vertex_id=11): COMPRESS(axis=0,kind=abs_max)
[36m(CpuApproximationActor pid=3354)[0m     v7(vertex_id=6): COMPRESS(axis=0,kind=abs_max)
[36m(CpuApproximationActor pid=3354)[0m     v9(vertex_id=2): COMPRESS(axis=1,kind=abs_max)
[36m(CpuApproximationActor pid=3354)[0m     v10(vertex_id=1): COMPRESS(axis=0,kind=abs_max)
[36m(PPOActor pid=3352)[0m [ppo_ray] 4/48 failed/sentinel transitions this episode (pool timeout / mem-gate / shape-storm); zeroing raw rewards, forcing dones.
[36m(CpuApproximationActor pid=3354)[0m [SENTINEL] measure-exception step=12 order_len=12 terminal=True: TypeError: Argument types differ from the types for which this computation was compiled. Perhaps you are calling the compiled executable with a different enable_x64 mode than when it was AOT [32m [repeated 3x across cluster][0m
[36m(CpuApproximationActor pid=3354)[0m [SENTINEL-VERBOSE] ==================================================[32m [repeated 6x across cluster][0m
[36m(CpuApproximationActor pid=3354)[0m [SENTINEL-VERBOSE] step=12 order_len=12 terminal=True init=False point_idx=-1[32m [repeated 3x across cluster][0m
[36m(CpuApproximationActor pid=3354)[0m [SENTINEL-VERBOSE] EXC TypeError: Argument types differ from the types for which this computation was compiled. Perhaps you are calling the compiled executable with a different enable_x64 mode than when it was AOT compiled? The mismatches are:[32m [repeated 3x across cluster][0m
[36m(CpuApproximationActor pid=3354)[0m Argument 'x' compiled with float32[16,64] and called with float32[16,4][32m [repeated 6x across cluster][0m
[36m(CpuApproximationActor pid=3354)[0m Argument 'y' compiled with float32[16,64] and called with float32[16,4][32m [repeated 6x across cluster][0m
[36m(CpuApproximationActor pid=3354)[0m [SENTINEL-VERBOSE] ORDER (12): [12, 3, 5, 10, 7, 8, 11, 6, 4, 2, 1, 9][32m [repeated 3x across cluster][0m
[36m(CpuApproximationActor pid=3354)[0m [SENTINEL-VERBOSE] MICRO-ACTIONS (per vertex, in elimination order):[32m [repeated 3x across cluster][0m
[36m(CpuApproximationActor pid=3354)[0m [SENTINEL-VERBOSE] TRACEBACK:[32m [repeated 3x across cluster][0m
[36m(CpuApproximationActor pid=3354)[0m Traceback (most recent call last):[32m [repeated 3x across cluster][0m
[36m(CpuApproximationActor pid=3354)[0m   File "/Users/assmuth/dsnn/alphagrad/src/alphagrad/approx/cpu_approx_worker.py", line 257, in evaluate[32m [repeated 3x across cluster][0m
[36m(CpuApproximationActor pid=3354)[0m     tokens, eqn_ids, reward = _callback([32m [repeated 3x across cluster][0m
[36m(CpuApproximationActor pid=3354)[0m                               ~~~~~~~~~^[32m [repeated 3x across cluster][0m
[36m(CpuApproximationActor pid=3354)[0m         self._config,[32m [repeated 3x across cluster][0m
[36m(CpuApproximationActor pid=3354)[0m         ^^^^^^^^^^^^^[32m [repeated 3x across cluster][0m
[36m(CpuApproximationActor pid=3354)[0m     ...<3 lines>...[32m [repeated 6x across cluster][0m
[36m(CpuApproximationActor pid=3354)[0m         point_idx=int(point_idx),[32m [repeated 3x across cluster][0m
[36m(CpuApproximationActor pid=3354)[0m         ^^^^^^^^^^^^^^^^^^^^^^^^^[32m [repeated 3x across cluster][0m
[36m(CpuApproximationActor pid=3354)[0m     )[32m [repeated 3x across cluster][0m
[36m(CpuApproximationActor pid=3354)[0m     ^[32m [repeated 3x across cluster][0m
[36m(CpuApproximationActor pid=3354)[0m   File "/Users/assmuth/dsnn/alphagrad/src/alphagrad/approx/env.py", line 4003, in _callback[32m [repeated 3x across cluster][0m
[36m(CpuApproximationActor pid=3354)[0m     out_approx = compiled_approx(*eval_args_i)[32m [repeated 3x across cluster][0m
[36m(CpuApproximationActor pid=3354)[0m   File "/Users/assmuth/dsnn/.venv/lib/python3.13/site-packages/jax/_src/stages.py", line 884, in __call__[32m [repeated 3x across cluster][0m
[36m(CpuApproximationActor pid=3354)[0m     return self._call(*args, **kwargs)[32m [repeated 3x across cluster][0m
[36m(CpuApproximationActor pid=3354)[0m            ~~~~~~~~~~^^^^^^^^^^^^^^^^^[32m [repeated 3x across cluster][0m
[36m(CpuApproximationActor pid=3354)[0m   File "/Users/assmuth/dsnn/.venv/lib/python3.13/site-packages/jax/_src/interpreters/pxla.py", line 1926, in aot_cache_miss[32m [repeated 3x across cluster][0m
[36m(CpuApproximationActor pid=3354)[0m     outs, out_flat, args_flat = stages.Compiled.call(params, *args, **kwargs)[32m [repeated 3x across cluster][0m
[36m(CpuApproximationActor pid=3354)[0m                                 ~~~~~~~~~~~~~~~~~~~~^^^^^^^^^^^^^^^^^^^^^^^^^[32m [repeated 3x across cluster][0m
[36m(CpuApproximationActor pid=3354)[0m   File "/Users/assmuth/dsnn/.venv/lib/python3.13/site-packages/jax/_src/interpreters/pxla.py", line 1893, in call[32m [repeated 6x across cluster][0m
[36m(CpuApproximationActor pid=3354)[0m     lo_outs = params.executable.call(*params.const_args, *args_flat)[32m [repeated 3x across cluster][0m
[36m(CpuApproximationActor pid=3354)[0m     check_arg_avals_for_call(self._all_args_info.in_avals,[32m [repeated 3x across cluster][0m
[36m(CpuApproximationActor pid=3354)[0m     ~~~~~~~~~~~~~~~~~~~~~~~~^^^^^^^^^^^^^^^^^^^^^^^^^^^^^^[32m [repeated 3x across cluster][0m
[36m(CpuApproximationActor pid=3354)[0m                              map(core.shaped_abstractify, args),[32m [repeated 3x across cluster][0m
[36m(CpuApproximationActor pid=3354)[0m                              ^^^^^^^^^^^^^^^^^^^^^^^^^^^^^^^^^^^[32m [repeated 3x across cluster][0m
[36m(CpuApproximationActor pid=3354)[0m                              self._all_args_info.debug_info)[32m [repeated 3x across cluster][0m
[36m(CpuApproximationActor pid=3354)[0m                              ^^^^^^^^^^^^^^^^^^^^^^^^^^^^^^^[32m [repeated 3x across cluster][0m
[36m(CpuApproximationActor pid=3354)[0m   File "/Users/assmuth/dsnn/.venv/lib/python3.13/site-packages/jax/_src/interpreters/pxla.py", line 1998, in check_arg_avals_for_call[32m [repeated 3x across cluster][0m
[36m(CpuApproximationActor pid=3354)[0m     raise TypeError([32m [repeated 3x across cluster][0m
[36m(CpuApproximationActor pid=3354)[0m         f"{num_mismatch_str} mismatches are:\n{str_errors}")[32m [repeated 3x across cluster][0m
[36m(CpuApproximationActor pid=3354)[0m TypeError: Argument types differ from the types for which this computation was compiled. Perhaps you are calling the compiled executable with a different enable_x64 mode than when it was AOT compiled? The mismatches are:[32m [repeated 3x across cluster][0m
[36m(PPOActor pid=3352)[0m [ppo_ray][popart] ep=0 ev=-1346231.602 adv(mean/std/absmax)=+0.030/0.057/0.168 latency_ns: mu=+0 sig=1 peak_memory: mu=+0 sig=1 frob_residual: mu=+0 sig=1
[36m(PPOActor pid=3352)[0m [ppo_ray][kl-stop] ep=0 approx_kl_percomp(mean)=0.1717 > target 0.15 after mb 3/4 (joint_kl mean=0.420) -- stopping remaining updates.
[36m(PPOActor pid=3352)[0m [ppo_ray] anti-degen: excluded 4 degenerate/failed terminal env(s) from best_overall.
ppo_ray:   0%|▏                                                                                                                                 | 1/1000 [01:17<21:27:27, 77.32s/it]ppo_ray best:+0(ep0) mean:+0 loss(p/v):-0.016/0.0044 ent:2.543 nan_skip:0:   0%|                                                                | 1/1000 [01:17<21:27:27, 77.32s/it][36m(CpuApproximationActor pid=3354)[0m [per-face] builds=200 applied=0 skipped=0 applied_frac=0.000
[36m(CpuApproximationActor pid=3354)[0m [SENTINEL] measure-exception step=12 order_len=12 terminal=True: TypeError: Argument types differ from the types for which this computation was compiled. Perhaps you are calling the compiled executable with a different enable_x64 mode than when it was AOT 
[36m(CpuApproximationActor pid=3354)[0m [SENTINEL-VERBOSE] ==================================================
[36m(CpuApproximationActor pid=3354)[0m [SENTINEL-VERBOSE] step=12 order_len=12 terminal=True init=False point_idx=-1
[36m(CpuApproximationActor pid=3354)[0m [SENTINEL-VERBOSE] EXC TypeError: Argument types differ from the types for which this computation was compiled. Perhaps you are calling the compiled executable with a different enable_x64 mode than when it was AOT compiled? The mismatches are:
[36m(CpuApproximationActor pid=3354)[0m Argument 'x' compiled with float32[16,64] and called with float32[16,4]
[36m(CpuApproximationActor pid=3354)[0m Argument 'y' compiled with float32[16,64] and called with float32[16,4]
[36m(CpuApproximationActor pid=3354)[0m [SENTINEL-VERBOSE] ORDER (12): [7, 12, 11, 2, 5, 9, 1, 8, 3, 10, 6, 4]
[36m(CpuApproximationActor pid=3354)[0m [SENTINEL-VERBOSE] MICRO-ACTIONS (per vertex, in elimination order):
[36m(CpuApproximationActor pid=3354)[0m     v0(vertex_id=7): COMPRESS(axis=1,kind=abs_max)
[36m(CpuApproximationActor pid=3354)[0m     v1(vertex_id=12): COMPRESS(axis=1,kind=abs_max)
[36m(CpuApproximationActor pid=3354)[0m     v2(vertex_id=11): COMPRESS(axis=0,kind=abs_max)
[36m(CpuApproximationActor pid=3354)[0m     v3(vertex_id=2): COMPRESS(axis=1,kind=abs_max)
[36m(CpuApproximationActor pid=3354)[0m     v4(vertex_id=5): QUANT(dtype=float8_e8m0fnu)
[36m(CpuApproximationActor pid=3354)[0m     v5(vertex_id=9): COMPRESS(axis=1,kind=abs_max)
[36m(CpuApproximationActor pid=3354)[0m     v6(vertex_id=1): COMPRESS(axis=0,kind=abs_max)
[36m(CpuApproximationActor pid=3354)[0m     v7(vertex_id=8): COMPRESS(axis=0,kind=abs_max)
[36m(CpuApproximationActor pid=3354)[0m     v10(vertex_id=6): COMPRESS(axis=0,kind=abs_max)
[36m(CpuApproximationActor pid=3354)[0m [SENTINEL-VERBOSE] TRACEBACK:
[36m(CpuApproximationActor pid=3354)[0m Traceback (most recent call last):
[36m(CpuApproximationActor pid=3354)[0m   File "/Users/assmuth/dsnn/alphagrad/src/alphagrad/approx/cpu_approx_worker.py", line 257, in evaluate
[36m(CpuApproximationActor pid=3354)[0m     tokens, eqn_ids, reward = _callback(
[36m(CpuApproximationActor pid=3354)[0m                               ~~~~~~~~~^
[36m(CpuApproximationActor pid=3354)[0m         self._config,
[36m(CpuApproximationActor pid=3354)[0m         ^^^^^^^^^^^^^
[36m(CpuApproximationActor pid=3354)[0m     ...<7 lines>...
[36m(CpuApproximationActor pid=3354)[0m         point_idx=int(point_idx),
[36m(CpuApproximationActor pid=3354)[0m         ^^^^^^^^^^^^^^^^^^^^^^^^^
[36m(CpuApproximationActor pid=3354)[0m     )
[36m(CpuApproximationActor pid=3354)[0m     ^
[36m(CpuApproximationActor pid=3354)[0m   File "/Users/assmuth/dsnn/alphagrad/src/alphagrad/approx/env.py", line 4003, in _callback
[36m(CpuApproximationActor pid=3354)[0m     out_approx = compiled_approx(*eval_args_i)
[36m(CpuApproximationActor pid=3354)[0m   File "/Users/assmuth/dsnn/.venv/lib/python3.13/site-packages/jax/_src/stages.py", line 884, in __call__
[36m(CpuApproximationActor pid=3354)[0m     return self._call(*args, **kwargs)
[36m(CpuApproximationActor pid=3354)[0m            ~~~~~~~~~~^^^^^^^^^^^^^^^^^
[36m(CpuApproximationActor pid=3354)[0m   File "/Users/assmuth/dsnn/.venv/lib/python3.13/site-packages/jax/_src/interpreters/pxla.py", line 1926, in aot_cache_miss
[36m(CpuApproximationActor pid=3354)[0m     outs, out_flat, args_flat = stages.Compiled.call(params, *args, **kwargs)
[36m(CpuApproximationActor pid=3354)[0m                                 ~~~~~~~~~~~~~~~~~~~~^^^^^^^^^^^^^^^^^^^^^^^^^
[36m(CpuApproximationActor pid=3354)[0m   File "/Users/assmuth/dsnn/.venv/lib/python3.13/site-packages/jax/_src/stages.py", line 861, in call
[36m(CpuApproximationActor pid=3354)[0m     lo_outs = params.executable.call(*params.const_args, *args_flat)
[36m(CpuApproximationActor pid=3354)[0m   File "/Users/assmuth/dsnn/.venv/lib/python3.13/site-packages/jax/_src/interpreters/pxla.py", line 1893, in call
[36m(CpuApproximationActor pid=3354)[0m     check_arg_avals_for_call(self._all_args_info.in_avals,
[36m(CpuApproximationActor pid=3354)[0m     ~~~~~~~~~~~~~~~~~~~~~~~~^^^^^^^^^^^^^^^^^^^^^^^^^^^^^^
[36m(CpuApproximationActor pid=3354)[0m                              map(core.shaped_abstractify, args),
[36m(CpuApproximationActor pid=3354)[0m                              ^^^^^^^^^^^^^^^^^^^^^^^^^^^^^^^^^^^
[36m(CpuApproximationActor pid=3354)[0m                              self._all_args_info.debug_info)
[36m(CpuApproximationActor pid=3354)[0m                              ^^^^^^^^^^^^^^^^^^^^^^^^^^^^^^^
[36m(CpuApproximationActor pid=3354)[0m   File "/Users/assmuth/dsnn/.venv/lib/python3.13/site-packages/jax/_src/interpreters/pxla.py", line 1998, in check_arg_avals_for_call
[36m(CpuApproximationActor pid=3354)[0m     raise TypeError(
[36m(CpuApproximationActor pid=3354)[0m     ...<3 lines>...
[36m(CpuApproximationActor pid=3354)[0m         f"{num_mismatch_str} mismatches are:\n{str_errors}")
[36m(CpuApproximationActor pid=3354)[0m TypeError: Argument types differ from the types for which this computation was compiled. Perhaps you are calling the compiled executable with a different enable_x64 mode than when it was AOT compiled? The mismatches are:
[36m(CpuApproximationActor pid=3354)[0m Argument 'x' compiled with float32[16,64] and called with float32[16,4]
[36m(CpuApproximationActor pid=3354)[0m Argument 'y' compiled with float32[16,64] and called with float32[16,4]
[36m(CpuApproximationActor pid=3354)[0m [SENTINEL-VERBOSE] ==================================================
[36m(CpuApproximationActor pid=3353)[0m     v0(vertex_id=9): COMPRESS(axis=1,kind=max)
[36m(CpuApproximationActor pid=3353)[0m     v1(vertex_id=12): COMPRESS(axis=1,kind=abs_max)
[36m(CpuApproximationActor pid=3353)[0m     v3(vertex_id=11): COMPRESS(axis=0,kind=abs_max)
[36m(CpuApproximationActor pid=3353)[0m     v6(vertex_id=5): COMPRESS(axis=1,kind=abs_max)
[36m(CpuApproximationActor pid=3353)[0m     v7(vertex_id=1): COMPRESS(axis=2,kind=abs_max)
[36m(CpuApproximationActor pid=3353)[0m     v8(vertex_id=7): COMPRESS(axis=1,kind=abs_max)
[36m(CpuApproximationActor pid=3353)[0m     v9(vertex_id=8): COMPRESS(axis=0,kind=abs_max)
[36m(CpuApproximationActor pid=3353)[0m     v10(vertex_id=6): COMPRESS(axis=0,kind=abs_max)
[36m(CpuApproximationActor pid=3355)[0m     v0(vertex_id=1): COMPRESS(axis=0,kind=max)
[36m(CpuApproximationActor pid=3355)[0m     v1(vertex_id=10): COMPRESS(axis=1,kind=abs_max)
[36m(CpuApproximationActor pid=3355)[0m     v3(vertex_id=5): COMPRESS(axis=1,kind=abs_max)
[36m(CpuApproximationActor pid=3355)[0m     v4(vertex_id=12): COMPRESS(axis=1,kind=max)
[36m(CpuApproximationActor pid=3355)[0m     v7(vertex_id=7): COMPRESS(axis=1,kind=abs_max)
[36m(CpuApproximationActor pid=3355)[0m     v8(vertex_id=6): COMPRESS(axis=0,kind=abs_max)
[36m(CpuApproximationActor pid=3355)[0m     v9(vertex_id=4): COMPRESS(axis=0,kind=abs_max)
[36m(CpuApproximationActor pid=3355)[0m     v10(vertex_id=9): COMPRESS(axis=0,kind=abs_max)
[36m(CpuApproximationActor pid=3355)[0m     v11(vertex_id=8): QUANT(dtype=float8_e8m0fnu)
[36m(CpuApproximationActor pid=3354)[0m     v0(vertex_id=4): COMPRESS(axis=1,kind=abs_max)
[36m(CpuApproximationActor pid=3354)[0m     v1(vertex_id=1): COMPRESS(axis=1,kind=max)
[36m(CpuApproximationActor pid=3354)[0m     v2(vertex_id=2): COMPRESS(axis=0,kind=abs_max)
[36m(CpuApproximationActor pid=3354)[0m     v3(vertex_id=9): COMPRESS(axis=1,kind=abs_max)
[36m(CpuApproximationActor pid=3354)[0m     v4(vertex_id=5): COMPRESS(axis=1,kind=abs_max)
[36m(CpuApproximationActor pid=3354)[0m     v5(vertex_id=6): COMPRESS(axis=0,kind=abs_max)
[36m(CpuApproximationActor pid=3354)[0m     v6(vertex_id=7): COMPRESS(axis=1,kind=abs_max)
[36m(CpuApproximationActor pid=3354)[0m     v7(vertex_id=3): COMPRESS(axis=0,kind=abs_max)
[36m(CpuApproximationActor pid=3354)[0m     v9(vertex_id=11): COMPRESS(axis=1,kind=abs_max)
[36m(CpuApproximationActor pid=3354)[0m     v10(vertex_id=12): COMPRESS(axis=0,kind=max)
[36m(PPOActor pid=3352)[0m [ppo_ray] 4/48 failed/sentinel transitions this episode (pool timeout / mem-gate / shape-storm); zeroing raw rewards, forcing dones.
[36m(PPOActor pid=3352)[0m [ppo_ray][popart] ep=1 ev=-872064.399 adv(mean/std/absmax)=-0.000/0.065/0.113 latency_ns: mu=+0 sig=1 peak_memory: mu=+0 sig=1 frob_residual: mu=+0 sig=1
[36m(PPOActor pid=3352)[0m [per-face] builds=400 applied=0 skipped=0 applied_frac=0.000
ppo_ray best:+0(ep0) mean:+0 loss(p/v):-0.016/0.0044 ent:2.543 nan_skip:0:   0%|▏                                                               | 2/1000 [01:28<10:39:47, 38.46s/it]ppo_ray best:+0(ep0) mean:+0 loss(p/v):-0.013/0.0088 ent:2.179 nan_skip:0:   0%|▏                                                               | 2/1000 [01:28<10:39:47, 38.46s/it][36m(PPOActor pid=3352)[0m [ppo_ray] anti-degen: excluded 4 degenerate/failed terminal env(s) from best_overall.
[36m(CpuApproximationActor pid=3354)[0m [SENTINEL] measure-exception step=12 order_len=12 terminal=True: TypeError: Argument types differ from the types for which this computation was compiled. Perhaps you are calling the compiled executable with a different enable_x64 mode than when it was AOT [32m [repeated 3x across cluster][0m
[36m(CpuApproximationActor pid=3354)[0m [SENTINEL-VERBOSE] ==================================================[32m [repeated 6x across cluster][0m
[36m(CpuApproximationActor pid=3354)[0m [SENTINEL-VERBOSE] step=12 order_len=12 terminal=True init=False point_idx=-1[32m [repeated 3x across cluster][0m
[36m(CpuApproximationActor pid=3354)[0m [SENTINEL-VERBOSE] EXC TypeError: Argument types differ from the types for which this computation was compiled. Perhaps you are calling the compiled executable with a different enable_x64 mode than when it was AOT compiled? The mismatches are:[32m [repeated 3x across cluster][0m
[36m(CpuApproximationActor pid=3354)[0m Argument 'x' compiled with float32[16,64] and called with float32[16,4][32m [repeated 6x across cluster][0m
[36m(CpuApproximationActor pid=3354)[0m Argument 'y' compiled with float32[16,64] and called with float32[16,4][32m [repeated 6x across cluster][0m
[36m(CpuApproximationActor pid=3354)[0m [SENTINEL-VERBOSE] ORDER (12): [4, 1, 2, 9, 5, 6, 7, 3, 10, 11, 12, 8][32m [repeated 3x across cluster][0m
[36m(CpuApproximationActor pid=3354)[0m [SENTINEL-VERBOSE] MICRO-ACTIONS (per vertex, in elimination order):[32m [repeated 3x across cluster][0m
[36m(CpuApproximationActor pid=3354)[0m [SENTINEL-VERBOSE] TRACEBACK:[32m [repeated 3x across cluster][0m
[36m(CpuApproximationActor pid=3354)[0m Traceback (most recent call last):[32m [repeated 3x across cluster][0m
[36m(CpuApproximationActor pid=3354)[0m   File "/Users/assmuth/dsnn/alphagrad/src/alphagrad/approx/cpu_approx_worker.py", line 257, in evaluate[32m [repeated 3x across cluster][0m
[36m(CpuApproximationActor pid=3354)[0m     tokens, eqn_ids, reward = _callback([32m [repeated 3x across cluster][0m
[36m(CpuApproximationActor pid=3354)[0m                               ~~~~~~~~~^[32m [repeated 3x across cluster][0m
[36m(CpuApproximationActor pid=3354)[0m         self._config,[32m [repeated 3x across cluster][0m
[36m(CpuApproximationActor pid=3354)[0m         ^^^^^^^^^^^^^[32m [repeated 3x across cluster][0m
[36m(CpuApproximationActor pid=3354)[0m     ...<3 lines>...[32m [repeated 6x across cluster][0m
[36m(CpuApproximationActor pid=3354)[0m         point_idx=int(point_idx),[32m [repeated 3x across cluster][0m
[36m(CpuApproximationActor pid=3354)[0m         ^^^^^^^^^^^^^^^^^^^^^^^^^[32m [repeated 3x across cluster][0m
[36m(CpuApproximationActor pid=3354)[0m     )[32m [repeated 3x across cluster][0m
[36m(CpuApproximationActor pid=3354)[0m     ^[32m [repeated 3x across cluster][0m
[36m(CpuApproximationActor pid=3354)[0m   File "/Users/assmuth/dsnn/alphagrad/src/alphagrad/approx/env.py", line 4003, in _callback[32m [repeated 3x across cluster][0m
[36m(CpuApproximationActor pid=3354)[0m     out_approx = compiled_approx(*eval_args_i)[32m [repeated 3x across cluster][0m
[36m(CpuApproximationActor pid=3354)[0m   File "/Users/assmuth/dsnn/.venv/lib/python3.13/site-packages/jax/_src/stages.py", line 884, in __call__[32m [repeated 3x across cluster][0m
[36m(CpuApproximationActor pid=3354)[0m     return self._call(*args, **kwargs)[32m [repeated 3x across cluster][0m
[36m(CpuApproximationActor pid=3354)[0m            ~~~~~~~~~~^^^^^^^^^^^^^^^^^[32m [repeated 3x across cluster][0m
[36m(CpuApproximationActor pid=3354)[0m   File "/Users/assmuth/dsnn/.venv/lib/python3.13/site-packages/jax/_src/interpreters/pxla.py", line 1926, in aot_cache_miss[32m [repeated 3x across cluster][0m
[36m(CpuApproximationActor pid=3354)[0m     outs, out_flat, args_flat = stages.Compiled.call(params, *args, **kwargs)[32m [repeated 3x across cluster][0m
[36m(CpuApproximationActor pid=3354)[0m                                 ~~~~~~~~~~~~~~~~~~~~^^^^^^^^^^^^^^^^^^^^^^^^^[32m [repeated 3x across cluster][0m
[36m(CpuApproximationActor pid=3354)[0m   File "/Users/assmuth/dsnn/.venv/lib/python3.13/site-packages/jax/_src/interpreters/pxla.py", line 1893, in call[32m [repeated 6x across cluster][0m
[36m(CpuApproximationActor pid=3354)[0m     lo_outs = params.executable.call(*params.const_args, *args_flat)[32m [repeated 3x across cluster][0m
[36m(CpuApproximationActor pid=3354)[0m     check_arg_avals_for_call(self._all_args_info.in_avals,[32m [repeated 3x across cluster][0m
[36m(CpuApproximationActor pid=3354)[0m     ~~~~~~~~~~~~~~~~~~~~~~~~^^^^^^^^^^^^^^^^^^^^^^^^^^^^^^[32m [repeated 3x across cluster][0m
[36m(CpuApproximationActor pid=3354)[0m                              map(core.shaped_abstractify, args),[32m [repeated 3x across cluster][0m
[36m(CpuApproximationActor pid=3354)[0m                              ^^^^^^^^^^^^^^^^^^^^^^^^^^^^^^^^^^^[32m [repeated 3x across cluster][0m
[36m(CpuApproximationActor pid=3354)[0m                              self._all_args_info.debug_info)[32m [repeated 3x across cluster][0m
[36m(CpuApproximationActor pid=3354)[0m                              ^^^^^^^^^^^^^^^^^^^^^^^^^^^^^^^[32m [repeated 3x across cluster][0m
[36m(CpuApproximationActor pid=3354)[0m   File "/Users/assmuth/dsnn/.venv/lib/python3.13/site-packages/jax/_src/interpreters/pxla.py", line 1998, in check_arg_avals_for_call[32m [repeated 3x across cluster][0m
[36m(CpuApproximationActor pid=3354)[0m     raise TypeError([32m [repeated 3x across cluster][0m
[36m(CpuApproximationActor pid=3354)[0m         f"{num_mismatch_str} mismatches are:\n{str_errors}")[32m [repeated 3x across cluster][0m
[36m(CpuApproximationActor pid=3354)[0m TypeError: Argument types differ from the types for which this computation was compiled. Perhaps you are calling the compiled executable with a different enable_x64 mode than when it was AOT compiled? The mismatches are:[32m [repeated 3x across cluster][0m
[36m(CpuApproximationActor pid=3353)[0m /Users/assmuth/dsnn/graphax/src/graphax/jaxpr.py:779: UserWarning: jaxpr tokenizer: uncaptured value rendered as '?': 'jit'[32m [repeated 2x across cluster][0m
[36m(CpuApproximationActor pid=3353)[0m   warnings.warn([32m [repeated 26x across cluster][0m
[36m(CpuApproximationActor pid=3353)[0m /Users/assmuth/dsnn/graphax/src/graphax/jaxpr.py:779: UserWarning: jaxpr tokenizer: uncaptured value rendered as '?': 'compiler_options_kvs'[32m [repeated 2x across cluster][0m
[36m(CpuApproximationActor pid=3353)[0m /Users/assmuth/dsnn/graphax/src/graphax/jaxpr.py:779: UserWarning: jaxpr tokenizer: uncaptured value rendered as '?': 'donated_invars'[32m [repeated 2x across cluster][0m
[36m(CpuApproximationActor pid=3353)[0m /Users/assmuth/dsnn/graphax/src/graphax/jaxpr.py:779: UserWarning: jaxpr tokenizer: uncaptured value rendered as '?': 'in_layouts'[32m [repeated 2x across cluster][0m
[36m(CpuApproximationActor pid=3353)[0m /Users/assmuth/dsnn/graphax/src/graphax/jaxpr.py:779: UserWarning: jaxpr tokenizer: uncaptured value rendered as '?': 'None'[32m [repeated 2x across cluster][0m
[36m(CpuApproximationActor pid=3353)[0m /Users/assmuth/dsnn/graphax/src/graphax/jaxpr.py:779: UserWarning: jaxpr tokenizer: uncaptured value rendered as '?': 'in_shardings'[32m [repeated 2x across cluster][0m
[36m(CpuApproximationActor pid=3353)[0m /Users/assmuth/dsnn/graphax/src/graphax/jaxpr.py:779: UserWarning: jaxpr tokenizer: uncaptured value rendered as '?': 'UnspecifiedValue'[32m [repeated 2x across cluster][0m
[36m(CpuApproximationActor pid=3353)[0m /Users/assmuth/dsnn/graphax/src/graphax/jaxpr.py:779: UserWarning: jaxpr tokenizer: uncaptured value rendered as '?': 'inline'[32m [repeated 2x across cluster][0m
[36m(CpuApproximationActor pid=3353)[0m /Users/assmuth/dsnn/graphax/src/graphax/jaxpr.py:779: UserWarning: jaxpr tokenizer: uncaptured value rendered as '?': 'keep_unused'[32m [repeated 2x across cluster][0m
[36m(CpuApproximationActor pid=3353)[0m /Users/assmuth/dsnn/graphax/src/graphax/jaxpr.py:779: UserWarning: jaxpr tokenizer: uncaptured value rendered as '?': 'name'[32m [repeated 2x across cluster][0m
[36m(CpuApproximationActor pid=3353)[0m /Users/assmuth/dsnn/graphax/src/graphax/jaxpr.py:779: UserWarning: jaxpr tokenizer: uncaptured value rendered as '?': '_where'[32m [repeated 2x across cluster][0m
[36m(CpuApproximationActor pid=3353)[0m /Users/assmuth/dsnn/graphax/src/graphax/jaxpr.py:779: UserWarning: jaxpr tokenizer: uncaptured value rendered as '?': 'out_layouts'[32m [repeated 2x across cluster][0m
[36m(CpuApproximationActor pid=3353)[0m /Users/assmuth/dsnn/graphax/src/graphax/jaxpr.py:779: UserWarning: jaxpr tokenizer: uncaptured value rendered as '?': 'out_shardings'[32m [repeated 2x across cluster][0m
[36m(CpuApproximationActor pid=7785)[0m W0723 15:03:28.961247    7785 text_format.cc:393] Warning parsing text-format xla.TritonGemmConfigsProto: 36:55 (N = 256): text format contains deprecated field "split_k"[32m [repeated 9x across cluster][0m
[36m(CpuApproximationActor pid=7785)[0m [cpu_approx_worker pid=7785] env: ALPHAGRAD_EXACT_ONLY=1 ALPHAGRAD_EXAMPLE_WIDTH=64 ALPHAGRAD_FACE_TRANSFORMS=0 ALPHAGRAD_MEASURE_VIA_AOJ=0 ALPHAGRAD_PER_FACE_MVP=0 ALPHAGRAD_POLICY=palimpsa JAX_COMPILATION_CACHE_DIR=/tmp/dsnn-jax-cache-55187-pgi15-gpu13
[36m(CpuApproximationActor pid=7785)[0m [measure-actor 4] host=pgi15-gpu13 CUDA_VISIBLE_DEVICES=1 jax_devices=[CudaDevice(id=0)]
[36m(PPOActor pid=3352)[0m [per-face] builds=600 applied=0 skipped=0 applied_frac=0.000
[36m(CpuApproximationActor pid=7785)[0m /Users/assmuth/dsnn/graphax/src/graphax/jaxpr.py:779: UserWarning: jaxpr tokenizer: uncaptured value rendered as '?': 'jit'
[36m(CpuApproximationActor pid=7785)[0m   warnings.warn([32m [repeated 13x across cluster][0m
[36m(CpuApproximationActor pid=7785)[0m /Users/assmuth/dsnn/graphax/src/graphax/jaxpr.py:779: UserWarning: jaxpr tokenizer: uncaptured value rendered as '?': 'compiler_options_kvs'
[36m(CpuApproximationActor pid=7785)[0m /Users/assmuth/dsnn/graphax/src/graphax/jaxpr.py:779: UserWarning: jaxpr tokenizer: uncaptured value rendered as '?': 'donated_invars'
[36m(CpuApproximationActor pid=7785)[0m /Users/assmuth/dsnn/graphax/src/graphax/jaxpr.py:779: UserWarning: jaxpr tokenizer: uncaptured value rendered as '?': 'in_layouts'
[36m(CpuApproximationActor pid=7785)[0m /Users/assmuth/dsnn/graphax/src/graphax/jaxpr.py:779: UserWarning: jaxpr tokenizer: uncaptured value rendered as '?': 'None'
[36m(CpuApproximationActor pid=7785)[0m /Users/assmuth/dsnn/graphax/src/graphax/jaxpr.py:779: UserWarning: jaxpr tokenizer: uncaptured value rendered as '?': 'in_shardings'
[36m(CpuApproximationActor pid=7785)[0m /Users/assmuth/dsnn/graphax/src/graphax/jaxpr.py:779: UserWarning: jaxpr tokenizer: uncaptured value rendered as '?': 'UnspecifiedValue'
[36m(CpuApproximationActor pid=7785)[0m /Users/assmuth/dsnn/graphax/src/graphax/jaxpr.py:779: UserWarning: jaxpr tokenizer: uncaptured value rendered as '?': 'inline'
[36m(CpuApproximationActor pid=7785)[0m /Users/assmuth/dsnn/graphax/src/graphax/jaxpr.py:779: UserWarning: jaxpr tokenizer: uncaptured value rendered as '?': 'keep_unused'
[36m(CpuApproximationActor pid=7785)[0m /Users/assmuth/dsnn/graphax/src/graphax/jaxpr.py:779: UserWarning: jaxpr tokenizer: uncaptured value rendered as '?': 'name'
[36m(CpuApproximationActor pid=7785)[0m /Users/assmuth/dsnn/graphax/src/graphax/jaxpr.py:779: UserWarning: jaxpr tokenizer: uncaptured value rendered as '?': '_where'
[36m(CpuApproximationActor pid=7785)[0m /Users/assmuth/dsnn/graphax/src/graphax/jaxpr.py:779: UserWarning: jaxpr tokenizer: uncaptured value rendered as '?': 'out_layouts'
[36m(CpuApproximationActor pid=7785)[0m /Users/assmuth/dsnn/graphax/src/graphax/jaxpr.py:779: UserWarning: jaxpr tokenizer: uncaptured value rendered as '?': 'out_shardings'
[36m(CpuApproximationActor pid=3355)[0m [SENTINEL] measure-exception step=12 order_len=12 terminal=True: TypeError: Argument types differ from the types for which this computation was compiled. Perhaps you are calling the compiled executable with a different enable_x64 mode than when it was AOT 
[36m(CpuApproximationActor pid=3355)[0m [SENTINEL-VERBOSE] ==================================================
[36m(CpuApproximationActor pid=3355)[0m [SENTINEL-VERBOSE] step=12 order_len=12 terminal=True init=False point_idx=-1
[36m(CpuApproximationActor pid=3355)[0m [SENTINEL-VERBOSE] EXC TypeError: Argument types differ from the types for which this computation was compiled. Perhaps you are calling the compiled executable with a different enable_x64 mode than when it was AOT compiled? The mismatches are:
[36m(CpuApproximationActor pid=3355)[0m Argument 'x' compiled with float32[16,64] and called with float32[16,4]
[36m(CpuApproximationActor pid=3355)[0m Argument 'y' compiled with float32[16,64] and called with float32[16,4]
[36m(CpuApproximationActor pid=3355)[0m [SENTINEL-VERBOSE] ORDER (12): [5, 1, 8, 4, 10, 7, 2, 6, 11, 3, 9, 12]
[36m(CpuApproximationActor pid=3355)[0m [SENTINEL-VERBOSE] MICRO-ACTIONS (per vertex, in elimination order):
[36m(CpuApproximationActor pid=3355)[0m     v0(vertex_id=5): COMPRESS(axis=1,kind=abs_max)
[36m(CpuApproximationActor pid=3355)[0m     v1(vertex_id=1): COMPRESS(axis=0,kind=abs_max)
[36m(CpuApproximationActor pid=3355)[0m     v2(vertex_id=8): QUANT(dtype=float8_e3m4)
[36m(CpuApproximationActor pid=3355)[0m     v3(vertex_id=4): COMPRESS(axis=1,kind=abs_max)
[36m(CpuApproximationActor pid=3355)[0m     v4(vertex_id=10): COMPRESS(axis=1,kind=max)
[36m(CpuApproximationActor pid=3355)[0m     v5(vertex_id=7): COMPRESS(axis=0,kind=abs_max)
[36m(CpuApproximationActor pid=3355)[0m     v6(vertex_id=2): COMPRESS(axis=0,kind=abs_max)
[36m(CpuApproximationActor pid=3355)[0m     v7(vertex_id=6): COMPRESS(axis=0,kind=max)
[36m(CpuApproximationActor pid=3355)[0m     v8(vertex_id=11): QUANT(dtype=float8_e8m0fnu)
[36m(CpuApproximationActor pid=3355)[0m     v10(vertex_id=9): COMPRESS(axis=1,kind=abs_max)
[36m(CpuApproximationActor pid=3355)[0m     v11(vertex_id=12): COMPRESS(axis=0,kind=max)
[36m(CpuApproximationActor pid=3355)[0m [SENTINEL-VERBOSE] TRACEBACK:
[36m(CpuApproximationActor pid=3355)[0m Traceback (most recent call last):
[36m(CpuApproximationActor pid=3355)[0m   File "/Users/assmuth/dsnn/alphagrad/src/alphagrad/approx/cpu_approx_worker.py", line 257, in evaluate
[36m(CpuApproximationActor pid=3355)[0m     tokens, eqn_ids, reward = _callback(
[36m(CpuApproximationActor pid=3355)[0m                               ~~~~~~~~~^
[36m(CpuApproximationActor pid=3355)[0m         self._config,
[36m(CpuApproximationActor pid=3355)[0m         ^^^^^^^^^^^^^
[36m(CpuApproximationActor pid=3355)[0m     ...<7 lines>...
[36m(CpuApproximationActor pid=3355)[0m         point_idx=int(point_idx),
[36m(CpuApproximationActor pid=3355)[0m         ^^^^^^^^^^^^^^^^^^^^^^^^^
[36m(CpuApproximationActor pid=3355)[0m     )
[36m(CpuApproximationActor pid=3355)[0m     ^
[36m(CpuApproximationActor pid=3355)[0m   File "/Users/assmuth/dsnn/alphagrad/src/alphagrad/approx/env.py", line 4003, in _callback
[36m(CpuApproximationActor pid=3355)[0m     out_approx = compiled_approx(*eval_args_i)
[36m(CpuApproximationActor pid=3355)[0m   File "/Users/assmuth/dsnn/.venv/lib/python3.13/site-packages/jax/_src/stages.py", line 884, in __call__
[36m(CpuApproximationActor pid=3355)[0m     return self._call(*args, **kwargs)
[36m(CpuApproximationActor pid=3355)[0m            ~~~~~~~~~~^^^^^^^^^^^^^^^^^
[36m(CpuApproximationActor pid=3355)[0m   File "/Users/assmuth/dsnn/.venv/lib/python3.13/site-packages/jax/_src/interpreters/pxla.py", line 1926, in aot_cache_miss
[36m(CpuApproximationActor pid=3355)[0m     outs, out_flat, args_flat = stages.Compiled.call(params, *args, **kwargs)
[36m(CpuApproximationActor pid=3355)[0m                                 ~~~~~~~~~~~~~~~~~~~~^^^^^^^^^^^^^^^^^^^^^^^^^
[36m(CpuApproximationActor pid=3355)[0m   File "/Users/assmuth/dsnn/.venv/lib/python3.13/site-packages/jax/_src/stages.py", line 861, in call
[36m(CpuApproximationActor pid=3355)[0m     lo_outs = params.executable.call(*params.const_args, *args_flat)
[36m(CpuApproximationActor pid=3355)[0m   File "/Users/assmuth/dsnn/.venv/lib/python3.13/site-packages/jax/_src/interpreters/pxla.py", line 1893, in call
[36m(CpuApproximationActor pid=3355)[0m     check_arg_avals_for_call(self._all_args_info.in_avals,
[36m(CpuApproximationActor pid=3355)[0m     ~~~~~~~~~~~~~~~~~~~~~~~~^^^^^^^^^^^^^^^^^^^^^^^^^^^^^^
[36m(CpuApproximationActor pid=3355)[0m                              map(core.shaped_abstractify, args),
[36m(CpuApproximationActor pid=3355)[0m                              ^^^^^^^^^^^^^^^^^^^^^^^^^^^^^^^^^^^
[36m(CpuApproximationActor pid=3355)[0m                              self._all_args_info.debug_info)
[36m(CpuApproximationActor pid=3355)[0m                              ^^^^^^^^^^^^^^^^^^^^^^^^^^^^^^^
[36m(CpuApproximationActor pid=3355)[0m   File "/Users/assmuth/dsnn/.venv/lib/python3.13/site-packages/jax/_src/interpreters/pxla.py", line 1998, in check_arg_avals_for_call
[36m(CpuApproximationActor pid=3355)[0m     raise TypeError(
[36m(CpuApproximationActor pid=3355)[0m     ...<3 lines>...
[36m(CpuApproximationActor pid=3355)[0m         f"{num_mismatch_str} mismatches are:\n{str_errors}")
[36m(CpuApproximationActor pid=3355)[0m TypeError: Argument types differ from the types for which this computation was compiled. Perhaps you are calling the compiled executable with a different enable_x64 mode than when it was AOT compiled? The mismatches are:
[36m(CpuApproximationActor pid=3355)[0m Argument 'x' compiled with float32[16,64] and called with float32[16,4]
[36m(CpuApproximationActor pid=3355)[0m Argument 'y' compiled with float32[16,64] and called with float32[16,4]
[36m(CpuApproximationActor pid=3355)[0m [SENTINEL-VERBOSE] ==================================================
[36m(CpuApproximationActor pid=3353)[0m     v0(vertex_id=10): COMPRESS(axis=1,kind=max)
[36m(CpuApproximationActor pid=3353)[0m     v1(vertex_id=7): COMPRESS(axis=1,kind=abs_max)
[36m(CpuApproximationActor pid=3353)[0m     v2(vertex_id=5): COMPRESS(axis=1,kind=abs_max)
[36m(CpuApproximationActor pid=3353)[0m     v3(vertex_id=12): COMPRESS(axis=1,kind=abs_max)
[36m(CpuApproximationActor pid=3353)[0m     v4(vertex_id=2): COMPRESS(axis=1,kind=abs_max)
[36m(CpuApproximationActor pid=3353)[0m     v5(vertex_id=4): QUANT(dtype=float8_e8m0fnu)
[36m(CpuApproximationActor pid=3353)[0m     v6(vertex_id=9): COMPRESS(axis=0,kind=max)
[36m(CpuApproximationActor pid=3353)[0m     v7(vertex_id=1): COMPRESS(axis=0,kind=abs_max)
[36m(CpuApproximationActor pid=3353)[0m     v8(vertex_id=8): QUANT(dtype=float8_e8m0fnu)
[36m(CpuApproximationActor pid=3353)[0m     v9(vertex_id=3): COMPRESS(axis=0,kind=abs_max)
[36m(CpuApproximationActor pid=3353)[0m     v10(vertex_id=11): COMPRESS(axis=0,kind=abs_max)
[36m(CpuApproximationActor pid=7785)[0m     v0(vertex_id=7): COMPRESS(axis=1,kind=max)
[36m(CpuApproximationActor pid=7785)[0m     v1(vertex_id=4): COMPRESS(axis=1,kind=abs_max)
[36m(CpuApproximationActor pid=7785)[0m     v3(vertex_id=3): COMPRESS(axis=0,kind=abs_max)
[36m(CpuApproximationActor pid=7785)[0m     v4(vertex_id=10): COMPRESS(axis=1,kind=max)
[36m(CpuApproximationActor pid=7785)[0m     v5(vertex_id=2): COMPRESS(axis=1,kind=abs_max)
[36m(CpuApproximationActor pid=7785)[0m     v7(vertex_id=5): COMPRESS(axis=0,kind=abs_min)
[36m(CpuApproximationActor pid=7785)[0m     v8(vertex_id=8): COMPRESS(axis=0,kind=abs_max)
[36m(CpuApproximationActor pid=7785)[0m     v10(vertex_id=11): COMPRESS(axis=1,kind=abs_max)
[36m(CpuApproximationActor pid=7785)[0m     v11(vertex_id=12): COMPRESS(axis=0,kind=max)
[36m(CpuApproximationActor pid=3353)[0m     v1(vertex_id=4): COMPRESS(axis=1,kind=abs_max)
[36m(CpuApproximationActor pid=3353)[0m     v3(vertex_id=2): COMPRESS(axis=1,kind=max)
[36m(CpuApproximationActor pid=3353)[0m     v5(vertex_id=11): COMPRESS(axis=1,kind=abs_max)
[36m(CpuApproximationActor pid=3353)[0m     v7(vertex_id=3): COMPRESS(axis=0,kind=max)
[36m(CpuApproximationActor pid=3353)[0m     v8(vertex_id=5): DIAG(bi1=1,bi2=0,factor=2)
[36m(CpuApproximationActor pid=3353)[0m     v9(vertex_id=6): COMPRESS(axis=1,kind=abs_max)
[36m(CpuApproximationActor pid=3353)[0m     v10(vertex_id=7): COMPRESS(axis=0,kind=abs_min)
[36m(CpuApproximationActor pid=3353)[0m     v11(vertex_id=9): COMPRESS(axis=0,kind=abs_max)
[36m(CpuApproximationActor pid=3353)[0m [per-face] builds=200 applied=0 skipped=0 applied_frac=0.000
[36m(PPOActor pid=3352)[0m [ppo_ray] 4/48 failed/sentinel transitions this episode (pool timeout / mem-gate / shape-storm); zeroing raw rewards, forcing dones.
[36m(PPOActor pid=3352)[0m [ppo_ray][popart] ep=2 ev=-422414.303 adv(mean/std/absmax)=-0.057/0.054/0.132 latency_ns: mu=+0 sig=1 peak_memory: mu=+0 sig=1 frob_residual: mu=+0 sig=1
ppo_ray best:+0(ep0) mean:+0 loss(p/v):-0.013/0.0088 ent:2.179 nan_skip:0:   0%|▏                                                                | 3/1000 [01:48<8:15:02, 29.79s/it]ppo_ray best:+0(ep0) mean:+0 loss(p/v):0.077/0.0015 ent:2.289 nan_skip:0:   0%|▏                                                                 | 3/1000 [01:48<8:15:02, 29.79s/it][36m(PPOActor pid=3352)[0m [ppo_ray][kl-stop] ep=2 approx_kl_percomp(mean)=0.2078 > target 0.15 after mb 4/4 (joint_kl mean=0.798) -- stopping remaining updates.
[36m(PPOActor pid=3352)[0m [ppo_ray] anti-degen: excluded 4 degenerate/failed terminal env(s) from best_overall.
[36m(CpuApproximationActor pid=3353)[0m [SENTINEL] measure-exception step=12 order_len=12 terminal=True: TypeError: Argument types differ from the types for which this computation was compiled. Perhaps you are calling the compiled executable with a different enable_x64 mode than when it was AOT [32m [repeated 3x across cluster][0m
[36m(CpuApproximationActor pid=3353)[0m [SENTINEL-VERBOSE] ==================================================[32m [repeated 6x across cluster][0m
[36m(CpuApproximationActor pid=3353)[0m [SENTINEL-VERBOSE] step=12 order_len=12 terminal=True init=False point_idx=-1[32m [repeated 3x across cluster][0m
[36m(CpuApproximationActor pid=3353)[0m [SENTINEL-VERBOSE] EXC TypeError: Argument types differ from the types for which this computation was compiled. Perhaps you are calling the compiled executable with a different enable_x64 mode than when it was AOT compiled? The mismatches are:[32m [repeated 3x across cluster][0m
[36m(CpuApproximationActor pid=3353)[0m Argument 'x' compiled with float32[16,64] and called with float32[16,4][32m [repeated 6x across cluster][0m
[36m(CpuApproximationActor pid=3353)[0m Argument 'y' compiled with float32[16,64] and called with float32[16,4][32m [repeated 6x across cluster][0m
[36m(CpuApproximationActor pid=3353)[0m [SENTINEL-VERBOSE] ORDER (12): [8, 4, 10, 2, 12, 11, 1, 3, 5, 6, 7, 9][32m [repeated 3x across cluster][0m
[36m(CpuApproximationActor pid=3353)[0m [SENTINEL-VERBOSE] MICRO-ACTIONS (per vertex, in elimination order):[32m [repeated 3x across cluster][0m
[36m(CpuApproximationActor pid=3353)[0m [SENTINEL-VERBOSE] TRACEBACK:[32m [repeated 3x across cluster][0m
[36m(CpuApproximationActor pid=3353)[0m Traceback (most recent call last):[32m [repeated 3x across cluster][0m
[36m(CpuApproximationActor pid=3353)[0m   File "/Users/assmuth/dsnn/alphagrad/src/alphagrad/approx/cpu_approx_worker.py", line 257, in evaluate[32m [repeated 3x across cluster][0m
[36m(CpuApproximationActor pid=3353)[0m     tokens, eqn_ids, reward = _callback([32m [repeated 3x across cluster][0m
[36m(CpuApproximationActor pid=3353)[0m                               ~~~~~~~~~^[32m [repeated 3x across cluster][0m
[36m(CpuApproximationActor pid=3353)[0m         self._config,[32m [repeated 3x across cluster][0m
[36m(CpuApproximationActor pid=3353)[0m         ^^^^^^^^^^^^^[32m [repeated 3x across cluster][0m
[36m(CpuApproximationActor pid=3353)[0m     ...<3 lines>...[32m [repeated 6x across cluster][0m
[36m(CpuApproximationActor pid=3353)[0m         point_idx=int(point_idx),[32m [repeated 3x across cluster][0m
[36m(CpuApproximationActor pid=3353)[0m         ^^^^^^^^^^^^^^^^^^^^^^^^^[32m [repeated 3x across cluster][0m
[36m(CpuApproximationActor pid=3353)[0m     )[32m [repeated 3x across cluster][0m
[36m(CpuApproximationActor pid=3353)[0m     ^[32m [repeated 3x across cluster][0m
[36m(CpuApproximationActor pid=3353)[0m   File "/Users/assmuth/dsnn/alphagrad/src/alphagrad/approx/env.py", line 4003, in _callback[32m [repeated 3x across cluster][0m
[36m(CpuApproximationActor pid=3353)[0m     out_approx = compiled_approx(*eval_args_i)[32m [repeated 3x across cluster][0m
[36m(CpuApproximationActor pid=3353)[0m   File "/Users/assmuth/dsnn/.venv/lib/python3.13/site-packages/jax/_src/stages.py", line 884, in __call__[32m [repeated 3x across cluster][0m
[36m(CpuApproximationActor pid=3353)[0m     return self._call(*args, **kwargs)[32m [repeated 3x across cluster][0m
[36m(CpuApproximationActor pid=3353)[0m            ~~~~~~~~~~^^^^^^^^^^^^^^^^^[32m [repeated 3x across cluster][0m
[36m(CpuApproximationActor pid=3353)[0m   File "/Users/assmuth/dsnn/.venv/lib/python3.13/site-packages/jax/_src/interpreters/pxla.py", line 1926, in aot_cache_miss[32m [repeated 3x across cluster][0m
[36m(CpuApproximationActor pid=3353)[0m     outs, out_flat, args_flat = stages.Compiled.call(params, *args, **kwargs)[32m [repeated 3x across cluster][0m
[36m(CpuApproximationActor pid=3353)[0m                                 ~~~~~~~~~~~~~~~~~~~~^^^^^^^^^^^^^^^^^^^^^^^^^[32m [repeated 3x across cluster][0m
[36m(CpuApproximationActor pid=3353)[0m   File "/Users/assmuth/dsnn/.venv/lib/python3.13/site-packages/jax/_src/interpreters/pxla.py", line 1893, in call[32m [repeated 6x across cluster][0m
[36m(CpuApproximationActor pid=3353)[0m     lo_outs = params.executable.call(*params.const_args, *args_flat)[32m [repeated 3x across cluster][0m
[36m(CpuApproximationActor pid=3353)[0m     check_arg_avals_for_call(self._all_args_info.in_avals,[32m [repeated 3x across cluster][0m
[36m(CpuApproximationActor pid=3353)[0m     ~~~~~~~~~~~~~~~~~~~~~~~~^^^^^^^^^^^^^^^^^^^^^^^^^^^^^^[32m [repeated 3x across cluster][0m
[36m(CpuApproximationActor pid=3353)[0m                              map(core.shaped_abstractify, args),[32m [repeated 3x across cluster][0m
[36m(CpuApproximationActor pid=3353)[0m                              ^^^^^^^^^^^^^^^^^^^^^^^^^^^^^^^^^^^[32m [repeated 3x across cluster][0m
[36m(CpuApproximationActor pid=3353)[0m                              self._all_args_info.debug_info)[32m [repeated 3x across cluster][0m
[36m(CpuApproximationActor pid=3353)[0m                              ^^^^^^^^^^^^^^^^^^^^^^^^^^^^^^^[32m [repeated 3x across cluster][0m
[36m(CpuApproximationActor pid=3353)[0m   File "/Users/assmuth/dsnn/.venv/lib/python3.13/site-packages/jax/_src/interpreters/pxla.py", line 1998, in check_arg_avals_for_call[32m [repeated 3x across cluster][0m
[36m(CpuApproximationActor pid=3353)[0m     raise TypeError([32m [repeated 3x across cluster][0m
[36m(CpuApproximationActor pid=3353)[0m         f"{num_mismatch_str} mismatches are:\n{str_errors}")[32m [repeated 3x across cluster][0m
[36m(CpuApproximationActor pid=3353)[0m TypeError: Argument types differ from the types for which this computation was compiled. Perhaps you are calling the compiled executable with a different enable_x64 mode than when it was AOT compiled? The mismatches are:[32m [repeated 3x across cluster][0m
[36m(CpuApproximationActor pid=3355)[0m [per-face] builds=200 applied=0 skipped=0 applied_frac=0.000
[36m(CpuApproximationActor pid=3355)[0m     v0(vertex_id=8): QUANT(dtype=float8_e3m4)
[36m(CpuApproximationActor pid=3355)[0m     v1(vertex_id=11): COMPRESS(axis=1,kind=abs_min)
[36m(CpuApproximationActor pid=3355)[0m     v5(vertex_id=7): COMPRESS(axis=1,kind=max)
[36m(CpuApproximationActor pid=3355)[0m     v7(vertex_id=5): COMPRESS(axis=1,kind=max)
[36m(CpuApproximationActor pid=3355)[0m     v9(vertex_id=2): COMPRESS(axis=1,kind=max)
[36m(CpuApproximationActor pid=3355)[0m     v11(vertex_id=1): COMPRESS(axis=0,kind=abs_max)
[36m(CpuApproximationActor pid=3353)[0m     v0(vertex_id=12): COMPRESS(axis=1,kind=max)
[36m(CpuApproximationActor pid=3353)[0m     v1(vertex_id=5): COMPRESS(axis=1,kind=max)
[36m(CpuApproximationActor pid=3353)[0m     v6(vertex_id=6): COMPRESS(axis=1,kind=max)
[36m(CpuApproximationActor pid=3353)[0m     v8(vertex_id=9): QUANT(dtype=float8_e3m4)
[36m(CpuApproximationActor pid=3353)[0m     v10(vertex_id=11): QUANT(dtype=float8_e8m0fnu)
[36m(CpuApproximationActor pid=3353)[0m     v11(vertex_id=8): QUANT(dtype=float8_e8m0fnu)
[36m(CpuApproximationActor pid=7785)[0m     v0(vertex_id=2): DIAG(bi1=0,bi2=0,factor=16)
[36m(CpuApproximationActor pid=7785)[0m     v4(vertex_id=7): QUANT(dtype=float8_e8m0fnu)
[36m(CpuApproximationActor pid=7785)[0m     v5(vertex_id=12): QUANT(dtype=float8_e3m4)
[36m(CpuApproximationActor pid=7785)[0m     v9(vertex_id=1): COMPRESS(axis=2,kind=max)
[36m(CpuApproximationActor pid=7785)[0m     v10(vertex_id=8): QUANT(dtype=float8_e3m4)
[36m(CpuApproximationActor pid=7785)[0m     v11(vertex_id=11): QUANT(dtype=float8_e8m0fnu)
[36m(CpuApproximationActor pid=7785)[0m [SENTINEL] measure-exception step=12 order_len=12 terminal=True: TypeError: Argument types differ from the types for which this computation was compiled. Perhaps you are calling the compiled executable with a different enable_x64 mode than when it was AOT [32m [repeated 3x across cluster][0m
[36m(CpuApproximationActor pid=7785)[0m [SENTINEL-VERBOSE] ==================================================[32m [repeated 6x across cluster][0m
[36m(CpuApproximationActor pid=7785)[0m [SENTINEL-VERBOSE] step=12 order_len=12 terminal=True init=False point_idx=-1[32m [repeated 3x across cluster][0m
[36m(CpuApproximationActor pid=7785)[0m [SENTINEL-VERBOSE] EXC TypeError: Argument types differ from the types for which this computation was compiled. Perhaps you are calling the compiled executable with a different enable_x64 mode than when it was AOT compiled? The mismatches are:[32m [repeated 3x across cluster][0m
[36m(CpuApproximationActor pid=7785)[0m Argument 'x' compiled with float32[16,64] and called with float32[16,4][32m [repeated 6x across cluster][0m
[36m(CpuApproximationActor pid=7785)[0m Argument 'y' compiled with float32[16,64] and called with float32[16,4][32m [repeated 6x across cluster][0m
[36m(CpuApproximationActor pid=7785)[0m [SENTINEL-VERBOSE] ORDER (12): [2, 9, 10, 3, 7, 12, 5, 4, 6, 1, 8, 11][32m [repeated 3x across cluster][0m
[36m(CpuApproximationActor pid=7785)[0m [SENTINEL-VERBOSE] MICRO-ACTIONS (per vertex, in elimination order):[32m [repeated 3x across cluster][0m
[36m(CpuApproximationActor pid=7785)[0m [SENTINEL-VERBOSE] TRACEBACK:[32m [repeated 3x across cluster][0m
[36m(CpuApproximationActor pid=7785)[0m Traceback (most recent call last):[32m [repeated 3x across cluster][0m
[36m(CpuApproximationActor pid=7785)[0m   File "/Users/assmuth/dsnn/alphagrad/src/alphagrad/approx/cpu_approx_worker.py", line 257, in evaluate[32m [repeated 3x across cluster][0m
[36m(CpuApproximationActor pid=7785)[0m     tokens, eqn_ids, reward = _callback([32m [repeated 3x across cluster][0m
[36m(CpuApproximationActor pid=7785)[0m                               ~~~~~~~~~^[32m [repeated 3x across cluster][0m
[36m(CpuApproximationActor pid=7785)[0m         self._config,[32m [repeated 3x across cluster][0m
[36m(CpuApproximationActor pid=7785)[0m         ^^^^^^^^^^^^^[32m [repeated 3x across cluster][0m
[36m(CpuApproximationActor pid=7785)[0m     ...<3 lines>...[32m [repeated 6x across cluster][0m
[36m(CpuApproximationActor pid=7785)[0m         point_idx=int(point_idx),[32m [repeated 3x across cluster][0m
[36m(CpuApproximationActor pid=7785)[0m         ^^^^^^^^^^^^^^^^^^^^^^^^^[32m [repeated 3x across cluster][0m
[36m(CpuApproximationActor pid=7785)[0m     )[32m [repeated 3x across cluster][0m
[36m(CpuApproximationActor pid=7785)[0m     ^[32m [repeated 3x across cluster][0m
[36m(CpuApproximationActor pid=7785)[0m   File "/Users/assmuth/dsnn/alphagrad/src/alphagrad/approx/env.py", line 4003, in _callback[32m [repeated 3x across cluster][0m
[36m(CpuApproximationActor pid=7785)[0m     out_approx = compiled_approx(*eval_args_i)[32m [repeated 3x across cluster][0m
[36m(CpuApproximationActor pid=7785)[0m   File "/Users/assmuth/dsnn/.venv/lib/python3.13/site-packages/jax/_src/stages.py", line 884, in __call__[32m [repeated 3x across cluster][0m
[36m(CpuApproximationActor pid=7785)[0m     return self._call(*args, **kwargs)[32m [repeated 3x across cluster][0m
[36m(CpuApproximationActor pid=7785)[0m            ~~~~~~~~~~^^^^^^^^^^^^^^^^^[32m [repeated 3x across cluster][0m
[36m(CpuApproximationActor pid=7785)[0m   File "/Users/assmuth/dsnn/.venv/lib/python3.13/site-packages/jax/_src/interpreters/pxla.py", line 1926, in aot_cache_miss[32m [repeated 3x across cluster][0m
[36m(CpuApproximationActor pid=7785)[0m     outs, out_flat, args_flat = stages.Compiled.call(params, *args, **kwargs)[32m [repeated 3x across cluster][0m
[36m(CpuApproximationActor pid=7785)[0m                                 ~~~~~~~~~~~~~~~~~~~~^^^^^^^^^^^^^^^^^^^^^^^^^[32m [repeated 3x across cluster][0m
[36m(CpuApproximationActor pid=7785)[0m   File "/Users/assmuth/dsnn/.venv/lib/python3.13/site-packages/jax/_src/interpreters/pxla.py", line 1893, in call[32m [repeated 6x across cluster][0m
[36m(CpuApproximationActor pid=7785)[0m     lo_outs = params.executable.call(*params.const_args, *args_flat)[32m [repeated 3x across cluster][0m
[36m(CpuApproximationActor pid=7785)[0m     check_arg_avals_for_call(self._all_args_info.in_avals,[32m [repeated 3x across cluster][0m
[36m(CpuApproximationActor pid=7785)[0m     ~~~~~~~~~~~~~~~~~~~~~~~~^^^^^^^^^^^^^^^^^^^^^^^^^^^^^^[32m [repeated 3x across cluster][0m
[36m(CpuApproximationActor pid=7785)[0m                              map(core.shaped_abstractify, args),[32m [repeated 3x across cluster][0m
[36m(CpuApproximationActor pid=7785)[0m                              ^^^^^^^^^^^^^^^^^^^^^^^^^^^^^^^^^^^[32m [repeated 3x across cluster][0m
[36m(CpuApproximationActor pid=7785)[0m                              self._all_args_info.debug_info)[32m [repeated 3x across cluster][0m
[36m(CpuApproximationActor pid=7785)[0m                              ^^^^^^^^^^^^^^^^^^^^^^^^^^^^^^^[32m [repeated 3x across cluster][0m
[36m(CpuApproximationActor pid=7785)[0m   File "/Users/assmuth/dsnn/.venv/lib/python3.13/site-packages/jax/_src/interpreters/pxla.py", line 1998, in check_arg_avals_for_call[32m [repeated 3x across cluster][0m
[36m(CpuApproximationActor pid=7785)[0m     raise TypeError([32m [repeated 3x across cluster][0m
[36m(CpuApproximationActor pid=7785)[0m         f"{num_mismatch_str} mismatches are:\n{str_errors}")[32m [repeated 3x across cluster][0m
[36m(CpuApproximationActor pid=7785)[0m TypeError: Argument types differ from the types for which this computation was compiled. Perhaps you are calling the compiled executable with a different enable_x64 mode than when it was AOT compiled? The mismatches are:[32m [repeated 3x across cluster][0m
[36m(CpuApproximationActor pid=3353)[0m     v0(vertex_id=6): QUANT(dtype=float8_e3m4)
[36m(CpuApproximationActor pid=3353)[0m     v2(vertex_id=8): QUANT(dtype=float8_e3m4)
[36m(CpuApproximationActor pid=3353)[0m     v6(vertex_id=2): DIAG(bi1=0,bi2=1,factor=16)
[36m(CpuApproximationActor pid=3353)[0m     v7(vertex_id=11): QUANT(dtype=float8_e3m4)
[36m(CpuApproximationActor pid=3353)[0m     v8(vertex_id=7): QUANT(dtype=float8_e8m0fnu)
[36m(CpuApproximationActor pid=3353)[0m     v9(vertex_id=9): COMPRESS(axis=1,kind=max)
[36m(CpuApproximationActor pid=3353)[0m     v10(vertex_id=5): COMPRESS(axis=1,kind=max)
[36m(PPOActor pid=3352)[0m [ppo_ray] 4/48 failed/sentinel transitions this episode (pool timeout / mem-gate / shape-storm); zeroing raw rewards, forcing dones.
[36m(PPOActor pid=3352)[0m [ppo_ray][popart] ep=3 ev=-145351.571 adv(mean/std/absmax)=-0.051/0.037/0.136 latency_ns: mu=+0 sig=1 peak_memory: mu=+0 sig=1 frob_residual: mu=+0 sig=1
[36m(PPOActor pid=3352)[0m [per-face] builds=800 applied=0 skipped=0 applied_frac=0.000
ppo_ray best:+0(ep0) mean:+0 loss(p/v):0.077/0.0015 ent:2.289 nan_skip:0:   0%|▎                                                                 | 4/1000 [01:57<6:01:57, 21.80s/it]ppo_ray best:+0(ep0) mean:+0 loss(p/v):0.069/0.0036 ent:2.232 nan_skip:0:   0%|▎                                                                 | 4/1000 [01:57<6:01:57, 21.80s/it][36m(PPOActor pid=3352)[0m [ppo_ray] anti-degen: excluded 4 degenerate/failed terminal env(s) from best_overall.
[36m(CpuApproximationActor pid=8275)[0m W0723 15:03:57.551964    8275 text_format.cc:393] Warning parsing text-format xla.TritonGemmConfigsProto: 15:53 (N = 1): text format contains deprecated field "split_k"
[36m(CpuApproximationActor pid=8275)[0m W0723 15:03:57.551986    8275 text_format.cc:393] Warning parsing text-format xla.TritonGemmConfigsProto: 16:53 (N = 2): text format contains deprecated field "split_k"
[36m(CpuApproximationActor pid=8275)[0m W0723 15:03:57.551994    8275 text_format.cc:393] Warning parsing text-format xla.TritonGemmConfigsProto: 18:53 (N = 4): text format contains deprecated field "split_k"
[36m(CpuApproximationActor pid=8275)[0m W0723 15:03:57.552003    8275 text_format.cc:393] Warning parsing text-format xla.TritonGemmConfigsProto: 22:53 (N = 8): text format contains deprecated field "split_k"
[36m(CpuApproximationActor pid=8275)[0m W0723 15:03:57.552017    8275 text_format.cc:393] Warning parsing text-format xla.TritonGemmConfigsProto: 30:53 (N = 16): text format contains deprecated field "split_k"
[36m(CpuApproximationActor pid=8275)[0m W0723 15:03:57.552047    8275 text_format.cc:393] Warning parsing text-format xla.TritonGemmConfigsProto: 16:52 (N = 32): text format contains deprecated field "split_k"
[36m(CpuApproximationActor pid=8275)[0m W0723 15:03:57.552097    8275 text_format.cc:393] Warning parsing text-format xla.TritonGemmConfigsProto: 48:53 (N = 64): text format contains deprecated field "split_k"
[36m(CpuApproximationActor pid=8275)[0m W0723 15:03:57.552208    8275 text_format.cc:393] Warning parsing text-format xla.TritonGemmConfigsProto: 78:53 (N = 128): text format contains deprecated field "split_k"
[36m(CpuApproximationActor pid=8275)[0m W0723 15:03:57.552396    8275 text_format.cc:393] Warning parsing text-format xla.TritonGemmConfigsProto: 36:55 (N = 256): text format contains deprecated field "split_k"
[36m(CpuApproximationActor pid=8275)[0m [cpu_approx_worker pid=8275] env: ALPHAGRAD_EXACT_ONLY=1 ALPHAGRAD_EXAMPLE_WIDTH=64 ALPHAGRAD_FACE_TRANSFORMS=0 ALPHAGRAD_MEASURE_VIA_AOJ=0 ALPHAGRAD_PER_FACE_MVP=0 ALPHAGRAD_POLICY=palimpsa JAX_COMPILATION_CACHE_DIR=/tmp/dsnn-jax-cache-55187-pgi15-gpu13
[36m(CpuApproximationActor pid=8275)[0m [measure-actor 5] host=pgi15-gpu13 CUDA_VISIBLE_DEVICES=3 jax_devices=[CudaDevice(id=0)]
[36m(CpuApproximationActor pid=3353)[0m [SENTINEL] measure-exception step=12 order_len=12 terminal=True: TypeError: Argument types differ from the types for which this computation was compiled. Perhaps you are calling the compiled executable with a different enable_x64 mode than when it was AOT 
[36m(CpuApproximationActor pid=3353)[0m [SENTINEL-VERBOSE] ==================================================[32m [repeated 2x across cluster][0m
[36m(CpuApproximationActor pid=3353)[0m [SENTINEL-VERBOSE] step=12 order_len=12 terminal=True init=False point_idx=-1
[36m(CpuApproximationActor pid=3353)[0m [SENTINEL-VERBOSE] EXC TypeError: Argument types differ from the types for which this computation was compiled. Perhaps you are calling the compiled executable with a different enable_x64 mode than when it was AOT compiled? The mismatches are:
[36m(CpuApproximationActor pid=3353)[0m Argument 'x' compiled with float32[16,64] and called with float32[16,4][32m [repeated 2x across cluster][0m
[36m(CpuApproximationActor pid=3353)[0m Argument 'y' compiled with float32[16,64] and called with float32[16,4][32m [repeated 2x across cluster][0m
[36m(CpuApproximationActor pid=3353)[0m [SENTINEL-VERBOSE] ORDER (12): [6, 3, 8, 1, 10, 4, 2, 11, 7, 9, 5, 12]
[36m(CpuApproximationActor pid=3353)[0m [SENTINEL-VERBOSE] MICRO-ACTIONS (per vertex, in elimination order):
[36m(CpuApproximationActor pid=3353)[0m [SENTINEL-VERBOSE] TRACEBACK:
[36m(CpuApproximationActor pid=3353)[0m Traceback (most recent call last):
[36m(CpuApproximationActor pid=3353)[0m   File "/Users/assmuth/dsnn/alphagrad/src/alphagrad/approx/cpu_approx_worker.py", line 257, in evaluate
[36m(CpuApproximationActor pid=3353)[0m     tokens, eqn_ids, reward = _callback(
[36m(CpuApproximationActor pid=3353)[0m                               ~~~~~~~~~^
[36m(CpuApproximationActor pid=3353)[0m         self._config,
[36m(CpuApproximationActor pid=3353)[0m         ^^^^^^^^^^^^^
[36m(CpuApproximationActor pid=3353)[0m     ...<3 lines>...[32m [repeated 2x across cluster][0m
[36m(CpuApproximationActor pid=3353)[0m         point_idx=int(point_idx),
[36m(CpuApproximationActor pid=3353)[0m         ^^^^^^^^^^^^^^^^^^^^^^^^^
[36m(CpuApproximationActor pid=3353)[0m     )
[36m(CpuApproximationActor pid=3353)[0m     ^
[36m(CpuApproximationActor pid=3353)[0m   File "/Users/assmuth/dsnn/alphagrad/src/alphagrad/approx/env.py", line 4003, in _callback
[36m(CpuApproximationActor pid=3353)[0m     out_approx = compiled_approx(*eval_args_i)
[36m(CpuApproximationActor pid=3353)[0m   File "/Users/assmuth/dsnn/.venv/lib/python3.13/site-packages/jax/_src/stages.py", line 884, in __call__
[36m(CpuApproximationActor pid=3353)[0m     return self._call(*args, **kwargs)
[36m(CpuApproximationActor pid=3353)[0m            ~~~~~~~~~~^^^^^^^^^^^^^^^^^
[36m(CpuApproximationActor pid=3353)[0m   File "/Users/assmuth/dsnn/.venv/lib/python3.13/site-packages/jax/_src/interpreters/pxla.py", line 1926, in aot_cache_miss
[36m(CpuApproximationActor pid=3353)[0m     outs, out_flat, args_flat = stages.Compiled.call(params, *args, **kwargs)
[36m(CpuApproximationActor pid=3353)[0m                                 ~~~~~~~~~~~~~~~~~~~~^^^^^^^^^^^^^^^^^^^^^^^^^
[36m(CpuApproximationActor pid=3353)[0m   File "/Users/assmuth/dsnn/.venv/lib/python3.13/site-packages/jax/_src/interpreters/pxla.py", line 1893, in call[32m [repeated 2x across cluster][0m
[36m(CpuApproximationActor pid=3353)[0m     lo_outs = params.executable.call(*params.const_args, *args_flat)
[36m(CpuApproximationActor pid=3353)[0m     check_arg_avals_for_call(self._all_args_info.in_avals,
[36m(CpuApproximationActor pid=3353)[0m     ~~~~~~~~~~~~~~~~~~~~~~~~^^^^^^^^^^^^^^^^^^^^^^^^^^^^^^
[36m(CpuApproximationActor pid=3353)[0m                              map(core.shaped_abstractify, args),
[36m(CpuApproximationActor pid=3353)[0m                              ^^^^^^^^^^^^^^^^^^^^^^^^^^^^^^^^^^^
[36m(CpuApproximationActor pid=3353)[0m                              self._all_args_info.debug_info)
[36m(CpuApproximationActor pid=3353)[0m                              ^^^^^^^^^^^^^^^^^^^^^^^^^^^^^^^
[36m(CpuApproximationActor pid=3353)[0m   File "/Users/assmuth/dsnn/.venv/lib/python3.13/site-packages/jax/_src/interpreters/pxla.py", line 1998, in check_arg_avals_for_call
[36m(CpuApproximationActor pid=3353)[0m     raise TypeError(
[36m(CpuApproximationActor pid=3353)[0m         f"{num_mismatch_str} mismatches are:\n{str_errors}")
[36m(CpuApproximationActor pid=3353)[0m TypeError: Argument types differ from the types for which this computation was compiled. Perhaps you are calling the compiled executable with a different enable_x64 mode than when it was AOT compiled? The mismatches are:
[36m(CpuApproximationActor pid=8275)[0m /Users/assmuth/dsnn/graphax/src/graphax/jaxpr.py:779: UserWarning: jaxpr tokenizer: uncaptured value rendered as '?': 'jit'
[36m(CpuApproximationActor pid=8275)[0m   warnings.warn(
[36m(CpuApproximationActor pid=8275)[0m /Users/assmuth/dsnn/graphax/src/graphax/jaxpr.py:779: UserWarning: jaxpr tokenizer: uncaptured value rendered as '?': 'compiler_options_kvs'
[36m(CpuApproximationActor pid=8275)[0m   warnings.warn(
[36m(CpuApproximationActor pid=8275)[0m /Users/assmuth/dsnn/graphax/src/graphax/jaxpr.py:779: UserWarning: jaxpr tokenizer: uncaptured value rendered as '?': 'donated_invars'
[36m(CpuApproximationActor pid=8275)[0m   warnings.warn(
[36m(CpuApproximationActor pid=8275)[0m /Users/assmuth/dsnn/graphax/src/graphax/jaxpr.py:779: UserWarning: jaxpr tokenizer: uncaptured value rendered as '?': 'in_layouts'
[36m(CpuApproximationActor pid=8275)[0m   warnings.warn(
[36m(CpuApproximationActor pid=8275)[0m /Users/assmuth/dsnn/graphax/src/graphax/jaxpr.py:779: UserWarning: jaxpr tokenizer: uncaptured value rendered as '?': 'None'
[36m(CpuApproximationActor pid=8275)[0m   warnings.warn(
[36m(CpuApproximationActor pid=8275)[0m /Users/assmuth/dsnn/graphax/src/graphax/jaxpr.py:779: UserWarning: jaxpr tokenizer: uncaptured value rendered as '?': 'in_shardings'
[36m(CpuApproximationActor pid=8275)[0m   warnings.warn(
[36m(CpuApproximationActor pid=8275)[0m /Users/assmuth/dsnn/graphax/src/graphax/jaxpr.py:779: UserWarning: jaxpr tokenizer: uncaptured value rendered as '?': 'UnspecifiedValue'
[36m(CpuApproximationActor pid=8275)[0m   warnings.warn(
[36m(CpuApproximationActor pid=8275)[0m /Users/assmuth/dsnn/graphax/src/graphax/jaxpr.py:779: UserWarning: jaxpr tokenizer: uncaptured value rendered as '?': 'inline'
[36m(CpuApproximationActor pid=8275)[0m   warnings.warn(
[36m(CpuApproximationActor pid=8275)[0m /Users/assmuth/dsnn/graphax/src/graphax/jaxpr.py:779: UserWarning: jaxpr tokenizer: uncaptured value rendered as '?': 'keep_unused'
[36m(CpuApproximationActor pid=8275)[0m   warnings.warn(
[36m(CpuApproximationActor pid=8275)[0m /Users/assmuth/dsnn/graphax/src/graphax/jaxpr.py:779: UserWarning: jaxpr tokenizer: uncaptured value rendered as '?': 'name'
[36m(CpuApproximationActor pid=8275)[0m   warnings.warn(
[36m(CpuApproximationActor pid=8275)[0m /Users/assmuth/dsnn/graphax/src/graphax/jaxpr.py:779: UserWarning: jaxpr tokenizer: uncaptured value rendered as '?': '_where'
[36m(CpuApproximationActor pid=8275)[0m   warnings.warn(
[36m(CpuApproximationActor pid=8275)[0m /Users/assmuth/dsnn/graphax/src/graphax/jaxpr.py:779: UserWarning: jaxpr tokenizer: uncaptured value rendered as '?': 'out_layouts'
[36m(CpuApproximationActor pid=8275)[0m   warnings.warn(
[36m(CpuApproximationActor pid=8275)[0m /Users/assmuth/dsnn/graphax/src/graphax/jaxpr.py:779: UserWarning: jaxpr tokenizer: uncaptured value rendered as '?': 'out_shardings'
[36m(CpuApproximationActor pid=8275)[0m   warnings.warn(
[36m(CpuApproximationActor pid=3355)[0m [SENTINEL] measure-exception step=12 order_len=12 terminal=True: TypeError: Argument types differ from the types for which this computation was compiled. Perhaps you are calling the compiled executable with a different enable_x64 mode than when it was AOT 
[36m(CpuApproximationActor pid=3355)[0m [SENTINEL-VERBOSE] step=12 order_len=12 terminal=True init=False point_idx=-1
[36m(CpuApproximationActor pid=3355)[0m [SENTINEL-VERBOSE] EXC TypeError: Argument types differ from the types for which this computation was compiled. Perhaps you are calling the compiled executable with a different enable_x64 mode than when it was AOT compiled? The mismatches are:
[36m(CpuApproximationActor pid=3355)[0m [SENTINEL-VERBOSE] ORDER (12): [2, 8, 4, 12, 7, 9, 1, 10, 11, 6, 3, 5]
[36m(CpuApproximationActor pid=3355)[0m [SENTINEL-VERBOSE] MICRO-ACTIONS (per vertex, in elimination order):
[36m(CpuApproximationActor pid=3355)[0m     v3(vertex_id=12): COMPRESS(axis=1,kind=max)
[36m(CpuApproximationActor pid=3355)[0m     v4(vertex_id=7): QUANT(dtype=float8_e3m4)
[36m(CpuApproximationActor pid=3355)[0m     v5(vertex_id=9): COMPRESS(axis=1,kind=max)
[36m(CpuApproximationActor pid=3355)[0m     v10(vertex_id=3): COMPRESS(axis=1,kind=max)
[36m(CpuApproximationActor pid=3355)[0m [SENTINEL-VERBOSE] TRACEBACK:
[36m(CpuApproximationActor pid=3355)[0m Traceback (most recent call last):
[36m(CpuApproximationActor pid=3355)[0m   File "/Users/assmuth/dsnn/alphagrad/src/alphagrad/approx/cpu_approx_worker.py", line 257, in evaluate
[36m(CpuApproximationActor pid=3355)[0m     tokens, eqn_ids, reward = _callback(
[36m(CpuApproximationActor pid=3355)[0m                               ~~~~~~~~~^
[36m(CpuApproximationActor pid=3355)[0m         self._config,
[36m(CpuApproximationActor pid=3355)[0m         ^^^^^^^^^^^^^
[36m(CpuApproximationActor pid=3355)[0m         point_idx=int(point_idx),
[36m(CpuApproximationActor pid=3355)[0m         ^^^^^^^^^^^^^^^^^^^^^^^^^
[36m(CpuApproximationActor pid=3355)[0m     )
[36m(CpuApproximationActor pid=3355)[0m     ^
[36m(CpuApproximationActor pid=3355)[0m   File "/Users/assmuth/dsnn/alphagrad/src/alphagrad/approx/env.py", line 4003, in _callback
[36m(CpuApproximationActor pid=3355)[0m     out_approx = compiled_approx(*eval_args_i)
[36m(CpuApproximationActor pid=3355)[0m   File "/Users/assmuth/dsnn/.venv/lib/python3.13/site-packages/jax/_src/stages.py", line 884, in __call__
[36m(CpuApproximationActor pid=3355)[0m     return self._call(*args, **kwargs)
[36m(CpuApproximationActor pid=3355)[0m            ~~~~~~~~~~^^^^^^^^^^^^^^^^^
[36m(CpuApproximationActor pid=3355)[0m   File "/Users/assmuth/dsnn/.venv/lib/python3.13/site-packages/jax/_src/interpreters/pxla.py", line 1926, in aot_cache_miss
[36m(CpuApproximationActor pid=3355)[0m     outs, out_flat, args_flat = stages.Compiled.call(params, *args, **kwargs)
[36m(CpuApproximationActor pid=3355)[0m                                 ~~~~~~~~~~~~~~~~~~~~^^^^^^^^^^^^^^^^^^^^^^^^^
[36m(CpuApproximationActor pid=3355)[0m     lo_outs = params.executable.call(*params.const_args, *args_flat)
[36m(CpuApproximationActor pid=3355)[0m     check_arg_avals_for_call(self._all_args_info.in_avals,
[36m(CpuApproximationActor pid=3355)[0m     ~~~~~~~~~~~~~~~~~~~~~~~~^^^^^^^^^^^^^^^^^^^^^^^^^^^^^^
[36m(CpuApproximationActor pid=3355)[0m                              map(core.shaped_abstractify, args),
[36m(CpuApproximationActor pid=3355)[0m                              ^^^^^^^^^^^^^^^^^^^^^^^^^^^^^^^^^^^
[36m(CpuApproximationActor pid=3355)[0m                              self._all_args_info.debug_info)
[36m(CpuApproximationActor pid=3355)[0m                              ^^^^^^^^^^^^^^^^^^^^^^^^^^^^^^^
[36m(CpuApproximationActor pid=3355)[0m   File "/Users/assmuth/dsnn/.venv/lib/python3.13/site-packages/jax/_src/interpreters/pxla.py", line 1998, in check_arg_avals_for_call
[36m(CpuApproximationActor pid=3355)[0m     raise TypeError(
[36m(CpuApproximationActor pid=3355)[0m         f"{num_mismatch_str} mismatches are:\n{str_errors}")
[36m(CpuApproximationActor pid=3355)[0m TypeError: Argument types differ from the types for which this computation was compiled. Perhaps you are calling the compiled executable with a different enable_x64 mode than when it was AOT compiled? The mismatches are:
[36m(CpuApproximationActor pid=3355)[0m [SENTINEL-VERBOSE] ==================================================[32m [repeated 2x across cluster][0m
[36m(CpuApproximationActor pid=3355)[0m Argument 'x' compiled with float32[16,64] and called with float32[16,4][32m [repeated 2x across cluster][0m
[36m(CpuApproximationActor pid=3355)[0m Argument 'y' compiled with float32[16,64] and called with float32[16,4][32m [repeated 2x across cluster][0m
[36m(CpuApproximationActor pid=3355)[0m     ...<3 lines>...[32m [repeated 2x across cluster][0m
[36m(CpuApproximationActor pid=3355)[0m   File "/Users/assmuth/dsnn/.venv/lib/python3.13/site-packages/jax/_src/interpreters/pxla.py", line 1893, in call[32m [repeated 2x across cluster][0m
[36m(CpuApproximationActor pid=7785)[0m     v2(vertex_id=2): COMPRESS(axis=1,kind=max)
[36m(CpuApproximationActor pid=7785)[0m     v3(vertex_id=3): QUANT(dtype=float8_e3m4)
[36m(CpuApproximationActor pid=7785)[0m     v4(vertex_id=12): QUANT(dtype=float8_e3m4)
[36m(CpuApproximationActor pid=7785)[0m     v6(vertex_id=8): QUANT(dtype=float8_e8m0fnu)
[36m(CpuApproximationActor pid=7785)[0m     v7(vertex_id=7): QUANT(dtype=uint32)
[36m(CpuApproximationActor pid=7785)[0m     v9(vertex_id=1): DIAG(bi1=1,bi2=0,factor=16)
[36m(CpuApproximationActor pid=7785)[0m     v10(vertex_id=9): COMPRESS(axis=1,kind=max)
[36m(CpuApproximationActor pid=7785)[0m     v11(vertex_id=11): COMPRESS(axis=1,kind=max)
[36m(CpuApproximationActor pid=8275)[0m     v2(vertex_id=8): QUANT(dtype=float8_e3m4)
[36m(CpuApproximationActor pid=8275)[0m     v4(vertex_id=1): QUANT(dtype=float8_e8m0fnu)
[36m(CpuApproximationActor pid=8275)[0m     v5(vertex_id=9): COMPRESS(axis=1,kind=max)
[36m(CpuApproximationActor pid=8275)[0m     v6(vertex_id=6): QUANT(dtype=float8_e8m0fnu)
[36m(CpuApproximationActor pid=3355)[0m     v1(vertex_id=8): QUANT(dtype=float8_e3m4)
[36m(CpuApproximationActor pid=3355)[0m     v2(vertex_id=3): COMPRESS(axis=1,kind=max)
[36m(CpuApproximationActor pid=3355)[0m     v8(vertex_id=12): COMPRESS(axis=1,kind=max)
[36m(CpuApproximationActor pid=3355)[0m     v11(vertex_id=10): COMPRESS(axis=1,kind=max)
[36m(PPOActor pid=3352)[0m [per-face] builds=1000 applied=0 skipped=0 applied_frac=0.000
[36m(PPOActor pid=3352)[0m [ppo_ray] 4/48 failed/sentinel transitions this episode (pool timeout / mem-gate / shape-storm); zeroing raw rewards, forcing dones.
[36m(PPOActor pid=3352)[0m [ppo_ray][popart] ep=4 ev=-396890.496 adv(mean/std/absmax)=+0.041/0.046/0.153 latency_ns: mu=+0 sig=1 peak_memory: mu=+0 sig=1 frob_residual: mu=+0 sig=1
ppo_ray best:+0(ep0) mean:+0 loss(p/v):0.069/0.0036 ent:2.232 nan_skip:0:   0%|▎                                                                 | 5/1000 [02:15<5:40:38, 20.54s/it]ppo_ray best:+0(ep0) mean:+0 loss(p/v):-0.036/0.0018 ent:2.499 nan_skip:0:   0%|▎                                                                | 5/1000 [02:15<5:40:38, 20.54s/it]                                                                                                                                                                                      [ppo_ray] ep=   5/1000 best=+0(ep0) mean=+0 ent=2.499 buf=0 step=5
            best-overall-traj-rewards: 
            per-channel-best:          late=+0 peak=+0 frob=+0
            mean-per-channel:          
ppo_ray best:+0(ep0) mean:+0 loss(p/v):-0.036/0.0018 ent:2.499 nan_skip:0:   0%|▎                                                                | 5/1000 [02:15<5:40:38, 20.54s/it][36m(PPOActor pid=3352)[0m [ppo_ray] anti-degen: excluded 4 degenerate/failed terminal env(s) from best_overall.
[36m(CpuApproximationActor pid=3355)[0m [SENTINEL] measure-exception step=12 order_len=12 terminal=True: TypeError: Argument types differ from the types for which this computation was compiled. Perhaps you are calling the compiled executable with a different enable_x64 mode than when it was AOT [32m [repeated 3x across cluster][0m
[36m(CpuApproximationActor pid=3355)[0m [SENTINEL-VERBOSE] step=12 order_len=12 terminal=True init=False point_idx=-1[32m [repeated 3x across cluster][0m
[36m(CpuApproximationActor pid=3355)[0m [SENTINEL-VERBOSE] EXC TypeError: Argument types differ from the types for which this computation was compiled. Perhaps you are calling the compiled executable with a different enable_x64 mode than when it was AOT compiled? The mismatches are:[32m [repeated 3x across cluster][0m
[36m(CpuApproximationActor pid=3355)[0m [SENTINEL-VERBOSE] ORDER (12): [4, 8, 3, 6, 7, 9, 5, 11, 12, 1, 2, 10][32m [repeated 3x across cluster][0m
[36m(CpuApproximationActor pid=3355)[0m [SENTINEL-VERBOSE] MICRO-ACTIONS (per vertex, in elimination order):[32m [repeated 3x across cluster][0m
[36m(CpuApproximationActor pid=3355)[0m [SENTINEL-VERBOSE] TRACEBACK:[32m [repeated 3x across cluster][0m
[36m(CpuApproximationActor pid=3355)[0m Traceback (most recent call last):[32m [repeated 3x across cluster][0m
[36m(CpuApproximationActor pid=3355)[0m   File "/Users/assmuth/dsnn/alphagrad/src/alphagrad/approx/cpu_approx_worker.py", line 257, in evaluate[32m [repeated 3x across cluster][0m
[36m(CpuApproximationActor pid=3355)[0m     tokens, eqn_ids, reward = _callback([32m [repeated 3x across cluster][0m
[36m(CpuApproximationActor pid=3355)[0m                               ~~~~~~~~~^[32m [repeated 3x across cluster][0m
[36m(CpuApproximationActor pid=3355)[0m         self._config,[32m [repeated 3x across cluster][0m
[36m(CpuApproximationActor pid=3355)[0m         ^^^^^^^^^^^^^[32m [repeated 3x across cluster][0m
[36m(CpuApproximationActor pid=3355)[0m         point_idx=int(point_idx),[32m [repeated 3x across cluster][0m
[36m(CpuApproximationActor pid=3355)[0m         ^^^^^^^^^^^^^^^^^^^^^^^^^[32m [repeated 3x across cluster][0m
[36m(CpuApproximationActor pid=3355)[0m     )[32m [repeated 3x across cluster][0m
[36m(CpuApproximationActor pid=3355)[0m     ^[32m [repeated 3x across cluster][0m
[36m(CpuApproximationActor pid=3355)[0m   File "/Users/assmuth/dsnn/alphagrad/src/alphagrad/approx/env.py", line 4003, in _callback[32m [repeated 3x across cluster][0m
[36m(CpuApproximationActor pid=3355)[0m     out_approx = compiled_approx(*eval_args_i)[32m [repeated 3x across cluster][0m
[36m(CpuApproximationActor pid=3355)[0m   File "/Users/assmuth/dsnn/.venv/lib/python3.13/site-packages/jax/_src/stages.py", line 884, in __call__[32m [repeated 3x across cluster][0m
[36m(CpuApproximationActor pid=3355)[0m     return self._call(*args, **kwargs)[32m [repeated 3x across cluster][0m
[36m(CpuApproximationActor pid=3355)[0m            ~~~~~~~~~~^^^^^^^^^^^^^^^^^[32m [repeated 3x across cluster][0m
[36m(CpuApproximationActor pid=3355)[0m   File "/Users/assmuth/dsnn/.venv/lib/python3.13/site-packages/jax/_src/interpreters/pxla.py", line 1926, in aot_cache_miss[32m [repeated 3x across cluster][0m
[36m(CpuApproximationActor pid=3355)[0m     outs, out_flat, args_flat = stages.Compiled.call(params, *args, **kwargs)[32m [repeated 3x across cluster][0m
[36m(CpuApproximationActor pid=3355)[0m                                 ~~~~~~~~~~~~~~~~~~~~^^^^^^^^^^^^^^^^^^^^^^^^^[32m [repeated 3x across cluster][0m
[36m(CpuApproximationActor pid=3355)[0m     lo_outs = params.executable.call(*params.const_args, *args_flat)[32m [repeated 3x across cluster][0m
[36m(CpuApproximationActor pid=3355)[0m     check_arg_avals_for_call(self._all_args_info.in_avals,[32m [repeated 3x across cluster][0m
[36m(CpuApproximationActor pid=3355)[0m     ~~~~~~~~~~~~~~~~~~~~~~~~^^^^^^^^^^^^^^^^^^^^^^^^^^^^^^[32m [repeated 3x across cluster][0m
[36m(CpuApproximationActor pid=3355)[0m                              map(core.shaped_abstractify, args),[32m [repeated 3x across cluster][0m
[36m(CpuApproximationActor pid=3355)[0m                              ^^^^^^^^^^^^^^^^^^^^^^^^^^^^^^^^^^^[32m [repeated 3x across cluster][0m
[36m(CpuApproximationActor pid=3355)[0m                              self._all_args_info.debug_info)[32m [repeated 3x across cluster][0m
[36m(CpuApproximationActor pid=3355)[0m                              ^^^^^^^^^^^^^^^^^^^^^^^^^^^^^^^[32m [repeated 3x across cluster][0m
[36m(CpuApproximationActor pid=3355)[0m   File "/Users/assmuth/dsnn/.venv/lib/python3.13/site-packages/jax/_src/interpreters/pxla.py", line 1998, in check_arg_avals_for_call[32m [repeated 3x across cluster][0m
[36m(CpuApproximationActor pid=3355)[0m     raise TypeError([32m [repeated 3x across cluster][0m
[36m(CpuApproximationActor pid=3355)[0m         f"{num_mismatch_str} mismatches are:\n{str_errors}")[32m [repeated 3x across cluster][0m
[36m(CpuApproximationActor pid=3355)[0m TypeError: Argument types differ from the types for which this computation was compiled. Perhaps you are calling the compiled executable with a different enable_x64 mode than when it was AOT compiled? The mismatches are:[32m [repeated 3x across cluster][0m
[36m(CpuApproximationActor pid=3355)[0m [SENTINEL-VERBOSE] ==================================================[32m [repeated 6x across cluster][0m
[36m(CpuApproximationActor pid=3355)[0m Argument 'x' compiled with float32[16,64] and called with float32[16,4][32m [repeated 6x across cluster][0m
[36m(CpuApproximationActor pid=3355)[0m Argument 'y' compiled with float32[16,64] and called with float32[16,4][32m [repeated 6x across cluster][0m
[36m(CpuApproximationActor pid=3355)[0m     ...<3 lines>...[32m [repeated 6x across cluster][0m
[36m(CpuApproximationActor pid=3355)[0m   File "/Users/assmuth/dsnn/.venv/lib/python3.13/site-packages/jax/_src/interpreters/pxla.py", line 1893, in call[32m [repeated 6x across cluster][0m
[36m(CpuApproximationActor pid=7785)[0m [per-face] builds=200 applied=0 skipped=0 applied_frac=0.000
[36m(PPOActor pid=3352)[0m [per-face] builds=1200 applied=0 skipped=0 applied_frac=0.000
[36m(CpuApproximationActor pid=3355)[0m     v0(vertex_id=5): DIAG(bi1=1,bi2=1,factor=8)
[36m(CpuApproximationActor pid=3355)[0m     v2(vertex_id=6): COMPRESS(axis=1,kind=max)
[36m(CpuApproximationActor pid=3355)[0m     v3(vertex_id=12): QUANT(dtype=float8_e3m4)
[36m(CpuApproximationActor pid=3355)[0m     v4(vertex_id=2): COMPRESS(axis=1,kind=max)
[36m(CpuApproximationActor pid=3355)[0m     v5(vertex_id=7): COMPRESS(axis=0,kind=abs_min)
[36m(CpuApproximationActor pid=3355)[0m     v6(vertex_id=10): COMPRESS(axis=1,kind=abs_min)
[36m(CpuApproximationActor pid=3355)[0m     v8(vertex_id=3): QUANT(dtype=float8_e3m4)
[36m(CpuApproximationActor pid=3355)[0m     v9(vertex_id=9): QUANT(dtype=float8_e3m4)
[36m(CpuApproximationActor pid=3355)[0m     v11(vertex_id=11): QUANT(dtype=float8_e3m4)
[36m(CpuApproximationActor pid=8275)[0m     v0(vertex_id=3): QUANT(dtype=float8_e3m4)
[36m(CpuApproximationActor pid=8275)[0m     v1(vertex_id=7): COMPRESS(axis=1,kind=max)
[36m(CpuApproximationActor pid=8275)[0m     v2(vertex_id=8): QUANT(dtype=float8_e3m4)
[36m(CpuApproximationActor pid=8275)[0m     v3(vertex_id=2): COMPRESS(axis=1,kind=max)
[36m(CpuApproximationActor pid=8275)[0m     v5(vertex_id=12): QUANT(dtype=float8_e3m4)
[36m(CpuApproximationActor pid=8275)[0m     v7(vertex_id=9): COMPRESS(axis=1,kind=abs_min)
[36m(CpuApproximationActor pid=8275)[0m     v8(vertex_id=5): QUANT(dtype=float8_e3m4)
[36m(CpuApproximationActor pid=8275)[0m     v9(vertex_id=10): COMPRESS(axis=1,kind=max)
[36m(CpuApproximationActor pid=8275)[0m     v11(vertex_id=6): QUANT(dtype=complex64)
[36m(CpuApproximationActor pid=7785)[0m     v0(vertex_id=7): QUANT(dtype=float8_e3m4)
[36m(CpuApproximationActor pid=7785)[0m     v1(vertex_id=5): COMPRESS(axis=1,kind=max)
[36m(CpuApproximationActor pid=7785)[0m     v2(vertex_id=4): COMPRESS(axis=1,kind=abs_min)
[36m(CpuApproximationActor pid=7785)[0m     v3(vertex_id=11): COMPRESS(axis=1,kind=max)
[36m(CpuApproximationActor pid=7785)[0m     v4(vertex_id=9): COMPRESS(axis=1,kind=max)
[36m(CpuApproximationActor pid=7785)[0m     v5(vertex_id=12): QUANT(dtype=float8_e3m4)
[36m(CpuApproximationActor pid=7785)[0m     v6(vertex_id=1): COMPRESS(axis=1,kind=max)
[36m(CpuApproximationActor pid=7785)[0m     v7(vertex_id=3): QUANT(dtype=float8_e3m4)
[36m(CpuApproximationActor pid=7785)[0m     v8(vertex_id=10): COMPRESS(axis=0,kind=abs_min)
[36m(CpuApproximationActor pid=7785)[0m     v10(vertex_id=6): QUANT(dtype=float8_e3m4)
[36m(CpuApproximationActor pid=7785)[0m     v11(vertex_id=8): QUANT(dtype=float8_e3m4)
[36m(CpuApproximationActor pid=7785)[0m [SENTINEL] measure-exception step=12 order_len=12 terminal=True: TypeError: Argument types differ from the types for which this computation was compiled. Perhaps you are calling the compiled executable with a different enable_x64 mode than when it was AOT [32m [repeated 3x across cluster][0m
[36m(CpuApproximationActor pid=7785)[0m [SENTINEL-VERBOSE] step=12 order_len=12 terminal=True init=False point_idx=-1[32m [repeated 3x across cluster][0m
[36m(CpuApproximationActor pid=7785)[0m [SENTINEL-VERBOSE] EXC TypeError: Argument types differ from the types for which this computation was compiled. Perhaps you are calling the compiled executable with a different enable_x64 mode than when it was AOT compiled? The mismatches are:[32m [repeated 3x across cluster][0m
[36m(CpuApproximationActor pid=7785)[0m [SENTINEL-VERBOSE] ORDER (12): [7, 5, 4, 11, 9, 12, 1, 3, 10, 2, 6, 8][32m [repeated 3x across cluster][0m
[36m(CpuApproximationActor pid=7785)[0m [SENTINEL-VERBOSE] MICRO-ACTIONS (per vertex, in elimination order):[32m [repeated 3x across cluster][0m
[36m(CpuApproximationActor pid=7785)[0m [SENTINEL-VERBOSE] TRACEBACK:[32m [repeated 3x across cluster][0m
[36m(CpuApproximationActor pid=7785)[0m Traceback (most recent call last):[32m [repeated 3x across cluster][0m
[36m(CpuApproximationActor pid=7785)[0m   File "/Users/assmuth/dsnn/alphagrad/src/alphagrad/approx/cpu_approx_worker.py", line 257, in evaluate[32m [repeated 3x across cluster][0m
[36m(CpuApproximationActor pid=7785)[0m     tokens, eqn_ids, reward = _callback([32m [repeated 3x across cluster][0m
[36m(CpuApproximationActor pid=7785)[0m                               ~~~~~~~~~^[32m [repeated 3x across cluster][0m
[36m(CpuApproximationActor pid=7785)[0m         self._config,[32m [repeated 3x across cluster][0m
[36m(CpuApproximationActor pid=7785)[0m         ^^^^^^^^^^^^^[32m [repeated 3x across cluster][0m
[36m(CpuApproximationActor pid=7785)[0m         point_idx=int(point_idx),[32m [repeated 3x across cluster][0m
[36m(CpuApproximationActor pid=7785)[0m         ^^^^^^^^^^^^^^^^^^^^^^^^^[32m [repeated 3x across cluster][0m
[36m(CpuApproximationActor pid=7785)[0m     )[32m [repeated 3x across cluster][0m
[36m(CpuApproximationActor pid=7785)[0m     ^[32m [repeated 3x across cluster][0m
[36m(CpuApproximationActor pid=7785)[0m   File "/Users/assmuth/dsnn/alphagrad/src/alphagrad/approx/env.py", line 4003, in _callback[32m [repeated 3x across cluster][0m
[36m(CpuApproximationActor pid=7785)[0m     out_approx = compiled_approx(*eval_args_i)[32m [repeated 3x across cluster][0m
[36m(CpuApproximationActor pid=7785)[0m   File "/Users/assmuth/dsnn/.venv/lib/python3.13/site-packages/jax/_src/stages.py", line 884, in __call__[32m [repeated 3x across cluster][0m
[36m(CpuApproximationActor pid=7785)[0m     return self._call(*args, **kwargs)[32m [repeated 3x across cluster][0m
[36m(CpuApproximationActor pid=7785)[0m            ~~~~~~~~~~^^^^^^^^^^^^^^^^^[32m [repeated 3x across cluster][0m
[36m(CpuApproximationActor pid=7785)[0m   File "/Users/assmuth/dsnn/.venv/lib/python3.13/site-packages/jax/_src/interpreters/pxla.py", line 1926, in aot_cache_miss[32m [repeated 3x across cluster][0m
[36m(CpuApproximationActor pid=7785)[0m     outs, out_flat, args_flat = stages.Compiled.call(params, *args, **kwargs)[32m [repeated 3x across cluster][0m
[36m(CpuApproximationActor pid=7785)[0m                                 ~~~~~~~~~~~~~~~~~~~~^^^^^^^^^^^^^^^^^^^^^^^^^[32m [repeated 3x across cluster][0m
[36m(CpuApproximationActor pid=7785)[0m     lo_outs = params.executable.call(*params.const_args, *args_flat)[32m [repeated 3x across cluster][0m
[36m(CpuApproximationActor pid=7785)[0m     check_arg_avals_for_call(self._all_args_info.in_avals,[32m [repeated 3x across cluster][0m
[36m(CpuApproximationActor pid=7785)[0m     ~~~~~~~~~~~~~~~~~~~~~~~~^^^^^^^^^^^^^^^^^^^^^^^^^^^^^^[32m [repeated 3x across cluster][0m
[36m(CpuApproximationActor pid=7785)[0m                              map(core.shaped_abstractify, args),[32m [repeated 3x across cluster][0m
[36m(CpuApproximationActor pid=7785)[0m                              ^^^^^^^^^^^^^^^^^^^^^^^^^^^^^^^^^^^[32m [repeated 3x across cluster][0m
[36m(CpuApproximationActor pid=7785)[0m                              self._all_args_info.debug_info)[32m [repeated 3x across cluster][0m
[36m(CpuApproximationActor pid=7785)[0m                              ^^^^^^^^^^^^^^^^^^^^^^^^^^^^^^^[32m [repeated 3x across cluster][0m
[36m(CpuApproximationActor pid=7785)[0m   File "/Users/assmuth/dsnn/.venv/lib/python3.13/site-packages/jax/_src/interpreters/pxla.py", line 1998, in check_arg_avals_for_call[32m [repeated 3x across cluster][0m
[36m(CpuApproximationActor pid=7785)[0m     raise TypeError([32m [repeated 3x across cluster][0m
[36m(CpuApproximationActor pid=7785)[0m         f"{num_mismatch_str} mismatches are:\n{str_errors}")[32m [repeated 3x across cluster][0m
[36m(CpuApproximationActor pid=7785)[0m TypeError: Argument types differ from the types for which this computation was compiled. Perhaps you are calling the compiled executable with a different enable_x64 mode than when it was AOT compiled? The mismatches are:[32m [repeated 3x across cluster][0m
[36m(CpuApproximationActor pid=7785)[0m [SENTINEL-VERBOSE] ==================================================[32m [repeated 6x across cluster][0m
[36m(CpuApproximationActor pid=7785)[0m Argument 'x' compiled with float32[16,64] and called with float32[16,4][32m [repeated 6x across cluster][0m
[36m(CpuApproximationActor pid=7785)[0m Argument 'y' compiled with float32[16,64] and called with float32[16,4][32m [repeated 6x across cluster][0m
[36m(CpuApproximationActor pid=7785)[0m     ...<3 lines>...[32m [repeated 6x across cluster][0m
[36m(CpuApproximationActor pid=7785)[0m   File "/Users/assmuth/dsnn/.venv/lib/python3.13/site-packages/jax/_src/interpreters/pxla.py", line 1893, in call[32m [repeated 6x across cluster][0m
[36m(CpuApproximationActor pid=3355)[0m     v1(vertex_id=3): QUANT(dtype=float8_e3m4)
[36m(CpuApproximationActor pid=3355)[0m     v2(vertex_id=6): QUANT(dtype=float8_e3m4)
[36m(CpuApproximationActor pid=3355)[0m     v4(vertex_id=2): COMPRESS(axis=1,kind=max)
[36m(CpuApproximationActor pid=3355)[0m     v5(vertex_id=11): COMPRESS(axis=1,kind=max)
[36m(CpuApproximationActor pid=3355)[0m     v6(vertex_id=7): QUANT(dtype=float8_e3m4)
[36m(CpuApproximationActor pid=3355)[0m     v7(vertex_id=5): COMPRESS(axis=1,kind=max)
[36m(CpuApproximationActor pid=3355)[0m     v8(vertex_id=1): COMPRESS(axis=1,kind=max)
[36m(CpuApproximationActor pid=3355)[0m     v10(vertex_id=12): COMPRESS(axis=1,kind=max)
[36m(PPOActor pid=3352)[0m [ppo_ray] 4/48 failed/sentinel transitions this episode (pool timeout / mem-gate / shape-storm); zeroing raw rewards, forcing dones.
[36m(PPOActor pid=3352)[0m [ppo_ray][popart] ep=5 ev=-90127.465 adv(mean/std/absmax)=+0.044/0.037/0.141 latency_ns: mu=+0 sig=1 peak_memory: mu=+0 sig=1 frob_residual: mu=+0 sig=1
[36m(PPOActor pid=3352)[0m [ppo_ray] anti-degen: excluded 4 degenerate/failed terminal env(s) from best_overall.
ppo_ray best:+0(ep0) mean:+0 loss(p/v):-0.036/0.0018 ent:2.499 nan_skip:0:   1%|▍                                                                | 6/1000 [02:25<4:38:04, 16.78s/it]ppo_ray best:+0(ep0) mean:+0 loss(p/v):-0.04/0.00085 ent:2.310 nan_skip:0:   1%|▍                                                                | 6/1000 [02:25<4:38:04, 16.78s/it][36m(CpuApproximationActor pid=8754)[0m W0723 15:04:25.460307    8754 text_format.cc:393] Warning parsing text-format xla.TritonGemmConfigsProto: 15:53 (N = 1): text format contains deprecated field "split_k"
[36m(CpuApproximationActor pid=8754)[0m W0723 15:04:25.460331    8754 text_format.cc:393] Warning parsing text-format xla.TritonGemmConfigsProto: 16:53 (N = 2): text format contains deprecated field "split_k"
[36m(CpuApproximationActor pid=8754)[0m W0723 15:04:25.460338    8754 text_format.cc:393] Warning parsing text-format xla.TritonGemmConfigsProto: 18:53 (N = 4): text format contains deprecated field "split_k"
[36m(CpuApproximationActor pid=8754)[0m W0723 15:04:25.460346    8754 text_format.cc:393] Warning parsing text-format xla.TritonGemmConfigsProto: 22:53 (N = 8): text format contains deprecated field "split_k"
[36m(CpuApproximationActor pid=8754)[0m W0723 15:04:25.460360    8754 text_format.cc:393] Warning parsing text-format xla.TritonGemmConfigsProto: 30:53 (N = 16): text format contains deprecated field "split_k"
[36m(CpuApproximationActor pid=8754)[0m W0723 15:04:25.460390    8754 text_format.cc:393] Warning parsing text-format xla.TritonGemmConfigsProto: 16:52 (N = 32): text format contains deprecated field "split_k"
[36m(CpuApproximationActor pid=8754)[0m W0723 15:04:25.460442    8754 text_format.cc:393] Warning parsing text-format xla.TritonGemmConfigsProto: 48:53 (N = 64): text format contains deprecated field "split_k"
[36m(CpuApproximationActor pid=8754)[0m W0723 15:04:25.460546    8754 text_format.cc:393] Warning parsing text-format xla.TritonGemmConfigsProto: 78:53 (N = 128): text format contains deprecated field "split_k"
[36m(CpuApproximationActor pid=8754)[0m W0723 15:04:25.460743    8754 text_format.cc:393] Warning parsing text-format xla.TritonGemmConfigsProto: 36:55 (N = 256): text format contains deprecated field "split_k"
[36m(CpuApproximationActor pid=8754)[0m [cpu_approx_worker pid=8754] env: ALPHAGRAD_EXACT_ONLY=1 ALPHAGRAD_EXAMPLE_WIDTH=64 ALPHAGRAD_FACE_TRANSFORMS=0 ALPHAGRAD_MEASURE_VIA_AOJ=0 ALPHAGRAD_PER_FACE_MVP=0 ALPHAGRAD_POLICY=palimpsa JAX_COMPILATION_CACHE_DIR=/tmp/dsnn-jax-cache-55187-pgi15-gpu13
[36m(CpuApproximationActor pid=8754)[0m [measure-actor 6] host=pgi15-gpu13 CUDA_VISIBLE_DEVICES=2 jax_devices=[CudaDevice(id=0)]
[36m(CpuApproximationActor pid=3355)[0m [SENTINEL] measure-exception step=12 order_len=12 terminal=True: TypeError: Argument types differ from the types for which this computation was compiled. Perhaps you are calling the compiled executable with a different enable_x64 mode than when it was AOT 
[36m(CpuApproximationActor pid=3355)[0m [SENTINEL-VERBOSE] step=12 order_len=12 terminal=True init=False point_idx=-1
[36m(CpuApproximationActor pid=3355)[0m [SENTINEL-VERBOSE] EXC TypeError: Argument types differ from the types for which this computation was compiled. Perhaps you are calling the compiled executable with a different enable_x64 mode than when it was AOT compiled? The mismatches are:
[36m(CpuApproximationActor pid=3355)[0m [SENTINEL-VERBOSE] ORDER (12): [9, 3, 6, 4, 2, 11, 7, 5, 1, 10, 12, 8]
[36m(CpuApproximationActor pid=3355)[0m [SENTINEL-VERBOSE] MICRO-ACTIONS (per vertex, in elimination order):
[36m(CpuApproximationActor pid=3355)[0m [SENTINEL-VERBOSE] TRACEBACK:
[36m(CpuApproximationActor pid=3355)[0m Traceback (most recent call last):
[36m(CpuApproximationActor pid=3355)[0m   File "/Users/assmuth/dsnn/alphagrad/src/alphagrad/approx/cpu_approx_worker.py", line 257, in evaluate
[36m(CpuApproximationActor pid=3355)[0m     tokens, eqn_ids, reward = _callback(
[36m(CpuApproximationActor pid=3355)[0m                               ~~~~~~~~~^
[36m(CpuApproximationActor pid=3355)[0m         self._config,
[36m(CpuApproximationActor pid=3355)[0m         ^^^^^^^^^^^^^
[36m(CpuApproximationActor pid=3355)[0m         point_idx=int(point_idx),
[36m(CpuApproximationActor pid=3355)[0m         ^^^^^^^^^^^^^^^^^^^^^^^^^
[36m(CpuApproximationActor pid=3355)[0m     )
[36m(CpuApproximationActor pid=3355)[0m     ^
[36m(CpuApproximationActor pid=3355)[0m   File "/Users/assmuth/dsnn/alphagrad/src/alphagrad/approx/env.py", line 4003, in _callback
[36m(CpuApproximationActor pid=3355)[0m     out_approx = compiled_approx(*eval_args_i)
[36m(CpuApproximationActor pid=3355)[0m   File "/Users/assmuth/dsnn/.venv/lib/python3.13/site-packages/jax/_src/stages.py", line 884, in __call__
[36m(CpuApproximationActor pid=3355)[0m     return self._call(*args, **kwargs)
[36m(CpuApproximationActor pid=3355)[0m            ~~~~~~~~~~^^^^^^^^^^^^^^^^^
[36m(CpuApproximationActor pid=3355)[0m   File "/Users/assmuth/dsnn/.venv/lib/python3.13/site-packages/jax/_src/interpreters/pxla.py", line 1926, in aot_cache_miss
[36m(CpuApproximationActor pid=3355)[0m     outs, out_flat, args_flat = stages.Compiled.call(params, *args, **kwargs)
[36m(CpuApproximationActor pid=3355)[0m                                 ~~~~~~~~~~~~~~~~~~~~^^^^^^^^^^^^^^^^^^^^^^^^^
[36m(CpuApproximationActor pid=3355)[0m     lo_outs = params.executable.call(*params.const_args, *args_flat)
[36m(CpuApproximationActor pid=3355)[0m     check_arg_avals_for_call(self._all_args_info.in_avals,
[36m(CpuApproximationActor pid=3355)[0m     ~~~~~~~~~~~~~~~~~~~~~~~~^^^^^^^^^^^^^^^^^^^^^^^^^^^^^^
[36m(CpuApproximationActor pid=3355)[0m                              map(core.shaped_abstractify, args),
[36m(CpuApproximationActor pid=3355)[0m                              ^^^^^^^^^^^^^^^^^^^^^^^^^^^^^^^^^^^
[36m(CpuApproximationActor pid=3355)[0m                              self._all_args_info.debug_info)
[36m(CpuApproximationActor pid=3355)[0m                              ^^^^^^^^^^^^^^^^^^^^^^^^^^^^^^^
[36m(CpuApproximationActor pid=3355)[0m   File "/Users/assmuth/dsnn/.venv/lib/python3.13/site-packages/jax/_src/interpreters/pxla.py", line 1998, in check_arg_avals_for_call
[36m(CpuApproximationActor pid=3355)[0m     raise TypeError(
[36m(CpuApproximationActor pid=3355)[0m         f"{num_mismatch_str} mismatches are:\n{str_errors}")
[36m(CpuApproximationActor pid=3355)[0m TypeError: Argument types differ from the types for which this computation was compiled. Perhaps you are calling the compiled executable with a different enable_x64 mode than when it was AOT compiled? The mismatches are:
[36m(CpuApproximationActor pid=3355)[0m [SENTINEL-VERBOSE] ==================================================[32m [repeated 2x across cluster][0m
[36m(CpuApproximationActor pid=3355)[0m Argument 'x' compiled with float32[16,64] and called with float32[16,4][32m [repeated 2x across cluster][0m
[36m(CpuApproximationActor pid=3355)[0m Argument 'y' compiled with float32[16,64] and called with float32[16,4][32m [repeated 2x across cluster][0m
[36m(CpuApproximationActor pid=3355)[0m     ...<3 lines>...[32m [repeated 2x across cluster][0m
[36m(CpuApproximationActor pid=3355)[0m   File "/Users/assmuth/dsnn/.venv/lib/python3.13/site-packages/jax/_src/interpreters/pxla.py", line 1893, in call[32m [repeated 2x across cluster][0m
Traceback (most recent call last):
  File "/Users/assmuth/dsnn/alphagrad/src/alphagrad/approx/ppo_ray.py", line 776, in <module>
    sys.exit(main())
             ~~~~^^
  File "/Users/assmuth/dsnn/alphagrad/src/alphagrad/approx/ppo_ray.py", line 770, in main
    rc = _run(args)
  File "/Users/assmuth/dsnn/alphagrad/src/alphagrad/approx/ppo_ray.py", line 561, in _run
    stats = ray.get(actor.run_rollout_and_train.remote(seed_counter))
  File "/Users/assmuth/dsnn/.venv/lib/python3.13/site-packages/ray/_private/auto_init_hook.py", line 22, in auto_init_wrapper
    return fn(*args, **kwargs)
  File "/Users/assmuth/dsnn/.venv/lib/python3.13/site-packages/ray/_private/client_mode_hook.py", line 107, in wrapper
    return func(*args, **kwargs)
  File "/Users/assmuth/dsnn/.venv/lib/python3.13/site-packages/ray/_private/worker.py", line 2980, in get
    values, debugger_breakpoint = worker.get_objects(
                                  ~~~~~~~~~~~~~~~~~~^
        object_refs, timeout, use_object_store=_use_object_store
        ^^^^^^^^^^^^^^^^^^^^^^^^^^^^^^^^^^^^^^^^^^^^^^^^^^^^^^^^
    )
    ^
  File "/Users/assmuth/dsnn/.venv/lib/python3.13/site-packages/ray/_private/worker.py", line 1023, in get_objects
    raise value.as_instanceof_cause()
ray.exceptions.RayTaskError(ValueError): [36mray::PPOActor.run_rollout_and_train()[39m (pid=3352, ip=192.168.15.13, actor_id=d9dd0f31bc2e0b5e9754646a01000000, repr=<alphagrad.approx.ppo_ray_actors.PPOActor object at 0x75260ef2d550>)
  File "/Users/assmuth/dsnn/graphax/src/graphax/core.py", line 917, in _apply_micro
    return apply_quant(edge_outval, _t)
  File "/Users/assmuth/dsnn/graphax/src/graphax/sparse/micro_actions.py", line 70, in _wrapper
    out = fn(st, action, *a, **k)
  File "/Users/assmuth/dsnn/graphax/src/graphax/sparse/micro_actions.py", line 623, in apply_quant
    q = jnp.round(st.val.astype(jnp.float32) / s_safe)
                  ~~~~~~~~~~~~~~~~~~~~~~~~~~~^~~~~~~~
  File "/Users/assmuth/dsnn/.venv/lib/python3.13/site-packages/jax/_src/numpy/array_methods.py", line 1501, in op
    return getattr(self.aval, f"_{name}")(self, *args)
           ~~~~~~~~~~~~~~~~~~~~~~~~~~~~~~^^^^^^^^^^^^^
  File "/Users/assmuth/dsnn/.venv/lib/python3.13/site-packages/jax/_src/numpy/array_methods.py", line 800, in _operator_truediv
    return ufuncs.true_divide(self, cast(ArrayLike, other))
           ~~~~~~~~~~~~~~~~~~^^^^^^^^^^^^^^^^^^^^^^^^^^^^^^
  File "/Users/assmuth/dsnn/.venv/lib/python3.13/site-packages/jax/_src/numpy/ufuncs.py", line 2472, in true_divide
    x1, x2 = promote_args_inexact("true_divide", x1, x2)
             ~~~~~~~~~~~~~~~~~~~~^^^^^^^^^^^^^^^^^^^^^^^
  File "/Users/assmuth/dsnn/.venv/lib/python3.13/site-packages/jax/_src/numpy/util.py", line 248, in promote_args_inexact
    return promote_shapes(fun_name, *promote_dtypes_inexact(*args))
                                     ~~~~~~~~~~~~~~~~~~~~~~^^^^^^^
  File "/Users/assmuth/dsnn/.venv/lib/python3.13/site-packages/jax/_src/numpy/util.py", line 92, in promote_dtypes_inexact
    to_dtype, weak_type = dtypes.lattice_result_type(*args)
                          ~~~~~~~~~~~~~~~~~~~~~~~~~~^^^^^^^
jax.dtypes.TypePromotionError: Input dtypes ('float8_e3m4', 'float32') have no available implicit dtype promotion path. To avoid unintended promotion, 8-bit floats do not support implicit promotion. If you'd like your inputs to be promoted to another type, you can do so explicitly using e.g. x.astype('float32')
--------------------
For simplicity, JAX has removed its internal frames from the traceback of the following exception. Set JAX_TRACEBACK_FILTERING=off to include these.

The above exception was the direct cause of the following exception:

[36mray::PPOActor.run_rollout_and_train()[39m (pid=3352, ip=192.168.15.13, actor_id=d9dd0f31bc2e0b5e9754646a01000000, repr=<alphagrad.approx.ppo_ray_actors.PPOActor object at 0x75260ef2d550>)
  File "/Users/assmuth/dsnn/alphagrad/src/alphagrad/approx/ppo_ray_actors.py", line 71, in run_rollout_and_train
    return self._impl.run_rollout_and_train(int(rng_seed))
           ~~~~~~~~~~~~~~~~~~~~~~~~~~~~~~~~^^^^^^^^^^^^^^^
  File "/Users/assmuth/dsnn/alphagrad/src/alphagrad/approx/ppo_ray_worker.py", line 2260, in run_rollout_and_train
    self._advance_mask_oracles(order_np, step_np, specs_np)
    ~~~~~~~~~~~~~~~~~~~~~~~~~~^^^^^^^^^^^^^^^^^^^^^^^^^^^^^
  File "/Users/assmuth/dsnn/alphagrad/src/alphagrad/approx/ppo_ray_worker.py", line 1562, in _advance_mask_oracles
    oracle.advance(v, tmap.get(v, ()))
    ~~~~~~~~~~~~~~^^^^^^^^^^^^^^^^^^^^
  File "/Users/assmuth/dsnn/alphagrad/src/alphagrad/approx/common/masks.py", line 510, in advance
    incr.eliminate(vertex, rules=tuple(rules))
    ~~~~~~~~~~~~~~^^^^^^^^^^^^^^^^^^^^^^^^^^^^
  File "/Users/assmuth/dsnn/graphax/src/graphax/incremental.py", line 148, in eliminate
    _eliminate_vertex(int(vertex), self.jaxpr, self.graph,
    ~~~~~~~~~~~~~~~~~^^^^^^^^^^^^^^^^^^^^^^^^^^^^^^^^^^^^^
                      self.tgraph, self.vo, False,
                      ^^^^^^^^^^^^^^^^^^^^^^^^^^^^
                      transforms=tuple(rules),
                      ^^^^^^^^^^^^^^^^^^^^^^^^
                      face_transforms=face_transforms)
                      ^^^^^^^^^^^^^^^^^^^^^^^^^^^^^^^^
  File "/Users/assmuth/dsnn/graphax/src/graphax/core.py", line 1736, in _eliminate_vertex
    raise ValueError(
    ...<10 lines>...
    ) from _exc
ValueError: TRANSFORM DID NOT FIT at vertex 6: Quant(dtype='int32') on edge (in=Var(id=128593987906560):float32[64,64], out=Var(id=128593987958272):float32[16,64]) -> TypePromotionError: Input dtypes ('float8_e3m4', 'float32') have no available implicit dtype promotion path. To avoid unintended promotion, 8-bit floats do not support implicit promotion. If you'd like your inputs to be promoted to another type, you can do so explicitly using e.g. x.astype('float32'). edge out_dims=[(16, None, None, 1), (64, 3, None, 0)] primal_dims=[(64, None, None, 2), (64, 1, None, 0)] val=(64, 16, 64). This transform was previously SKIPPED SILENTLY, which desyncs the two edges of a shared variable and makes a no-op approximation report cos=1.0. Mask invalid actions up front (see diag_mask/compress_mask) instead of discovering them by throwing. Set GRAPHAX_BEST_EFFORT_TRANSFORMS=1 to restore the legacy silent skip.
Traceback (most recent call last):
  File "/Users/assmuth/dsnn/alphagrad/src/alphagrad/approx/ppo_ray.py", line 776, in <module>
    sys.exit(main())
             ~~~~^^
  File "/Users/assmuth/dsnn/alphagrad/src/alphagrad/approx/ppo_ray.py", line 770, in main
    rc = _run(args)
  File "/Users/assmuth/dsnn/alphagrad/src/alphagrad/approx/ppo_ray.py", line 561, in _run
    stats = ray.get(actor.run_rollout_and_train.remote(seed_counter))
  File "/Users/assmuth/dsnn/.venv/lib/python3.13/site-packages/ray/_private/auto_init_hook.py", line 22, in auto_init_wrapper
    return fn(*args, **kwargs)
  File "/Users/assmuth/dsnn/.venv/lib/python3.13/site-packages/ray/_private/client_mode_hook.py", line 107, in wrapper
    return func(*args, **kwargs)
  File "/Users/assmuth/dsnn/.venv/lib/python3.13/site-packages/ray/_private/worker.py", line 2980, in get
    values, debugger_breakpoint = worker.get_objects(
                                  ~~~~~~~~~~~~~~~~~~^
        object_refs, timeout, use_object_store=_use_object_store
        ^^^^^^^^^^^^^^^^^^^^^^^^^^^^^^^^^^^^^^^^^^^^^^^^^^^^^^^^
    )
    ^
  File "/Users/assmuth/dsnn/.venv/lib/python3.13/site-packages/ray/_private/worker.py", line 1023, in get_objects
    raise value.as_instanceof_cause()
ray.exceptions.RayTaskError(ValueError): [36mray::PPOActor.run_rollout_and_train()[39m (pid=3352, ip=192.168.15.13, actor_id=d9dd0f31bc2e0b5e9754646a01000000, repr=<alphagrad.approx.ppo_ray_actors.PPOActor object at 0x75260ef2d550>)
  File "/Users/assmuth/dsnn/graphax/src/graphax/core.py", line 917, in _apply_micro
    return apply_quant(edge_outval, _t)
  File "/Users/assmuth/dsnn/graphax/src/graphax/sparse/micro_actions.py", line 70, in _wrapper
    out = fn(st, action, *a, **k)
  File "/Users/assmuth/dsnn/graphax/src/graphax/sparse/micro_actions.py", line 623, in apply_quant
    q = jnp.round(st.val.astype(jnp.float32) / s_safe)
                  ~~~~~~~~~~~~~~~~~~~~~~~~~~~^~~~~~~~
  File "/Users/assmuth/dsnn/.venv/lib/python3.13/site-packages/jax/_src/numpy/array_methods.py", line 1501, in op
    return getattr(self.aval, f"_{name}")(self, *args)
           ~~~~~~~~~~~~~~~~~~~~~~~~~~~~~~^^^^^^^^^^^^^
  File "/Users/assmuth/dsnn/.venv/lib/python3.13/site-packages/jax/_src/numpy/array_methods.py", line 800, in _operator_truediv
    return ufuncs.true_divide(self, cast(ArrayLike, other))
           ~~~~~~~~~~~~~~~~~~^^^^^^^^^^^^^^^^^^^^^^^^^^^^^^
  File "/Users/assmuth/dsnn/.venv/lib/python3.13/site-packages/jax/_src/numpy/ufuncs.py", line 2472, in true_divide
    x1, x2 = promote_args_inexact("true_divide", x1, x2)
             ~~~~~~~~~~~~~~~~~~~~^^^^^^^^^^^^^^^^^^^^^^^
  File "/Users/assmuth/dsnn/.venv/lib/python3.13/site-packages/jax/_src/numpy/util.py", line 248, in promote_args_inexact
    return promote_shapes(fun_name, *promote_dtypes_inexact(*args))
                                     ~~~~~~~~~~~~~~~~~~~~~~^^^^^^^
  File "/Users/assmuth/dsnn/.venv/lib/python3.13/site-packages/jax/_src/numpy/util.py", line 92, in promote_dtypes_inexact
    to_dtype, weak_type = dtypes.lattice_result_type(*args)
                          ~~~~~~~~~~~~~~~~~~~~~~~~~~^^^^^^^
jax.dtypes.TypePromotionError: Input dtypes ('float8_e3m4', 'float32') have no available implicit dtype promotion path. To avoid unintended promotion, 8-bit floats do not support implicit promotion. If you'd like your inputs to be promoted to another type, you can do so explicitly using e.g. x.astype('float32')
--------------------
For simplicity, JAX has removed its internal frames from the traceback of the following exception. Set JAX_TRACEBACK_FILTERING=off to include these.

The above exception was the direct cause of the following exception:

[36mray::PPOActor.run_rollout_and_train()[39m (pid=3352, ip=192.168.15.13, actor_id=d9dd0f31bc2e0b5e9754646a01000000, repr=<alphagrad.approx.ppo_ray_actors.PPOActor object at 0x75260ef2d550>)
  File "/Users/assmuth/dsnn/alphagrad/src/alphagrad/approx/ppo_ray_actors.py", line 71, in run_rollout_and_train
    return self._impl.run_rollout_and_train(int(rng_seed))
           ~~~~~~~~~~~~~~~~~~~~~~~~~~~~~~~~^^^^^^^^^^^^^^^
  File "/Users/assmuth/dsnn/alphagrad/src/alphagrad/approx/ppo_ray_worker.py", line 2260, in run_rollout_and_train
    self._advance_mask_oracles(order_np, step_np, specs_np)
    ~~~~~~~~~~~~~~~~~~~~~~~~~~^^^^^^^^^^^^^^^^^^^^^^^^^^^^^
  File "/Users/assmuth/dsnn/alphagrad/src/alphagrad/approx/ppo_ray_worker.py", line 1562, in _advance_mask_oracles
    oracle.advance(v, tmap.get(v, ()))
    ~~~~~~~~~~~~~~^^^^^^^^^^^^^^^^^^^^
  File "/Users/assmuth/dsnn/alphagrad/src/alphagrad/approx/common/masks.py", line 510, in advance
    incr.eliminate(vertex, rules=tuple(rules))
    ~~~~~~~~~~~~~~^^^^^^^^^^^^^^^^^^^^^^^^^^^^
  File "/Users/assmuth/dsnn/graphax/src/graphax/incremental.py", line 148, in eliminate
    _eliminate_vertex(int(vertex), self.jaxpr, self.graph,
    ~~~~~~~~~~~~~~~~~^^^^^^^^^^^^^^^^^^^^^^^^^^^^^^^^^^^^^
                      self.tgraph, self.vo, False,
                      ^^^^^^^^^^^^^^^^^^^^^^^^^^^^
                      transforms=tuple(rules),
                      ^^^^^^^^^^^^^^^^^^^^^^^^
                      face_transforms=face_transforms)
                      ^^^^^^^^^^^^^^^^^^^^^^^^^^^^^^^^
  File "/Users/assmuth/dsnn/graphax/src/graphax/core.py", line 1736, in _eliminate_vertex
    raise ValueError(
    ...<10 lines>...
    ) from _exc
ValueError: TRANSFORM DID NOT FIT at vertex 6: Quant(dtype='int32') on edge (in=Var(id=128593987906560):float32[64,64], out=Var(id=128593987958272):float32[16,64]) -> TypePromotionError: Input dtypes ('float8_e3m4', 'float32') have no available implicit dtype promotion path. To avoid unintended promotion, 8-bit floats do not support implicit promotion. If you'd like your inputs to be promoted to another type, you can do so explicitly using e.g. x.astype('float32'). edge out_dims=[(16, None, None, 1), (64, 3, None, 0)] primal_dims=[(64, None, None, 2), (64, 1, None, 0)] val=(64, 16, 64). This transform was previously SKIPPED SILENTLY, which desyncs the two edges of a shared variable and makes a no-op approximation report cos=1.0. Mask invalid actions up front (see diag_mask/compress_mask) instead of discovering them by throwing. Set GRAPHAX_BEST_EFFORT_TRANSFORMS=1 to restore the legacy silent skip.
[1;34mwandb[0m: 
[1;34mwandb[0m: 🚀 View run [33mexact_mlp_lat_mem[0m at: [34mhttps://wandb.ai/dll-streetview/dsnn-vertex/runs/22eg1w7k[0m
[1;34mwandb[0m: Find logs at: [1;35mwandb/run-20260723_150132-22eg1w7k/logs[0m
=== PHASE lat_mem RC=1 Thu Jul 23 03:05:59 PM UTC 2026 ===
[log_to_csv] campaign_exp/exact_mlp_lat_mem/run.log -> campaign_exp/exact_mlp_lat_mem/metrics.csv: 0 rows (of 6 episodes, warmup=50, drop_zeros=True), 1 columns
=== PHASE flops START Thu Jul 23 03:05:59 PM UTC 2026 ===
2026-07-23 15:06:02,850	INFO worker.py:2012 -- Started a local Ray instance.
/Users/assmuth/dsnn/.venv/lib/python3.13/site-packages/ray/_private/worker.py:2051: FutureWarning: Tip: In future versions of Ray, Ray will no longer override accelerator visible devices env var if num_gpus=0 or num_gpus=None (default). To enable this behavior and turn off this error message, set RAY_ACCEL_ENV_VAR_OVERRIDE_ON_ZERO=0
  warnings.warn(
wandb: Loading settings from /Users/assmuth/.config/wandb/settings
wandb: [wandb.login()] Loaded credentials for https://api.wandb.ai from /Users/assmuth/.netrc.
wandb: Currently logged in as: florian-assmuth (dll-streetview) to https://api.wandb.ai. Use `wandb login --relogin` to force relogin
wandb: WARNING Using a boolean value for 'reinit' is deprecated. Use 'return_previous' or 'finish_previous' instead.
wandb: setting up run cg7ogjo2
wandb: Tracking run with wandb version 0.25.0
wandb: Run data is saved locally in /Users/assmuth/dsnn/alphagrad/wandb/run-20260723_150604-cg7ogjo2
wandb: Run `wandb offline` to turn off syncing.
wandb: Syncing run exact_mlp_flops
wandb: ⭐️ View project at https://wandb.ai/dll-streetview/dsnn-vertex
wandb: 🚀 View run at https://wandb.ai/dll-streetview/dsnn-vertex/runs/cg7ogjo2
[33m(raylet)[0m It looks like you're creating a detached actor in an anonymous namespace. In order to access this actor in the future, you will need to explicitly connect to this namespace with ray.init(namespace="26eb442c-44ba-4c9c-b15e-a52a685922ae", ...)
[36m(CpuApproximationActor pid=10209)[0m W0723 15:06:11.212556   10209 text_format.cc:393] Warning parsing text-format xla.TritonGemmConfigsProto: 15:53 (N = 1): text format contains deprecated field "split_k"
[36m(CpuApproximationActor pid=10209)[0m W0723 15:06:11.212577   10209 text_format.cc:393] Warning parsing text-format xla.TritonGemmConfigsProto: 16:53 (N = 2): text format contains deprecated field "split_k"
[36m(CpuApproximationActor pid=10209)[0m W0723 15:06:11.212583   10209 text_format.cc:393] Warning parsing text-format xla.TritonGemmConfigsProto: 18:53 (N = 4): text format contains deprecated field "split_k"
[36m(CpuApproximationActor pid=10209)[0m W0723 15:06:11.212591   10209 text_format.cc:393] Warning parsing text-format xla.TritonGemmConfigsProto: 22:53 (N = 8): text format contains deprecated field "split_k"
[36m(CpuApproximationActor pid=10209)[0m W0723 15:06:11.212605   10209 text_format.cc:393] Warning parsing text-format xla.TritonGemmConfigsProto: 30:53 (N = 16): text format contains deprecated field "split_k"
[36m(CpuApproximationActor pid=10209)[0m W0723 15:06:11.212634   10209 text_format.cc:393] Warning parsing text-format xla.TritonGemmConfigsProto: 16:52 (N = 32): text format contains deprecated field "split_k"
[36m(CpuApproximationActor pid=10209)[0m W0723 15:06:11.212713   10209 text_format.cc:393] Warning parsing text-format xla.TritonGemmConfigsProto: 48:53 (N = 64): text format contains deprecated field "split_k"
[36m(CpuApproximationActor pid=10209)[0m W0723 15:06:11.212813   10209 text_format.cc:393] Warning parsing text-format xla.TritonGemmConfigsProto: 78:53 (N = 128): text format contains deprecated field "split_k"
[36m(CpuApproximationActor pid=10209)[0m W0723 15:06:11.213000   10209 text_format.cc:393] Warning parsing text-format xla.TritonGemmConfigsProto: 36:55 (N = 256): text format contains deprecated field "split_k"
[36m(PPOActor pid=10207)[0m W0723 15:06:11.363699   10207 text_format.cc:393] Warning parsing text-format xla.AutotuneResult: 5:10 (N = 1): text format contains deprecated field "split_k"
[36m(PPOActor pid=10207)[0m [ppo_ray] ADDITIVE failed/sentinel penalty = -2.0 (bounded-negative, INCLUDED in advantage+loss -- replaces the failed-row mask; failed rows are repulsive, never a zero-gradient no-op).
[36m(PPOActor pid=10207)[0m [ppo_ray] V2 anti-hack: failed_adv_stamp=1.0 (post-z-score advantage overwrite on failed rows), cost_symlog_cap=0.0 (symlog'd cost channels clipped to +/-cap).
[36m(PPOActor pid=10207)[0m [ppo_ray] PopArt value norm ON: beta=0.01 sigma_min(base=0.1, quality[6,9]=0.2) sigma_max=1e+12 robust_std=True (winsor k=5.0) — replaces the rollout advantage z-score; under pure-PopArt advantage a failed row is truly-neutral (A==0), no constant stamp.
[36m(PPOActor pid=10207)[0m [ppo_ray] DYNAMIC SENTINEL ON: failed/sentinel terminals get per-channel mu_c - 2.0*sigma_c (EMA beta=0.01) instead of -1e10. The additive failed_penalty stamp AND the post-z-score failed_adv_stamp are DISABLED (dynamic value supersedes them); failed_transitions logging + PopArt exclusion unchanged.
[36m(PPOActor pid=10207)[0m [ppo_ray] RAW COSSIM THREAD ON: env emits full-range cosine_sim in idx6; worker applies guide cap=None into the GAE buffer only, logs reward/cosine_sim_raw from the uncapped value.
[33m(raylet)[0m It looks like you're creating a detached actor in an anonymous namespace. In order to access this actor in the future, you will need to explicitly connect to this namespace with ray.init(namespace="26eb442c-44ba-4c9c-b15e-a52a685922ae", ...)
[36m(PPOActor pid=10207)[0m [ppo_ray_worker] POLICY V2 ACTIVE: MicroPPOAgent = PALIMPSA backbone + PointerVertexPolicy + MicroActionPolicy(max_substeps=1) + separate value pool; factor tables up to axis size 64 (observed max 64).
[36m(CpuApproximationActor pid=10209)[0m [cpu_approx_worker pid=10209] env: ALPHAGRAD_EXACT_ONLY=1 ALPHAGRAD_EXAMPLE_WIDTH=64 ALPHAGRAD_FACE_TRANSFORMS=0 ALPHAGRAD_MEASURE_VIA_AOJ=0 ALPHAGRAD_PER_FACE_MVP=0 ALPHAGRAD_POLICY=palimpsa JAX_COMPILATION_CACHE_DIR=/tmp/dsnn-jax-cache-55187-pgi15-gpu13
[36m(CpuApproximationActor pid=10209)[0m [measure-actor 1] host=pgi15-gpu13 CUDA_VISIBLE_DEVICES=2 jax_devices=[CudaDevice(id=0)]
[36m(PPOActor pid=10207)[0m [ppo_ray_worker] V2 policy heads scaled by 0.1 (near-uniform initial policy).
[36m(CpuApproximationActor pid=10208)[0m [cpu_approx_worker pid=10208] env: ALPHAGRAD_EXACT_ONLY=1 ALPHAGRAD_EXAMPLE_WIDTH=64 ALPHAGRAD_FACE_TRANSFORMS=0 ALPHAGRAD_MEASURE_VIA_AOJ=0 ALPHAGRAD_PER_FACE_MVP=0 ALPHAGRAD_POLICY=palimpsa JAX_COMPILATION_CACHE_DIR=/tmp/dsnn-jax-cache-55187-pgi15-gpu13[32m [repeated 2x across cluster] (Ray deduplicates logs by default. Set RAY_DEDUP_LOGS=0 to disable log deduplication, or see https://docs.ray.io/en/master/ray-observability/user-guides/configure-logging.html#log-deduplication for more options.)[0m
[36m(CpuApproximationActor pid=10208)[0m [measure-actor 0] host=pgi15-gpu13 CUDA_VISIBLE_DEVICES=1 jax_devices=[CudaDevice(id=0)][32m [repeated 2x across cluster][0m
  actors spawned + JIT-warm in 27.5s
ppo_ray:   0%|                                                                                                                                             | 0/1000 [00:00<?, ?it/s][36m(CpuApproximationActor pid=10210)[0m /Users/assmuth/dsnn/graphax/src/graphax/jaxpr.py:779: UserWarning: jaxpr tokenizer: uncaptured value rendered as '?': 'jit'
[36m(CpuApproximationActor pid=10210)[0m   warnings.warn(
[36m(CpuApproximationActor pid=10210)[0m /Users/assmuth/dsnn/graphax/src/graphax/jaxpr.py:779: UserWarning: jaxpr tokenizer: uncaptured value rendered as '?': 'compiler_options_kvs'
[36m(CpuApproximationActor pid=10210)[0m   warnings.warn(
[36m(CpuApproximationActor pid=10210)[0m /Users/assmuth/dsnn/graphax/src/graphax/jaxpr.py:779: UserWarning: jaxpr tokenizer: uncaptured value rendered as '?': 'donated_invars'
[36m(CpuApproximationActor pid=10210)[0m   warnings.warn(
[36m(CpuApproximationActor pid=10210)[0m /Users/assmuth/dsnn/graphax/src/graphax/jaxpr.py:779: UserWarning: jaxpr tokenizer: uncaptured value rendered as '?': 'in_layouts'
[36m(CpuApproximationActor pid=10210)[0m   warnings.warn(
[36m(CpuApproximationActor pid=10210)[0m /Users/assmuth/dsnn/graphax/src/graphax/jaxpr.py:779: UserWarning: jaxpr tokenizer: uncaptured value rendered as '?': 'None'
[36m(CpuApproximationActor pid=10210)[0m   warnings.warn(
[36m(CpuApproximationActor pid=10210)[0m /Users/assmuth/dsnn/graphax/src/graphax/jaxpr.py:779: UserWarning: jaxpr tokenizer: uncaptured value rendered as '?': 'in_shardings'
[36m(CpuApproximationActor pid=10210)[0m   warnings.warn(
[36m(CpuApproximationActor pid=10210)[0m /Users/assmuth/dsnn/graphax/src/graphax/jaxpr.py:779: UserWarning: jaxpr tokenizer: uncaptured value rendered as '?': 'UnspecifiedValue'
[36m(CpuApproximationActor pid=10210)[0m   warnings.warn(
[36m(CpuApproximationActor pid=10210)[0m /Users/assmuth/dsnn/graphax/src/graphax/jaxpr.py:779: UserWarning: jaxpr tokenizer: uncaptured value rendered as '?': 'inline'
[36m(CpuApproximationActor pid=10210)[0m   warnings.warn(
[36m(CpuApproximationActor pid=10210)[0m /Users/assmuth/dsnn/graphax/src/graphax/jaxpr.py:779: UserWarning: jaxpr tokenizer: uncaptured value rendered as '?': 'keep_unused'
[36m(CpuApproximationActor pid=10210)[0m   warnings.warn(
[36m(CpuApproximationActor pid=10210)[0m /Users/assmuth/dsnn/graphax/src/graphax/jaxpr.py:779: UserWarning: jaxpr tokenizer: uncaptured value rendered as '?': 'name'
[36m(CpuApproximationActor pid=10210)[0m   warnings.warn(
[36m(CpuApproximationActor pid=10210)[0m /Users/assmuth/dsnn/graphax/src/graphax/jaxpr.py:779: UserWarning: jaxpr tokenizer: uncaptured value rendered as '?': '_where'
[36m(CpuApproximationActor pid=10210)[0m   warnings.warn(
[36m(CpuApproximationActor pid=10210)[0m /Users/assmuth/dsnn/graphax/src/graphax/jaxpr.py:779: UserWarning: jaxpr tokenizer: uncaptured value rendered as '?': 'out_layouts'
[36m(CpuApproximationActor pid=10210)[0m   warnings.warn(
[36m(CpuApproximationActor pid=10210)[0m /Users/assmuth/dsnn/graphax/src/graphax/jaxpr.py:779: UserWarning: jaxpr tokenizer: uncaptured value rendered as '?': 'out_shardings'
[36m(CpuApproximationActor pid=10210)[0m   warnings.warn(
[36m(CpuApproximationActor pid=10210)[0m W0723 15:06:11.327724   10210 text_format.cc:393] Warning parsing text-format xla.TritonGemmConfigsProto: 36:55 (N = 256): text format contains deprecated field "split_k"[32m [repeated 18x across cluster][0m
[36m(PPOActor pid=10207)[0m [per-face] builds=200 applied=0 skipped=0 applied_frac=0.000
[36m(CpuApproximationActor pid=10210)[0m [SENTINEL] measure-exception step=12 order_len=12 terminal=True: TypeError: Argument types differ from the types for which this computation was compiled. Perhaps you are calling the compiled executable with a different enable_x64 mode than when it was AOT 
[36m(CpuApproximationActor pid=10210)[0m [SENTINEL-VERBOSE] ==================================================
[36m(CpuApproximationActor pid=10210)[0m [SENTINEL-VERBOSE] step=12 order_len=12 terminal=True init=False point_idx=-1
[36m(CpuApproximationActor pid=10210)[0m [SENTINEL-VERBOSE] EXC TypeError: Argument types differ from the types for which this computation was compiled. Perhaps you are calling the compiled executable with a different enable_x64 mode than when it was AOT compiled? The mismatches are:
[36m(CpuApproximationActor pid=10210)[0m Argument 'x' compiled with float32[16,64] and called with float32[16,4]
[36m(CpuApproximationActor pid=10210)[0m Argument 'y' compiled with float32[16,64] and called with float32[16,4]
[36m(CpuApproximationActor pid=10210)[0m [SENTINEL-VERBOSE] ORDER (12): [4, 2, 9, 3, 7, 10, 6, 11, 12, 1, 5, 8]
[36m(CpuApproximationActor pid=10210)[0m [SENTINEL-VERBOSE] MICRO-ACTIONS (per vertex, in elimination order):
[36m(CpuApproximationActor pid=10210)[0m     v1(vertex_id=2): DIAG(bi1=0,bi2=0,factor=16)
[36m(CpuApproximationActor pid=10210)[0m     v2(vertex_id=9): COMPRESS(axis=1,kind=abs_max)
[36m(CpuApproximationActor pid=10210)[0m     v3(vertex_id=3): COMPRESS(axis=1,kind=abs_max)
[36m(CpuApproximationActor pid=10210)[0m     v4(vertex_id=7): COMPRESS(axis=1,kind=abs_max)
[36m(CpuApproximationActor pid=10210)[0m     v5(vertex_id=10): COMPRESS(axis=0,kind=abs_max)
[36m(CpuApproximationActor pid=10210)[0m     v8(vertex_id=12): COMPRESS(axis=1,kind=abs_max)
[36m(CpuApproximationActor pid=10210)[0m     v9(vertex_id=1): COMPRESS(axis=0,kind=abs_max)
[36m(CpuApproximationActor pid=10210)[0m     v10(vertex_id=5): COMPRESS(axis=1,kind=abs_max)
[36m(CpuApproximationActor pid=10210)[0m     v11(vertex_id=8): COMPRESS(axis=0,kind=abs_max)
[36m(CpuApproximationActor pid=10210)[0m [SENTINEL-VERBOSE] TRACEBACK:
[36m(CpuApproximationActor pid=10210)[0m Traceback (most recent call last):
[36m(CpuApproximationActor pid=10210)[0m   File "/Users/assmuth/dsnn/alphagrad/src/alphagrad/approx/cpu_approx_worker.py", line 257, in evaluate
[36m(CpuApproximationActor pid=10210)[0m     tokens, eqn_ids, reward = _callback(
[36m(CpuApproximationActor pid=10210)[0m                               ~~~~~~~~~^
[36m(CpuApproximationActor pid=10210)[0m         self._config,
[36m(CpuApproximationActor pid=10210)[0m         ^^^^^^^^^^^^^
[36m(CpuApproximationActor pid=10210)[0m     ...<7 lines>...
[36m(CpuApproximationActor pid=10210)[0m         point_idx=int(point_idx),
[36m(CpuApproximationActor pid=10210)[0m         ^^^^^^^^^^^^^^^^^^^^^^^^^
[36m(CpuApproximationActor pid=10210)[0m     )
[36m(CpuApproximationActor pid=10210)[0m     ^
[36m(CpuApproximationActor pid=10210)[0m   File "/Users/assmuth/dsnn/alphagrad/src/alphagrad/approx/env.py", line 4003, in _callback
[36m(CpuApproximationActor pid=10210)[0m     out_approx = compiled_approx(*eval_args_i)
[36m(CpuApproximationActor pid=10210)[0m   File "/Users/assmuth/dsnn/.venv/lib/python3.13/site-packages/jax/_src/stages.py", line 884, in __call__
[36m(CpuApproximationActor pid=10210)[0m     return self._call(*args, **kwargs)
[36m(CpuApproximationActor pid=10210)[0m            ~~~~~~~~~~^^^^^^^^^^^^^^^^^
[36m(CpuApproximationActor pid=10210)[0m   File "/Users/assmuth/dsnn/.venv/lib/python3.13/site-packages/jax/_src/interpreters/pxla.py", line 1926, in aot_cache_miss
[36m(CpuApproximationActor pid=10210)[0m     outs, out_flat, args_flat = stages.Compiled.call(params, *args, **kwargs)
[36m(CpuApproximationActor pid=10210)[0m                                 ~~~~~~~~~~~~~~~~~~~~^^^^^^^^^^^^^^^^^^^^^^^^^
[36m(CpuApproximationActor pid=10210)[0m   File "/Users/assmuth/dsnn/.venv/lib/python3.13/site-packages/jax/_src/stages.py", line 861, in call
[36m(CpuApproximationActor pid=10210)[0m     lo_outs = params.executable.call(*params.const_args, *args_flat)
[36m(CpuApproximationActor pid=10210)[0m   File "/Users/assmuth/dsnn/.venv/lib/python3.13/site-packages/jax/_src/interpreters/pxla.py", line 1893, in call
[36m(CpuApproximationActor pid=10210)[0m     check_arg_avals_for_call(self._all_args_info.in_avals,
[36m(CpuApproximationActor pid=10210)[0m     ~~~~~~~~~~~~~~~~~~~~~~~~^^^^^^^^^^^^^^^^^^^^^^^^^^^^^^
[36m(CpuApproximationActor pid=10210)[0m                              map(core.shaped_abstractify, args),
[36m(CpuApproximationActor pid=10210)[0m                              ^^^^^^^^^^^^^^^^^^^^^^^^^^^^^^^^^^^
[36m(CpuApproximationActor pid=10210)[0m                              self._all_args_info.debug_info)
[36m(CpuApproximationActor pid=10210)[0m                              ^^^^^^^^^^^^^^^^^^^^^^^^^^^^^^^
[36m(CpuApproximationActor pid=10210)[0m   File "/Users/assmuth/dsnn/.venv/lib/python3.13/site-packages/jax/_src/interpreters/pxla.py", line 1998, in check_arg_avals_for_call
[36m(CpuApproximationActor pid=10210)[0m     raise TypeError(
[36m(CpuApproximationActor pid=10210)[0m     ...<3 lines>...
[36m(CpuApproximationActor pid=10210)[0m         f"{num_mismatch_str} mismatches are:\n{str_errors}")
[36m(CpuApproximationActor pid=10210)[0m TypeError: Argument types differ from the types for which this computation was compiled. Perhaps you are calling the compiled executable with a different enable_x64 mode than when it was AOT compiled? The mismatches are:
[36m(CpuApproximationActor pid=10210)[0m Argument 'x' compiled with float32[16,64] and called with float32[16,4]
[36m(CpuApproximationActor pid=10210)[0m Argument 'y' compiled with float32[16,64] and called with float32[16,4]
[36m(CpuApproximationActor pid=10210)[0m [SENTINEL-VERBOSE] ==================================================
[36m(CpuApproximationActor pid=10208)[0m     v0(vertex_id=11): COMPRESS(axis=1,kind=abs_max)
[36m(CpuApproximationActor pid=10208)[0m     v1(vertex_id=9): COMPRESS(axis=1,kind=abs_max)
[36m(CpuApproximationActor pid=10208)[0m     v3(vertex_id=7): COMPRESS(axis=1,kind=abs_max)
[36m(CpuApproximationActor pid=10208)[0m     v4(vertex_id=2): DIAG(bi1=0,bi2=0,factor=2)
[36m(CpuApproximationActor pid=10208)[0m     v5(vertex_id=4): COMPRESS(axis=1,kind=abs_max)
[36m(CpuApproximationActor pid=10208)[0m     v6(vertex_id=1): COMPRESS(axis=0,kind=abs_max)
[36m(CpuApproximationActor pid=10208)[0m     v8(vertex_id=6): COMPRESS(axis=0,kind=abs_max)
[36m(CpuApproximationActor pid=10208)[0m     v9(vertex_id=8): COMPRESS(axis=0,kind=abs_max)
[36m(CpuApproximationActor pid=10208)[0m     v10(vertex_id=5): COMPRESS(axis=1,kind=abs_max)
[36m(CpuApproximationActor pid=10208)[0m     v11(vertex_id=10): COMPRESS(axis=0,kind=abs_max)
[36m(CpuApproximationActor pid=10209)[0m     v0(vertex_id=1): COMPRESS(axis=1,kind=abs_max)
[36m(CpuApproximationActor pid=10209)[0m     v1(vertex_id=2): COMPRESS(axis=0,kind=abs_max)
[36m(CpuApproximationActor pid=10209)[0m     v3(vertex_id=9): COMPRESS(axis=1,kind=abs_max)
[36m(CpuApproximationActor pid=10209)[0m     v4(vertex_id=6): COMPRESS(axis=1,kind=abs_max)
[36m(CpuApproximationActor pid=10209)[0m     v5(vertex_id=4): COMPRESS(axis=1,kind=abs_max)
[36m(CpuApproximationActor pid=10209)[0m     v6(vertex_id=5): DIAG(bi1=1,bi2=0,factor=8)
[36m(CpuApproximationActor pid=10209)[0m     v7(vertex_id=7): COMPRESS(axis=0,kind=abs_max)
[36m(CpuApproximationActor pid=10209)[0m     v8(vertex_id=8): COMPRESS(axis=0,kind=abs_max)
[36m(CpuApproximationActor pid=10209)[0m     v10(vertex_id=12): COMPRESS(axis=1,kind=abs_max)
[36m(CpuApproximationActor pid=10209)[0m     v11(vertex_id=11): COMPRESS(axis=0,kind=abs_max)
[36m(CpuApproximationActor pid=10208)[0m     v0(vertex_id=12): COMPRESS(axis=1,kind=abs_max)
[36m(CpuApproximationActor pid=10208)[0m     v2(vertex_id=5): COMPRESS(axis=1,kind=abs_max)
[36m(CpuApproximationActor pid=10208)[0m     v3(vertex_id=10): COMPRESS(axis=1,kind=abs_max)
[36m(CpuApproximationActor pid=10208)[0m     v4(vertex_id=7): COMPRESS(axis=1,kind=abs_max)
[36m(CpuApproximationActor pid=10208)[0m     v6(vertex_id=11): COMPRESS(axis=0,kind=abs_max)
[36m(CpuApproximationActor pid=10208)[0m     v7(vertex_id=6): COMPRESS(axis=0,kind=abs_max)
[36m(CpuApproximationActor pid=10208)[0m     v9(vertex_id=2): COMPRESS(axis=1,kind=abs_max)
[36m(CpuApproximationActor pid=10208)[0m     v10(vertex_id=1): COMPRESS(axis=0,kind=abs_max)
[36m(PPOActor pid=10207)[0m W0723 15:06:39.742625   10207 text_format.cc:393] Warning parsing text-format xla.AutotuneResult: 5:10 (N = 2): text format contains deprecated field "split_k"
[36m(CpuApproximationActor pid=10209)[0m /Users/assmuth/dsnn/graphax/src/graphax/jaxpr.py:779: UserWarning: jaxpr tokenizer: uncaptured value rendered as '?': 'jit'[32m [repeated 2x across cluster][0m
[36m(CpuApproximationActor pid=10209)[0m   warnings.warn([32m [repeated 26x across cluster][0m
[36m(CpuApproximationActor pid=10209)[0m /Users/assmuth/dsnn/graphax/src/graphax/jaxpr.py:779: UserWarning: jaxpr tokenizer: uncaptured value rendered as '?': 'compiler_options_kvs'[32m [repeated 2x across cluster][0m
[36m(CpuApproximationActor pid=10209)[0m /Users/assmuth/dsnn/graphax/src/graphax/jaxpr.py:779: UserWarning: jaxpr tokenizer: uncaptured value rendered as '?': 'donated_invars'[32m [repeated 2x across cluster][0m
[36m(CpuApproximationActor pid=10209)[0m /Users/assmuth/dsnn/graphax/src/graphax/jaxpr.py:779: UserWarning: jaxpr tokenizer: uncaptured value rendered as '?': 'in_layouts'[32m [repeated 2x across cluster][0m
[36m(CpuApproximationActor pid=10209)[0m /Users/assmuth/dsnn/graphax/src/graphax/jaxpr.py:779: UserWarning: jaxpr tokenizer: uncaptured value rendered as '?': 'None'[32m [repeated 2x across cluster][0m
[36m(CpuApproximationActor pid=10209)[0m /Users/assmuth/dsnn/graphax/src/graphax/jaxpr.py:779: UserWarning: jaxpr tokenizer: uncaptured value rendered as '?': 'in_shardings'[32m [repeated 2x across cluster][0m
[36m(CpuApproximationActor pid=10209)[0m /Users/assmuth/dsnn/graphax/src/graphax/jaxpr.py:779: UserWarning: jaxpr tokenizer: uncaptured value rendered as '?': 'UnspecifiedValue'[32m [repeated 2x across cluster][0m
[36m(CpuApproximationActor pid=10209)[0m /Users/assmuth/dsnn/graphax/src/graphax/jaxpr.py:779: UserWarning: jaxpr tokenizer: uncaptured value rendered as '?': 'inline'[32m [repeated 2x across cluster][0m
[36m(CpuApproximationActor pid=10209)[0m /Users/assmuth/dsnn/graphax/src/graphax/jaxpr.py:779: UserWarning: jaxpr tokenizer: uncaptured value rendered as '?': 'keep_unused'[32m [repeated 2x across cluster][0m
[36m(CpuApproximationActor pid=10209)[0m /Users/assmuth/dsnn/graphax/src/graphax/jaxpr.py:779: UserWarning: jaxpr tokenizer: uncaptured value rendered as '?': 'name'[32m [repeated 2x across cluster][0m
[36m(CpuApproximationActor pid=10209)[0m /Users/assmuth/dsnn/graphax/src/graphax/jaxpr.py:779: UserWarning: jaxpr tokenizer: uncaptured value rendered as '?': '_where'[32m [repeated 2x across cluster][0m
[36m(CpuApproximationActor pid=10209)[0m /Users/assmuth/dsnn/graphax/src/graphax/jaxpr.py:779: UserWarning: jaxpr tokenizer: uncaptured value rendered as '?': 'out_layouts'[32m [repeated 2x across cluster][0m
[36m(CpuApproximationActor pid=10209)[0m /Users/assmuth/dsnn/graphax/src/graphax/jaxpr.py:779: UserWarning: jaxpr tokenizer: uncaptured value rendered as '?': 'out_shardings'[32m [repeated 2x across cluster][0m
[36m(PPOActor pid=10207)[0m W0723 15:06:40.574533   10207 text_format.cc:393] Warning parsing text-format xla.AutotuneResult: 5:10 (N = 4): text format contains deprecated field "split_k"
[36m(PPOActor pid=10207)[0m [ppo_ray] 4/48 failed/sentinel transitions this episode (pool timeout / mem-gate / shape-storm); zeroing raw rewards, forcing dones.
[36m(CpuApproximationActor pid=10208)[0m [SENTINEL] measure-exception step=12 order_len=12 terminal=True: TypeError: Argument types differ from the types for which this computation was compiled. Perhaps you are calling the compiled executable with a different enable_x64 mode than when it was AOT [32m [repeated 3x across cluster][0m
[36m(CpuApproximationActor pid=10208)[0m [SENTINEL-VERBOSE] ==================================================[32m [repeated 6x across cluster][0m
[36m(CpuApproximationActor pid=10208)[0m [SENTINEL-VERBOSE] step=12 order_len=12 terminal=True init=False point_idx=-1[32m [repeated 3x across cluster][0m
[36m(CpuApproximationActor pid=10208)[0m [SENTINEL-VERBOSE] EXC TypeError: Argument types differ from the types for which this computation was compiled. Perhaps you are calling the compiled executable with a different enable_x64 mode than when it was AOT compiled? The mismatches are:[32m [repeated 3x across cluster][0m
[36m(CpuApproximationActor pid=10208)[0m Argument 'x' compiled with float32[16,64] and called with float32[16,4][32m [repeated 6x across cluster][0m
[36m(CpuApproximationActor pid=10208)[0m Argument 'y' compiled with float32[16,64] and called with float32[16,4][32m [repeated 6x across cluster][0m
[36m(CpuApproximationActor pid=10208)[0m [SENTINEL-VERBOSE] ORDER (12): [12, 3, 5, 10, 7, 8, 11, 6, 4, 2, 1, 9][32m [repeated 3x across cluster][0m
[36m(CpuApproximationActor pid=10208)[0m [SENTINEL-VERBOSE] MICRO-ACTIONS (per vertex, in elimination order):[32m [repeated 3x across cluster][0m
[36m(CpuApproximationActor pid=10208)[0m [SENTINEL-VERBOSE] TRACEBACK:[32m [repeated 3x across cluster][0m
[36m(CpuApproximationActor pid=10208)[0m Traceback (most recent call last):[32m [repeated 3x across cluster][0m
[36m(CpuApproximationActor pid=10208)[0m   File "/Users/assmuth/dsnn/alphagrad/src/alphagrad/approx/cpu_approx_worker.py", line 257, in evaluate[32m [repeated 3x across cluster][0m
[36m(CpuApproximationActor pid=10208)[0m     tokens, eqn_ids, reward = _callback([32m [repeated 3x across cluster][0m
[36m(CpuApproximationActor pid=10208)[0m                               ~~~~~~~~~^[32m [repeated 3x across cluster][0m
[36m(CpuApproximationActor pid=10208)[0m         self._config,[32m [repeated 3x across cluster][0m
[36m(CpuApproximationActor pid=10208)[0m         ^^^^^^^^^^^^^[32m [repeated 3x across cluster][0m
[36m(CpuApproximationActor pid=10208)[0m     ...<3 lines>...[32m [repeated 6x across cluster][0m
[36m(CpuApproximationActor pid=10208)[0m         point_idx=int(point_idx),[32m [repeated 3x across cluster][0m
[36m(CpuApproximationActor pid=10208)[0m         ^^^^^^^^^^^^^^^^^^^^^^^^^[32m [repeated 3x across cluster][0m
[36m(CpuApproximationActor pid=10208)[0m     )[32m [repeated 3x across cluster][0m
[36m(CpuApproximationActor pid=10208)[0m     ^[32m [repeated 3x across cluster][0m
[36m(CpuApproximationActor pid=10208)[0m   File "/Users/assmuth/dsnn/alphagrad/src/alphagrad/approx/env.py", line 4003, in _callback[32m [repeated 3x across cluster][0m
[36m(CpuApproximationActor pid=10208)[0m     out_approx = compiled_approx(*eval_args_i)[32m [repeated 3x across cluster][0m
[36m(CpuApproximationActor pid=10208)[0m   File "/Users/assmuth/dsnn/.venv/lib/python3.13/site-packages/jax/_src/stages.py", line 884, in __call__[32m [repeated 3x across cluster][0m
[36m(CpuApproximationActor pid=10208)[0m     return self._call(*args, **kwargs)[32m [repeated 3x across cluster][0m
[36m(CpuApproximationActor pid=10208)[0m            ~~~~~~~~~~^^^^^^^^^^^^^^^^^[32m [repeated 3x across cluster][0m
[36m(CpuApproximationActor pid=10208)[0m   File "/Users/assmuth/dsnn/.venv/lib/python3.13/site-packages/jax/_src/interpreters/pxla.py", line 1926, in aot_cache_miss[32m [repeated 3x across cluster][0m
[36m(CpuApproximationActor pid=10208)[0m     outs, out_flat, args_flat = stages.Compiled.call(params, *args, **kwargs)[32m [repeated 3x across cluster][0m
[36m(CpuApproximationActor pid=10208)[0m                                 ~~~~~~~~~~~~~~~~~~~~^^^^^^^^^^^^^^^^^^^^^^^^^[32m [repeated 3x across cluster][0m
[36m(CpuApproximationActor pid=10208)[0m   File "/Users/assmuth/dsnn/.venv/lib/python3.13/site-packages/jax/_src/interpreters/pxla.py", line 1893, in call[32m [repeated 6x across cluster][0m
[36m(CpuApproximationActor pid=10208)[0m     lo_outs = params.executable.call(*params.const_args, *args_flat)[32m [repeated 3x across cluster][0m
[36m(CpuApproximationActor pid=10208)[0m     check_arg_avals_for_call(self._all_args_info.in_avals,[32m [repeated 3x across cluster][0m
[36m(CpuApproximationActor pid=10208)[0m     ~~~~~~~~~~~~~~~~~~~~~~~~^^^^^^^^^^^^^^^^^^^^^^^^^^^^^^[32m [repeated 3x across cluster][0m
[36m(CpuApproximationActor pid=10208)[0m                              map(core.shaped_abstractify, args),[32m [repeated 3x across cluster][0m
[36m(CpuApproximationActor pid=10208)[0m                              ^^^^^^^^^^^^^^^^^^^^^^^^^^^^^^^^^^^[32m [repeated 3x across cluster][0m
[36m(CpuApproximationActor pid=10208)[0m                              self._all_args_info.debug_info)[32m [repeated 3x across cluster][0m
[36m(CpuApproximationActor pid=10208)[0m                              ^^^^^^^^^^^^^^^^^^^^^^^^^^^^^^^[32m [repeated 3x across cluster][0m
[36m(CpuApproximationActor pid=10208)[0m   File "/Users/assmuth/dsnn/.venv/lib/python3.13/site-packages/jax/_src/interpreters/pxla.py", line 1998, in check_arg_avals_for_call[32m [repeated 3x across cluster][0m
[36m(CpuApproximationActor pid=10208)[0m     raise TypeError([32m [repeated 3x across cluster][0m
[36m(CpuApproximationActor pid=10208)[0m         f"{num_mismatch_str} mismatches are:\n{str_errors}")[32m [repeated 3x across cluster][0m
[36m(CpuApproximationActor pid=10208)[0m TypeError: Argument types differ from the types for which this computation was compiled. Perhaps you are calling the compiled executable with a different enable_x64 mode than when it was AOT compiled? The mismatches are:[32m [repeated 3x across cluster][0m
[36m(PPOActor pid=10207)[0m [ppo_ray][popart] ep=0 ev=-166396.313 adv(mean/std/absmax)=-0.063/0.057/0.161 flops: mu=+0 sig=1 frob_residual: mu=+0 sig=1
[36m(PPOActor pid=10207)[0m W0723 15:06:49.159689   10207 text_format.cc:393] Warning parsing text-format xla.AutotuneResult: 5:10 (N = 8): text format contains deprecated field "split_k"
[36m(PPOActor pid=10207)[0m W0723 15:06:49.159868   10207 text_format.cc:393] Warning parsing text-format xla.AutotuneResult: 5:10 (N = 16): text format contains deprecated field "split_k"
[36m(PPOActor pid=10207)[0m W0723 15:06:49.160178   10207 text_format.cc:393] Warning parsing text-format xla.AutotuneResult: 5:10 (N = 32): text format contains deprecated field "split_k"
[36m(PPOActor pid=10207)[0m W0723 15:06:49.160796   10207 text_format.cc:393] Warning parsing text-format xla.AutotuneResult: 5:10 (N = 64): text format contains deprecated field "split_k"
[36m(PPOActor pid=10207)[0m [ppo_ray][kl-stop] ep=0 approx_kl_percomp(mean)=0.3005 > target 0.15 after mb 2/4 (joint_kl mean=0.756) -- stopping remaining updates.
[36m(PPOActor pid=10207)[0m [ppo_ray] anti-degen: excluded 4 degenerate/failed terminal env(s) from best_overall.
ppo_ray:   0%|▏                                                                                                                                 | 1/1000 [00:51<14:10:05, 51.06s/it]ppo_ray best:+0(ep0) mean:+0 loss(p/v):0.12/0.0013 ent:1.730 nan_skip:0:   0%|                                                                  | 1/1000 [00:51<14:10:05, 51.06s/it][36m(CpuApproximationActor pid=10208)[0m [per-face] builds=200 applied=0 skipped=0 applied_frac=0.000
[36m(CpuApproximationActor pid=10208)[0m [SENTINEL] measure-exception step=12 order_len=12 terminal=True: TypeError: Argument types differ from the types for which this computation was compiled. Perhaps you are calling the compiled executable with a different enable_x64 mode than when it was AOT 
[36m(CpuApproximationActor pid=10208)[0m [SENTINEL-VERBOSE] ==================================================
[36m(CpuApproximationActor pid=10208)[0m [SENTINEL-VERBOSE] step=12 order_len=12 terminal=True init=False point_idx=-1
[36m(CpuApproximationActor pid=10208)[0m [SENTINEL-VERBOSE] EXC TypeError: Argument types differ from the types for which this computation was compiled. Perhaps you are calling the compiled executable with a different enable_x64 mode than when it was AOT compiled? The mismatches are:
[36m(CpuApproximationActor pid=10208)[0m Argument 'x' compiled with float32[16,64] and called with float32[16,4]
[36m(CpuApproximationActor pid=10208)[0m Argument 'y' compiled with float32[16,64] and called with float32[16,4]
[36m(CpuApproximationActor pid=10208)[0m [SENTINEL-VERBOSE] ORDER (12): [7, 12, 11, 2, 6, 9, 1, 8, 3, 5, 10, 4]
[36m(CpuApproximationActor pid=10208)[0m [SENTINEL-VERBOSE] MICRO-ACTIONS (per vertex, in elimination order):
[36m(CpuApproximationActor pid=10208)[0m     v0(vertex_id=7): COMPRESS(axis=1,kind=abs_max)
[36m(CpuApproximationActor pid=10208)[0m     v2(vertex_id=11): COMPRESS(axis=1,kind=abs_max)
[36m(CpuApproximationActor pid=10208)[0m     v3(vertex_id=2): COMPRESS(axis=1,kind=abs_max)
[36m(CpuApproximationActor pid=10208)[0m     v4(vertex_id=6): QUANT(dtype=float8_e8m0fnu)
[36m(CpuApproximationActor pid=10208)[0m     v5(vertex_id=9): COMPRESS(axis=1,kind=abs_max)
[36m(CpuApproximationActor pid=10208)[0m     v6(vertex_id=1): COMPRESS(axis=0,kind=abs_max)
[36m(CpuApproximationActor pid=10208)[0m [SENTINEL-VERBOSE] TRACEBACK:
[36m(CpuApproximationActor pid=10208)[0m Traceback (most recent call last):
[36m(CpuApproximationActor pid=10208)[0m   File "/Users/assmuth/dsnn/alphagrad/src/alphagrad/approx/cpu_approx_worker.py", line 257, in evaluate
[36m(CpuApproximationActor pid=10208)[0m     tokens, eqn_ids, reward = _callback(
[36m(CpuApproximationActor pid=10208)[0m                               ~~~~~~~~~^
[36m(CpuApproximationActor pid=10208)[0m         self._config,
[36m(CpuApproximationActor pid=10208)[0m         ^^^^^^^^^^^^^
[36m(CpuApproximationActor pid=10208)[0m     ...<7 lines>...
[36m(CpuApproximationActor pid=10208)[0m         point_idx=int(point_idx),
[36m(CpuApproximationActor pid=10208)[0m         ^^^^^^^^^^^^^^^^^^^^^^^^^
[36m(CpuApproximationActor pid=10208)[0m     )
[36m(CpuApproximationActor pid=10208)[0m     ^
[36m(CpuApproximationActor pid=10208)[0m   File "/Users/assmuth/dsnn/alphagrad/src/alphagrad/approx/env.py", line 4003, in _callback
[36m(CpuApproximationActor pid=10208)[0m     out_approx = compiled_approx(*eval_args_i)
[36m(CpuApproximationActor pid=10208)[0m   File "/Users/assmuth/dsnn/.venv/lib/python3.13/site-packages/jax/_src/stages.py", line 884, in __call__
[36m(CpuApproximationActor pid=10208)[0m     return self._call(*args, **kwargs)
[36m(CpuApproximationActor pid=10208)[0m            ~~~~~~~~~~^^^^^^^^^^^^^^^^^
[36m(CpuApproximationActor pid=10208)[0m   File "/Users/assmuth/dsnn/.venv/lib/python3.13/site-packages/jax/_src/interpreters/pxla.py", line 1926, in aot_cache_miss
[36m(CpuApproximationActor pid=10208)[0m     outs, out_flat, args_flat = stages.Compiled.call(params, *args, **kwargs)
[36m(CpuApproximationActor pid=10208)[0m                                 ~~~~~~~~~~~~~~~~~~~~^^^^^^^^^^^^^^^^^^^^^^^^^
[36m(CpuApproximationActor pid=10208)[0m   File "/Users/assmuth/dsnn/.venv/lib/python3.13/site-packages/jax/_src/stages.py", line 861, in call
[36m(CpuApproximationActor pid=10208)[0m     lo_outs = params.executable.call(*params.const_args, *args_flat)
[36m(CpuApproximationActor pid=10208)[0m   File "/Users/assmuth/dsnn/.venv/lib/python3.13/site-packages/jax/_src/interpreters/pxla.py", line 1893, in call
[36m(CpuApproximationActor pid=10208)[0m     check_arg_avals_for_call(self._all_args_info.in_avals,
[36m(CpuApproximationActor pid=10208)[0m     ~~~~~~~~~~~~~~~~~~~~~~~~^^^^^^^^^^^^^^^^^^^^^^^^^^^^^^
[36m(CpuApproximationActor pid=10208)[0m                              map(core.shaped_abstractify, args),
[36m(CpuApproximationActor pid=10208)[0m                              ^^^^^^^^^^^^^^^^^^^^^^^^^^^^^^^^^^^
[36m(CpuApproximationActor pid=10208)[0m                              self._all_args_info.debug_info)
[36m(CpuApproximationActor pid=10208)[0m                              ^^^^^^^^^^^^^^^^^^^^^^^^^^^^^^^
[36m(CpuApproximationActor pid=10208)[0m   File "/Users/assmuth/dsnn/.venv/lib/python3.13/site-packages/jax/_src/interpreters/pxla.py", line 1998, in check_arg_avals_for_call
[36m(CpuApproximationActor pid=10208)[0m     raise TypeError(
[36m(CpuApproximationActor pid=10208)[0m     ...<3 lines>...
[36m(CpuApproximationActor pid=10208)[0m         f"{num_mismatch_str} mismatches are:\n{str_errors}")
[36m(CpuApproximationActor pid=10208)[0m TypeError: Argument types differ from the types for which this computation was compiled. Perhaps you are calling the compiled executable with a different enable_x64 mode than when it was AOT compiled? The mismatches are:
[36m(CpuApproximationActor pid=10208)[0m Argument 'x' compiled with float32[16,64] and called with float32[16,4]
[36m(CpuApproximationActor pid=10208)[0m Argument 'y' compiled with float32[16,64] and called with float32[16,4]
[36m(CpuApproximationActor pid=10208)[0m [SENTINEL-VERBOSE] ==================================================
[36m(CpuApproximationActor pid=10209)[0m     v0(vertex_id=9): COMPRESS(axis=1,kind=abs_max)
[36m(CpuApproximationActor pid=10209)[0m     v7(vertex_id=1): DIAG(bi1=1,bi2=0,factor=2)
[36m(CpuApproximationActor pid=10210)[0m     v1(vertex_id=10): COMPRESS(axis=1,kind=abs_max)
[36m(CpuApproximationActor pid=10210)[0m     v4(vertex_id=12): COMPRESS(axis=1,kind=abs_max)
[36m(CpuApproximationActor pid=10210)[0m     v7(vertex_id=7): COMPRESS(axis=1,kind=abs_max)
[36m(CpuApproximationActor pid=10210)[0m     v8(vertex_id=6): COMPRESS(axis=0,kind=abs_max)
[36m(CpuApproximationActor pid=10210)[0m     v9(vertex_id=4): COMPRESS(axis=1,kind=abs_max)
[36m(CpuApproximationActor pid=10208)[0m     v0(vertex_id=4): COMPRESS(axis=1,kind=abs_max)
[36m(CpuApproximationActor pid=10208)[0m     v1(vertex_id=1): COMPRESS(axis=1,kind=abs_max)
[36m(CpuApproximationActor pid=10208)[0m     v5(vertex_id=6): COMPRESS(axis=0,kind=abs_max)
[36m(CpuApproximationActor pid=10208)[0m     v6(vertex_id=7): COMPRESS(axis=1,kind=abs_max)
[36m(CpuApproximationActor pid=10208)[0m     v8(vertex_id=10): COMPRESS(axis=1,kind=abs_max)
[36m(CpuApproximationActor pid=10208)[0m     v9(vertex_id=11): COMPRESS(axis=1,kind=abs_max)
[36m(PPOActor pid=10207)[0m [ppo_ray] 4/48 failed/sentinel transitions this episode (pool timeout / mem-gate / shape-storm); zeroing raw rewards, forcing dones.
[36m(PPOActor pid=10207)[0m [ppo_ray][popart] ep=1 ev=-156699.104 adv(mean/std/absmax)=+0.064/0.045/0.154 flops: mu=+0 sig=1 frob_residual: mu=+0 sig=1
ppo_ray best:+0(ep0) mean:+0 loss(p/v):0.12/0.0013 ent:1.730 nan_skip:0:   0%|▏                                                                  | 2/1000 [01:02<7:39:32, 27.63s/it]ppo_ray best:+0(ep0) mean:+0 loss(p/v):-0.051/0.00087 ent:2.428 nan_skip:0:   0%|▏                                                               | 2/1000 [01:02<7:39:32, 27.63s/it][36m(PPOActor pid=10207)[0m [ppo_ray] anti-degen: excluded 4 degenerate/failed terminal env(s) from best_overall.
[36m(CpuApproximationActor pid=10208)[0m [SENTINEL] measure-exception step=12 order_len=12 terminal=True: TypeError: Argument types differ from the types for which this computation was compiled. Perhaps you are calling the compiled executable with a different enable_x64 mode than when it was AOT [32m [repeated 3x across cluster][0m
[36m(CpuApproximationActor pid=10208)[0m [SENTINEL-VERBOSE] ==================================================[32m [repeated 6x across cluster][0m
[36m(CpuApproximationActor pid=10208)[0m [SENTINEL-VERBOSE] step=12 order_len=12 terminal=True init=False point_idx=-1[32m [repeated 3x across cluster][0m
[36m(CpuApproximationActor pid=10208)[0m [SENTINEL-VERBOSE] EXC TypeError: Argument types differ from the types for which this computation was compiled. Perhaps you are calling the compiled executable with a different enable_x64 mode than when it was AOT compiled? The mismatches are:[32m [repeated 3x across cluster][0m
[36m(CpuApproximationActor pid=10208)[0m Argument 'x' compiled with float32[16,64] and called with float32[16,4][32m [repeated 6x across cluster][0m
[36m(CpuApproximationActor pid=10208)[0m Argument 'y' compiled with float32[16,64] and called with float32[16,4][32m [repeated 6x across cluster][0m
[36m(CpuApproximationActor pid=10208)[0m [SENTINEL-VERBOSE] ORDER (12): [4, 1, 2, 9, 5, 6, 7, 3, 10, 11, 12, 8][32m [repeated 3x across cluster][0m
[36m(CpuApproximationActor pid=10208)[0m [SENTINEL-VERBOSE] MICRO-ACTIONS (per vertex, in elimination order):[32m [repeated 3x across cluster][0m
[36m(CpuApproximationActor pid=10208)[0m [SENTINEL-VERBOSE] TRACEBACK:[32m [repeated 3x across cluster][0m
[36m(CpuApproximationActor pid=10208)[0m Traceback (most recent call last):[32m [repeated 3x across cluster][0m
[36m(CpuApproximationActor pid=10208)[0m   File "/Users/assmuth/dsnn/alphagrad/src/alphagrad/approx/cpu_approx_worker.py", line 257, in evaluate[32m [repeated 3x across cluster][0m
[36m(CpuApproximationActor pid=10208)[0m     tokens, eqn_ids, reward = _callback([32m [repeated 3x across cluster][0m
[36m(CpuApproximationActor pid=10208)[0m                               ~~~~~~~~~^[32m [repeated 3x across cluster][0m
[36m(CpuApproximationActor pid=10208)[0m         self._config,[32m [repeated 3x across cluster][0m
[36m(CpuApproximationActor pid=10208)[0m         ^^^^^^^^^^^^^[32m [repeated 3x across cluster][0m
[36m(CpuApproximationActor pid=10208)[0m     ...<3 lines>...[32m [repeated 6x across cluster][0m
[36m(CpuApproximationActor pid=10208)[0m         point_idx=int(point_idx),[32m [repeated 3x across cluster][0m
[36m(CpuApproximationActor pid=10208)[0m         ^^^^^^^^^^^^^^^^^^^^^^^^^[32m [repeated 3x across cluster][0m
[36m(CpuApproximationActor pid=10208)[0m     )[32m [repeated 3x across cluster][0m
[36m(CpuApproximationActor pid=10208)[0m     ^[32m [repeated 3x across cluster][0m
[36m(CpuApproximationActor pid=10208)[0m   File "/Users/assmuth/dsnn/alphagrad/src/alphagrad/approx/env.py", line 4003, in _callback[32m [repeated 3x across cluster][0m
[36m(CpuApproximationActor pid=10208)[0m     out_approx = compiled_approx(*eval_args_i)[32m [repeated 3x across cluster][0m
[36m(CpuApproximationActor pid=10208)[0m   File "/Users/assmuth/dsnn/.venv/lib/python3.13/site-packages/jax/_src/stages.py", line 884, in __call__[32m [repeated 3x across cluster][0m
[36m(CpuApproximationActor pid=10208)[0m     return self._call(*args, **kwargs)[32m [repeated 3x across cluster][0m
[36m(CpuApproximationActor pid=10208)[0m            ~~~~~~~~~~^^^^^^^^^^^^^^^^^[32m [repeated 3x across cluster][0m
[36m(CpuApproximationActor pid=10208)[0m   File "/Users/assmuth/dsnn/.venv/lib/python3.13/site-packages/jax/_src/interpreters/pxla.py", line 1926, in aot_cache_miss[32m [repeated 3x across cluster][0m
[36m(CpuApproximationActor pid=10208)[0m     outs, out_flat, args_flat = stages.Compiled.call(params, *args, **kwargs)[32m [repeated 3x across cluster][0m
[36m(CpuApproximationActor pid=10208)[0m                                 ~~~~~~~~~~~~~~~~~~~~^^^^^^^^^^^^^^^^^^^^^^^^^[32m [repeated 3x across cluster][0m
[36m(CpuApproximationActor pid=10208)[0m   File "/Users/assmuth/dsnn/.venv/lib/python3.13/site-packages/jax/_src/interpreters/pxla.py", line 1893, in call[32m [repeated 6x across cluster][0m
[36m(CpuApproximationActor pid=10208)[0m     lo_outs = params.executable.call(*params.const_args, *args_flat)[32m [repeated 3x across cluster][0m
[36m(CpuApproximationActor pid=10208)[0m     check_arg_avals_for_call(self._all_args_info.in_avals,[32m [repeated 3x across cluster][0m
[36m(CpuApproximationActor pid=10208)[0m     ~~~~~~~~~~~~~~~~~~~~~~~~^^^^^^^^^^^^^^^^^^^^^^^^^^^^^^[32m [repeated 3x across cluster][0m
[36m(CpuApproximationActor pid=10208)[0m                              map(core.shaped_abstractify, args),[32m [repeated 3x across cluster][0m
[36m(CpuApproximationActor pid=10208)[0m                              ^^^^^^^^^^^^^^^^^^^^^^^^^^^^^^^^^^^[32m [repeated 3x across cluster][0m
[36m(CpuApproximationActor pid=10208)[0m                              self._all_args_info.debug_info)[32m [repeated 3x across cluster][0m
[36m(CpuApproximationActor pid=10208)[0m                              ^^^^^^^^^^^^^^^^^^^^^^^^^^^^^^^[32m [repeated 3x across cluster][0m
[36m(CpuApproximationActor pid=10208)[0m   File "/Users/assmuth/dsnn/.venv/lib/python3.13/site-packages/jax/_src/interpreters/pxla.py", line 1998, in check_arg_avals_for_call[32m [repeated 3x across cluster][0m
[36m(CpuApproximationActor pid=10208)[0m     raise TypeError([32m [repeated 3x across cluster][0m
[36m(CpuApproximationActor pid=10208)[0m         f"{num_mismatch_str} mismatches are:\n{str_errors}")[32m [repeated 3x across cluster][0m
[36m(CpuApproximationActor pid=10208)[0m TypeError: Argument types differ from the types for which this computation was compiled. Perhaps you are calling the compiled executable with a different enable_x64 mode than when it was AOT compiled? The mismatches are:[32m [repeated 3x across cluster][0m
[36m(CpuApproximationActor pid=12183)[0m W0723 15:07:33.960196   12183 text_format.cc:393] Warning parsing text-format xla.TritonGemmConfigsProto: 15:53 (N = 1): text format contains deprecated field "split_k"
[36m(CpuApproximationActor pid=12183)[0m W0723 15:07:33.960217   12183 text_format.cc:393] Warning parsing text-format xla.TritonGemmConfigsProto: 16:53 (N = 2): text format contains deprecated field "split_k"
[36m(CpuApproximationActor pid=12183)[0m W0723 15:07:33.960224   12183 text_format.cc:393] Warning parsing text-format xla.TritonGemmConfigsProto: 18:53 (N = 4): text format contains deprecated field "split_k"
[36m(CpuApproximationActor pid=12183)[0m W0723 15:07:33.960232   12183 text_format.cc:393] Warning parsing text-format xla.TritonGemmConfigsProto: 22:53 (N = 8): text format contains deprecated field "split_k"
[36m(CpuApproximationActor pid=12183)[0m W0723 15:07:33.960245   12183 text_format.cc:393] Warning parsing text-format xla.TritonGemmConfigsProto: 30:53 (N = 16): text format contains deprecated field "split_k"
[36m(CpuApproximationActor pid=12183)[0m W0723 15:07:33.960274   12183 text_format.cc:393] Warning parsing text-format xla.TritonGemmConfigsProto: 16:52 (N = 32): text format contains deprecated field "split_k"
[36m(CpuApproximationActor pid=12183)[0m W0723 15:07:33.960323   12183 text_format.cc:393] Warning parsing text-format xla.TritonGemmConfigsProto: 48:53 (N = 64): text format contains deprecated field "split_k"
[36m(CpuApproximationActor pid=12183)[0m W0723 15:07:33.960422   12183 text_format.cc:393] Warning parsing text-format xla.TritonGemmConfigsProto: 78:53 (N = 128): text format contains deprecated field "split_k"
[36m(CpuApproximationActor pid=12183)[0m W0723 15:07:33.960608   12183 text_format.cc:393] Warning parsing text-format xla.TritonGemmConfigsProto: 36:55 (N = 256): text format contains deprecated field "split_k"
[36m(CpuApproximationActor pid=12183)[0m [cpu_approx_worker pid=12183] env: ALPHAGRAD_EXACT_ONLY=1 ALPHAGRAD_EXAMPLE_WIDTH=64 ALPHAGRAD_FACE_TRANSFORMS=0 ALPHAGRAD_MEASURE_VIA_AOJ=0 ALPHAGRAD_PER_FACE_MVP=0 ALPHAGRAD_POLICY=palimpsa JAX_COMPILATION_CACHE_DIR=/tmp/dsnn-jax-cache-55187-pgi15-gpu13
[36m(CpuApproximationActor pid=12183)[0m [measure-actor 4] host=pgi15-gpu13 CUDA_VISIBLE_DEVICES=1 jax_devices=[CudaDevice(id=0)]
[36m(PPOActor pid=10207)[0m [per-face] builds=400 applied=0 skipped=0 applied_frac=0.000
[36m(CpuApproximationActor pid=12183)[0m /Users/assmuth/dsnn/graphax/src/graphax/jaxpr.py:779: UserWarning: jaxpr tokenizer: uncaptured value rendered as '?': 'jit'
[36m(CpuApproximationActor pid=12183)[0m   warnings.warn(
[36m(CpuApproximationActor pid=12183)[0m /Users/assmuth/dsnn/graphax/src/graphax/jaxpr.py:779: UserWarning: jaxpr tokenizer: uncaptured value rendered as '?': 'compiler_options_kvs'
[36m(CpuApproximationActor pid=12183)[0m   warnings.warn(
[36m(CpuApproximationActor pid=12183)[0m /Users/assmuth/dsnn/graphax/src/graphax/jaxpr.py:779: UserWarning: jaxpr tokenizer: uncaptured value rendered as '?': 'donated_invars'
[36m(CpuApproximationActor pid=12183)[0m   warnings.warn(
[36m(CpuApproximationActor pid=12183)[0m /Users/assmuth/dsnn/graphax/src/graphax/jaxpr.py:779: UserWarning: jaxpr tokenizer: uncaptured value rendered as '?': 'in_layouts'
[36m(CpuApproximationActor pid=12183)[0m   warnings.warn(
[36m(CpuApproximationActor pid=12183)[0m /Users/assmuth/dsnn/graphax/src/graphax/jaxpr.py:779: UserWarning: jaxpr tokenizer: uncaptured value rendered as '?': 'None'
[36m(CpuApproximationActor pid=12183)[0m   warnings.warn(
[36m(CpuApproximationActor pid=12183)[0m /Users/assmuth/dsnn/graphax/src/graphax/jaxpr.py:779: UserWarning: jaxpr tokenizer: uncaptured value rendered as '?': 'in_shardings'
[36m(CpuApproximationActor pid=12183)[0m   warnings.warn(
[36m(CpuApproximationActor pid=12183)[0m /Users/assmuth/dsnn/graphax/src/graphax/jaxpr.py:779: UserWarning: jaxpr tokenizer: uncaptured value rendered as '?': 'UnspecifiedValue'
[36m(CpuApproximationActor pid=12183)[0m   warnings.warn(
[36m(CpuApproximationActor pid=12183)[0m /Users/assmuth/dsnn/graphax/src/graphax/jaxpr.py:779: UserWarning: jaxpr tokenizer: uncaptured value rendered as '?': 'inline'
[36m(CpuApproximationActor pid=12183)[0m   warnings.warn(
[36m(CpuApproximationActor pid=12183)[0m /Users/assmuth/dsnn/graphax/src/graphax/jaxpr.py:779: UserWarning: jaxpr tokenizer: uncaptured value rendered as '?': 'keep_unused'
[36m(CpuApproximationActor pid=12183)[0m   warnings.warn(
[36m(CpuApproximationActor pid=12183)[0m /Users/assmuth/dsnn/graphax/src/graphax/jaxpr.py:779: UserWarning: jaxpr tokenizer: uncaptured value rendered as '?': 'name'
[36m(CpuApproximationActor pid=12183)[0m   warnings.warn(
[36m(CpuApproximationActor pid=12183)[0m /Users/assmuth/dsnn/graphax/src/graphax/jaxpr.py:779: UserWarning: jaxpr tokenizer: uncaptured value rendered as '?': '_where'
[36m(CpuApproximationActor pid=12183)[0m   warnings.warn(
[36m(CpuApproximationActor pid=12183)[0m /Users/assmuth/dsnn/graphax/src/graphax/jaxpr.py:779: UserWarning: jaxpr tokenizer: uncaptured value rendered as '?': 'out_layouts'
[36m(CpuApproximationActor pid=12183)[0m   warnings.warn(
[36m(CpuApproximationActor pid=12183)[0m /Users/assmuth/dsnn/graphax/src/graphax/jaxpr.py:779: UserWarning: jaxpr tokenizer: uncaptured value rendered as '?': 'out_shardings'
[36m(CpuApproximationActor pid=12183)[0m   warnings.warn(
[36m(CpuApproximationActor pid=10210)[0m [SENTINEL] measure-exception step=12 order_len=12 terminal=True: TypeError: Argument types differ from the types for which this computation was compiled. Perhaps you are calling the compiled executable with a different enable_x64 mode than when it was AOT 
[36m(CpuApproximationActor pid=10210)[0m [SENTINEL-VERBOSE] ==================================================
[36m(CpuApproximationActor pid=10210)[0m [SENTINEL-VERBOSE] step=12 order_len=12 terminal=True init=False point_idx=-1
[36m(CpuApproximationActor pid=10210)[0m [SENTINEL-VERBOSE] EXC TypeError: Argument types differ from the types for which this computation was compiled. Perhaps you are calling the compiled executable with a different enable_x64 mode than when it was AOT compiled? The mismatches are:
[36m(CpuApproximationActor pid=10210)[0m Argument 'x' compiled with float32[16,64] and called with float32[16,4]
[36m(CpuApproximationActor pid=10210)[0m Argument 'y' compiled with float32[16,64] and called with float32[16,4]
[36m(CpuApproximationActor pid=10210)[0m [SENTINEL-VERBOSE] ORDER (12): [5, 1, 8, 4, 10, 6, 2, 7, 11, 3, 12, 9]
[36m(CpuApproximationActor pid=10210)[0m [SENTINEL-VERBOSE] MICRO-ACTIONS (per vertex, in elimination order):
[36m(CpuApproximationActor pid=10210)[0m     v0(vertex_id=5): DIAG(bi1=1,bi2=1,factor=2)
[36m(CpuApproximationActor pid=10210)[0m     v1(vertex_id=1): QUANT(dtype=float8_e3m4)
[36m(CpuApproximationActor pid=10210)[0m     v3(vertex_id=4): COMPRESS(axis=1,kind=abs_max)
[36m(CpuApproximationActor pid=10210)[0m     v6(vertex_id=2): COMPRESS(axis=1,kind=abs_max)
[36m(CpuApproximationActor pid=10210)[0m     v7(vertex_id=7): COMPRESS(axis=1,kind=abs_max)
[36m(CpuApproximationActor pid=10210)[0m     v8(vertex_id=11): QUANT(dtype=float8_e8m0fnu)
[36m(CpuApproximationActor pid=10210)[0m     v10(vertex_id=12): QUANT(dtype=float8_e8m0fnu)
[36m(CpuApproximationActor pid=10210)[0m     v11(vertex_id=9): COMPRESS(axis=1,kind=abs_max)
[36m(CpuApproximationActor pid=10210)[0m [SENTINEL-VERBOSE] TRACEBACK:
[36m(CpuApproximationActor pid=10210)[0m Traceback (most recent call last):
[36m(CpuApproximationActor pid=10210)[0m   File "/Users/assmuth/dsnn/alphagrad/src/alphagrad/approx/cpu_approx_worker.py", line 257, in evaluate
[36m(CpuApproximationActor pid=10210)[0m     tokens, eqn_ids, reward = _callback(
[36m(CpuApproximationActor pid=10210)[0m                               ~~~~~~~~~^
[36m(CpuApproximationActor pid=10210)[0m         self._config,
[36m(CpuApproximationActor pid=10210)[0m         ^^^^^^^^^^^^^
[36m(CpuApproximationActor pid=10210)[0m     ...<7 lines>...
[36m(CpuApproximationActor pid=10210)[0m         point_idx=int(point_idx),
[36m(CpuApproximationActor pid=10210)[0m         ^^^^^^^^^^^^^^^^^^^^^^^^^
[36m(CpuApproximationActor pid=10210)[0m     )
[36m(CpuApproximationActor pid=10210)[0m     ^
[36m(CpuApproximationActor pid=10210)[0m   File "/Users/assmuth/dsnn/alphagrad/src/alphagrad/approx/env.py", line 4003, in _callback
[36m(CpuApproximationActor pid=10210)[0m     out_approx = compiled_approx(*eval_args_i)
[36m(CpuApproximationActor pid=10210)[0m   File "/Users/assmuth/dsnn/.venv/lib/python3.13/site-packages/jax/_src/stages.py", line 884, in __call__
[36m(CpuApproximationActor pid=10210)[0m     return self._call(*args, **kwargs)
[36m(CpuApproximationActor pid=10210)[0m            ~~~~~~~~~~^^^^^^^^^^^^^^^^^
[36m(CpuApproximationActor pid=10210)[0m   File "/Users/assmuth/dsnn/.venv/lib/python3.13/site-packages/jax/_src/interpreters/pxla.py", line 1926, in aot_cache_miss
[36m(CpuApproximationActor pid=10210)[0m     outs, out_flat, args_flat = stages.Compiled.call(params, *args, **kwargs)
[36m(CpuApproximationActor pid=10210)[0m                                 ~~~~~~~~~~~~~~~~~~~~^^^^^^^^^^^^^^^^^^^^^^^^^
[36m(CpuApproximationActor pid=10210)[0m   File "/Users/assmuth/dsnn/.venv/lib/python3.13/site-packages/jax/_src/stages.py", line 861, in call
[36m(CpuApproximationActor pid=10210)[0m     lo_outs = params.executable.call(*params.const_args, *args_flat)
[36m(CpuApproximationActor pid=10210)[0m   File "/Users/assmuth/dsnn/.venv/lib/python3.13/site-packages/jax/_src/interpreters/pxla.py", line 1893, in call
[36m(CpuApproximationActor pid=10210)[0m     check_arg_avals_for_call(self._all_args_info.in_avals,
[36m(CpuApproximationActor pid=10210)[0m     ~~~~~~~~~~~~~~~~~~~~~~~~^^^^^^^^^^^^^^^^^^^^^^^^^^^^^^
[36m(CpuApproximationActor pid=10210)[0m                              map(core.shaped_abstractify, args),
[36m(CpuApproximationActor pid=10210)[0m                              ^^^^^^^^^^^^^^^^^^^^^^^^^^^^^^^^^^^
[36m(CpuApproximationActor pid=10210)[0m                              self._all_args_info.debug_info)
[36m(CpuApproximationActor pid=10210)[0m                              ^^^^^^^^^^^^^^^^^^^^^^^^^^^^^^^
[36m(CpuApproximationActor pid=10210)[0m   File "/Users/assmuth/dsnn/.venv/lib/python3.13/site-packages/jax/_src/interpreters/pxla.py", line 1998, in check_arg_avals_for_call
[36m(CpuApproximationActor pid=10210)[0m     raise TypeError(
[36m(CpuApproximationActor pid=10210)[0m     ...<3 lines>...
[36m(CpuApproximationActor pid=10210)[0m         f"{num_mismatch_str} mismatches are:\n{str_errors}")
[36m(CpuApproximationActor pid=10210)[0m TypeError: Argument types differ from the types for which this computation was compiled. Perhaps you are calling the compiled executable with a different enable_x64 mode than when it was AOT compiled? The mismatches are:
[36m(CpuApproximationActor pid=10210)[0m Argument 'x' compiled with float32[16,64] and called with float32[16,4]
[36m(CpuApproximationActor pid=10210)[0m Argument 'y' compiled with float32[16,64] and called with float32[16,4]
[36m(CpuApproximationActor pid=10210)[0m [SENTINEL-VERBOSE] ==================================================
[36m(CpuApproximationActor pid=10209)[0m     v0(vertex_id=10): QUANT(dtype=float8_e8m0fnu)
[36m(CpuApproximationActor pid=10209)[0m     v1(vertex_id=7): COMPRESS(axis=1,kind=abs_max)
[36m(CpuApproximationActor pid=10209)[0m     v3(vertex_id=12): QUANT(dtype=float8_e8m0fnu)
[36m(CpuApproximationActor pid=10209)[0m     v5(vertex_id=4): QUANT(dtype=float8_e8m0fnu)
[36m(CpuApproximationActor pid=10209)[0m     v6(vertex_id=9): COMPRESS(axis=1,kind=abs_max)
[36m(CpuApproximationActor pid=10209)[0m     v8(vertex_id=8): QUANT(dtype=float8_e8m0fnu)
[36m(CpuApproximationActor pid=10209)[0m     v11(vertex_id=6): COMPRESS(axis=0,kind=abs_max)
[36m(CpuApproximationActor pid=12183)[0m     v0(vertex_id=7): COMPRESS(axis=1,kind=abs_max)
[36m(CpuApproximationActor pid=12183)[0m     v5(vertex_id=2): DIAG(bi1=0,bi2=0,factor=2)
[36m(CpuApproximationActor pid=12183)[0m     v7(vertex_id=1): COMPRESS(axis=3,kind=abs_max)
[36m(CpuApproximationActor pid=12183)[0m     v8(vertex_id=5): COMPRESS(axis=1,kind=abs_max)
[36m(CpuApproximationActor pid=12183)[0m     v9(vertex_id=8): QUANT(dtype=float8_e3m4)
[36m(CpuApproximationActor pid=12183)[0m     v10(vertex_id=11): COMPRESS(axis=1,kind=abs_max)
[36m(CpuApproximationActor pid=10209)[0m     v5(vertex_id=11): COMPRESS(axis=1,kind=abs_max)
[36m(CpuApproximationActor pid=10209)[0m     v8(vertex_id=5): DIAG(bi1=1,bi2=0,factor=2)
[36m(CpuApproximationActor pid=10209)[0m     v9(vertex_id=6): COMPRESS(axis=1,kind=abs_max)
[36m(CpuApproximationActor pid=10209)[0m     v10(vertex_id=7): COMPRESS(axis=0,kind=abs_max)
[36m(CpuApproximationActor pid=10209)[0m     v11(vertex_id=9): COMPRESS(axis=0,kind=abs_max)
[36m(PPOActor pid=10207)[0m [ppo_ray] 4/48 failed/sentinel transitions this episode (pool timeout / mem-gate / shape-storm); zeroing raw rewards, forcing dones.
[36m(PPOActor pid=10207)[0m [ppo_ray][popart] ep=2 ev=-47101.853 adv(mean/std/absmax)=-0.010/0.027/0.076 flops: mu=+0 sig=1 frob_residual: mu=+0 sig=1
ppo_ray best:+0(ep0) mean:+0 loss(p/v):-0.051/0.00087 ent:2.428 nan_skip:0:   0%|▏                                                               | 3/1000 [01:21<6:35:46, 23.82s/it]ppo_ray best:+0(ep0) mean:+0 loss(p/v):0.012/0.00032 ent:2.632 nan_skip:0:   0%|▏                                                                | 3/1000 [01:21<6:35:46, 23.82s/it][36m(PPOActor pid=10207)[0m [ppo_ray] anti-degen: excluded 4 degenerate/failed terminal env(s) from best_overall.
[36m(CpuApproximationActor pid=10209)[0m [SENTINEL] measure-exception step=12 order_len=12 terminal=True: TypeError: Argument types differ from the types for which this computation was compiled. Perhaps you are calling the compiled executable with a different enable_x64 mode than when it was AOT [32m [repeated 3x across cluster][0m
[36m(CpuApproximationActor pid=10209)[0m [SENTINEL-VERBOSE] ==================================================[32m [repeated 6x across cluster][0m
[36m(CpuApproximationActor pid=10209)[0m [SENTINEL-VERBOSE] step=12 order_len=12 terminal=True init=False point_idx=-1[32m [repeated 3x across cluster][0m
[36m(CpuApproximationActor pid=10209)[0m [SENTINEL-VERBOSE] EXC TypeError: Argument types differ from the types for which this computation was compiled. Perhaps you are calling the compiled executable with a different enable_x64 mode than when it was AOT compiled? The mismatches are:[32m [repeated 3x across cluster][0m
[36m(CpuApproximationActor pid=10209)[0m Argument 'x' compiled with float32[16,64] and called with float32[16,4][32m [repeated 6x across cluster][0m
[36m(CpuApproximationActor pid=10209)[0m Argument 'y' compiled with float32[16,64] and called with float32[16,4][32m [repeated 6x across cluster][0m
[36m(CpuApproximationActor pid=10209)[0m [SENTINEL-VERBOSE] ORDER (12): [8, 4, 10, 2, 12, 11, 1, 3, 5, 6, 7, 9][32m [repeated 3x across cluster][0m
[36m(CpuApproximationActor pid=10209)[0m [SENTINEL-VERBOSE] MICRO-ACTIONS (per vertex, in elimination order):[32m [repeated 3x across cluster][0m
[36m(CpuApproximationActor pid=10209)[0m [SENTINEL-VERBOSE] TRACEBACK:[32m [repeated 3x across cluster][0m
[36m(CpuApproximationActor pid=10209)[0m Traceback (most recent call last):[32m [repeated 3x across cluster][0m
[36m(CpuApproximationActor pid=10209)[0m   File "/Users/assmuth/dsnn/alphagrad/src/alphagrad/approx/cpu_approx_worker.py", line 257, in evaluate[32m [repeated 3x across cluster][0m
[36m(CpuApproximationActor pid=10209)[0m     tokens, eqn_ids, reward = _callback([32m [repeated 3x across cluster][0m
[36m(CpuApproximationActor pid=10209)[0m                               ~~~~~~~~~^[32m [repeated 3x across cluster][0m
[36m(CpuApproximationActor pid=10209)[0m         self._config,[32m [repeated 3x across cluster][0m
[36m(CpuApproximationActor pid=10209)[0m         ^^^^^^^^^^^^^[32m [repeated 3x across cluster][0m
[36m(CpuApproximationActor pid=10209)[0m     ...<3 lines>...[32m [repeated 6x across cluster][0m
[36m(CpuApproximationActor pid=10209)[0m         point_idx=int(point_idx),[32m [repeated 3x across cluster][0m
[36m(CpuApproximationActor pid=10209)[0m         ^^^^^^^^^^^^^^^^^^^^^^^^^[32m [repeated 3x across cluster][0m
[36m(CpuApproximationActor pid=10209)[0m     )[32m [repeated 3x across cluster][0m
[36m(CpuApproximationActor pid=10209)[0m     ^[32m [repeated 3x across cluster][0m
[36m(CpuApproximationActor pid=10209)[0m   File "/Users/assmuth/dsnn/alphagrad/src/alphagrad/approx/env.py", line 4003, in _callback[32m [repeated 3x across cluster][0m
[36m(CpuApproximationActor pid=10209)[0m     out_approx = compiled_approx(*eval_args_i)[32m [repeated 3x across cluster][0m
[36m(CpuApproximationActor pid=10209)[0m   File "/Users/assmuth/dsnn/.venv/lib/python3.13/site-packages/jax/_src/stages.py", line 884, in __call__[32m [repeated 3x across cluster][0m
[36m(CpuApproximationActor pid=10209)[0m     return self._call(*args, **kwargs)[32m [repeated 3x across cluster][0m
[36m(CpuApproximationActor pid=10209)[0m            ~~~~~~~~~~^^^^^^^^^^^^^^^^^[32m [repeated 3x across cluster][0m
[36m(CpuApproximationActor pid=10209)[0m   File "/Users/assmuth/dsnn/.venv/lib/python3.13/site-packages/jax/_src/interpreters/pxla.py", line 1926, in aot_cache_miss[32m [repeated 3x across cluster][0m
[36m(CpuApproximationActor pid=10209)[0m     outs, out_flat, args_flat = stages.Compiled.call(params, *args, **kwargs)[32m [repeated 3x across cluster][0m
[36m(CpuApproximationActor pid=10209)[0m                                 ~~~~~~~~~~~~~~~~~~~~^^^^^^^^^^^^^^^^^^^^^^^^^[32m [repeated 3x across cluster][0m
[36m(CpuApproximationActor pid=10209)[0m   File "/Users/assmuth/dsnn/.venv/lib/python3.13/site-packages/jax/_src/interpreters/pxla.py", line 1893, in call[32m [repeated 6x across cluster][0m
[36m(CpuApproximationActor pid=10209)[0m     lo_outs = params.executable.call(*params.const_args, *args_flat)[32m [repeated 3x across cluster][0m
[36m(CpuApproximationActor pid=10209)[0m     check_arg_avals_for_call(self._all_args_info.in_avals,[32m [repeated 3x across cluster][0m
[36m(CpuApproximationActor pid=10209)[0m     ~~~~~~~~~~~~~~~~~~~~~~~~^^^^^^^^^^^^^^^^^^^^^^^^^^^^^^[32m [repeated 3x across cluster][0m
[36m(CpuApproximationActor pid=10209)[0m                              map(core.shaped_abstractify, args),[32m [repeated 3x across cluster][0m
[36m(CpuApproximationActor pid=10209)[0m                              ^^^^^^^^^^^^^^^^^^^^^^^^^^^^^^^^^^^[32m [repeated 3x across cluster][0m
[36m(CpuApproximationActor pid=10209)[0m                              self._all_args_info.debug_info)[32m [repeated 3x across cluster][0m
[36m(CpuApproximationActor pid=10209)[0m                              ^^^^^^^^^^^^^^^^^^^^^^^^^^^^^^^[32m [repeated 3x across cluster][0m
[36m(CpuApproximationActor pid=10209)[0m   File "/Users/assmuth/dsnn/.venv/lib/python3.13/site-packages/jax/_src/interpreters/pxla.py", line 1998, in check_arg_avals_for_call[32m [repeated 3x across cluster][0m
[36m(CpuApproximationActor pid=10209)[0m     raise TypeError([32m [repeated 3x across cluster][0m
[36m(CpuApproximationActor pid=10209)[0m         f"{num_mismatch_str} mismatches are:\n{str_errors}")[32m [repeated 3x across cluster][0m
[36m(CpuApproximationActor pid=10209)[0m TypeError: Argument types differ from the types for which this computation was compiled. Perhaps you are calling the compiled executable with a different enable_x64 mode than when it was AOT compiled? The mismatches are:[32m [repeated 3x across cluster][0m
[36m(PPOActor pid=10207)[0m [per-face] builds=600 applied=0 skipped=0 applied_frac=0.000
[36m(CpuApproximationActor pid=10210)[0m     v0(vertex_id=8): QUANT(dtype=float8_e3m4)
[36m(CpuApproximationActor pid=10210)[0m     v1(vertex_id=11): COMPRESS(axis=1,kind=abs_max)
[36m(CpuApproximationActor pid=10210)[0m     v5(vertex_id=7): COMPRESS(axis=1,kind=abs_max)
[36m(CpuApproximationActor pid=10210)[0m     v6(vertex_id=4): COMPRESS(axis=1,kind=abs_max)
[36m(CpuApproximationActor pid=10210)[0m     v7(vertex_id=5): COMPRESS(axis=1,kind=abs_max)
[36m(CpuApproximationActor pid=10210)[0m     v9(vertex_id=2): DIAG(bi1=0,bi2=0,factor=2)
[36m(CpuApproximationActor pid=10210)[0m     v11(vertex_id=1): COMPRESS(axis=2,kind=abs_max)
[36m(CpuApproximationActor pid=10209)[0m     v0(vertex_id=12): COMPRESS(axis=1,kind=max)
[36m(CpuApproximationActor pid=10209)[0m     v1(vertex_id=5): COMPRESS(axis=1,kind=abs_max)
[36m(CpuApproximationActor pid=10209)[0m     v3(vertex_id=2): QUANT(dtype=float8_e8m0fnu)
[36m(CpuApproximationActor pid=10209)[0m     v6(vertex_id=6): COMPRESS(axis=1,kind=abs_max)
[36m(CpuApproximationActor pid=10209)[0m     v7(vertex_id=7): COMPRESS(axis=1,kind=abs_max)
[36m(CpuApproximationActor pid=10209)[0m     v8(vertex_id=8): QUANT(dtype=float8_e3m4)
[36m(CpuApproximationActor pid=10209)[0m     v10(vertex_id=3): QUANT(dtype=float8_e8m0fnu)
[36m(CpuApproximationActor pid=10209)[0m     v11(vertex_id=11): QUANT(dtype=float8_e8m0fnu)
[36m(CpuApproximationActor pid=12183)[0m     v0(vertex_id=2): DIAG(bi1=0,bi2=0,factor=2)
[36m(CpuApproximationActor pid=12183)[0m     v2(vertex_id=10): COMPRESS(axis=1,kind=abs_max)
[36m(CpuApproximationActor pid=12183)[0m     v4(vertex_id=7): QUANT(dtype=float8_e8m0fnu)
[36m(CpuApproximationActor pid=12183)[0m     v5(vertex_id=12): QUANT(dtype=float8_e8m0fnu)
[36m(CpuApproximationActor pid=12183)[0m     v7(vertex_id=4): QUANT(dtype=float8_e8m0fnu)
[36m(CpuApproximationActor pid=12183)[0m     v9(vertex_id=1): DIAG(bi1=1,bi2=0,factor=2)
[36m(CpuApproximationActor pid=12183)[0m     v10(vertex_id=8): QUANT(dtype=float8_e3m4)
[36m(CpuApproximationActor pid=12183)[0m     v11(vertex_id=11): QUANT(dtype=float8_e8m0fnu)
[36m(CpuApproximationActor pid=12183)[0m [SENTINEL] measure-exception step=12 order_len=12 terminal=True: TypeError: Argument types differ from the types for which this computation was compiled. Perhaps you are calling the compiled executable with a different enable_x64 mode than when it was AOT [32m [repeated 3x across cluster][0m
[36m(CpuApproximationActor pid=12183)[0m [SENTINEL-VERBOSE] ==================================================[32m [repeated 6x across cluster][0m
[36m(CpuApproximationActor pid=12183)[0m [SENTINEL-VERBOSE] step=12 order_len=12 terminal=True init=False point_idx=-1[32m [repeated 3x across cluster][0m
[36m(CpuApproximationActor pid=12183)[0m [SENTINEL-VERBOSE] EXC TypeError: Argument types differ from the types for which this computation was compiled. Perhaps you are calling the compiled executable with a different enable_x64 mode than when it was AOT compiled? The mismatches are:[32m [repeated 3x across cluster][0m
[36m(CpuApproximationActor pid=12183)[0m Argument 'x' compiled with float32[16,64] and called with float32[16,4][32m [repeated 6x across cluster][0m
[36m(CpuApproximationActor pid=12183)[0m Argument 'y' compiled with float32[16,64] and called with float32[16,4][32m [repeated 6x across cluster][0m
[36m(CpuApproximationActor pid=12183)[0m [SENTINEL-VERBOSE] ORDER (12): [2, 9, 10, 3, 7, 12, 5, 4, 6, 1, 8, 11][32m [repeated 3x across cluster][0m
[36m(CpuApproximationActor pid=12183)[0m [SENTINEL-VERBOSE] MICRO-ACTIONS (per vertex, in elimination order):[32m [repeated 3x across cluster][0m
[36m(CpuApproximationActor pid=12183)[0m [SENTINEL-VERBOSE] TRACEBACK:[32m [repeated 3x across cluster][0m
[36m(CpuApproximationActor pid=12183)[0m Traceback (most recent call last):[32m [repeated 3x across cluster][0m
[36m(CpuApproximationActor pid=12183)[0m   File "/Users/assmuth/dsnn/alphagrad/src/alphagrad/approx/cpu_approx_worker.py", line 257, in evaluate[32m [repeated 3x across cluster][0m
[36m(CpuApproximationActor pid=12183)[0m     tokens, eqn_ids, reward = _callback([32m [repeated 3x across cluster][0m
[36m(CpuApproximationActor pid=12183)[0m                               ~~~~~~~~~^[32m [repeated 3x across cluster][0m
[36m(CpuApproximationActor pid=12183)[0m         self._config,[32m [repeated 3x across cluster][0m
[36m(CpuApproximationActor pid=12183)[0m         ^^^^^^^^^^^^^[32m [repeated 3x across cluster][0m
[36m(CpuApproximationActor pid=12183)[0m     ...<3 lines>...[32m [repeated 6x across cluster][0m
[36m(CpuApproximationActor pid=12183)[0m         point_idx=int(point_idx),[32m [repeated 3x across cluster][0m
[36m(CpuApproximationActor pid=12183)[0m         ^^^^^^^^^^^^^^^^^^^^^^^^^[32m [repeated 3x across cluster][0m
[36m(CpuApproximationActor pid=12183)[0m     )[32m [repeated 3x across cluster][0m
[36m(CpuApproximationActor pid=12183)[0m     ^[32m [repeated 3x across cluster][0m
[36m(CpuApproximationActor pid=12183)[0m   File "/Users/assmuth/dsnn/alphagrad/src/alphagrad/approx/env.py", line 4003, in _callback[32m [repeated 3x across cluster][0m
[36m(CpuApproximationActor pid=12183)[0m     out_approx = compiled_approx(*eval_args_i)[32m [repeated 3x across cluster][0m
[36m(CpuApproximationActor pid=12183)[0m   File "/Users/assmuth/dsnn/.venv/lib/python3.13/site-packages/jax/_src/stages.py", line 884, in __call__[32m [repeated 3x across cluster][0m
[36m(CpuApproximationActor pid=12183)[0m     return self._call(*args, **kwargs)[32m [repeated 3x across cluster][0m
[36m(CpuApproximationActor pid=12183)[0m            ~~~~~~~~~~^^^^^^^^^^^^^^^^^[32m [repeated 3x across cluster][0m
[36m(CpuApproximationActor pid=12183)[0m   File "/Users/assmuth/dsnn/.venv/lib/python3.13/site-packages/jax/_src/interpreters/pxla.py", line 1926, in aot_cache_miss[32m [repeated 3x across cluster][0m
[36m(CpuApproximationActor pid=12183)[0m     outs, out_flat, args_flat = stages.Compiled.call(params, *args, **kwargs)[32m [repeated 3x across cluster][0m
[36m(CpuApproximationActor pid=12183)[0m                                 ~~~~~~~~~~~~~~~~~~~~^^^^^^^^^^^^^^^^^^^^^^^^^[32m [repeated 3x across cluster][0m
[36m(CpuApproximationActor pid=12183)[0m   File "/Users/assmuth/dsnn/.venv/lib/python3.13/site-packages/jax/_src/interpreters/pxla.py", line 1893, in call[32m [repeated 6x across cluster][0m
[36m(CpuApproximationActor pid=12183)[0m     lo_outs = params.executable.call(*params.const_args, *args_flat)[32m [repeated 3x across cluster][0m
[36m(CpuApproximationActor pid=12183)[0m     check_arg_avals_for_call(self._all_args_info.in_avals,[32m [repeated 3x across cluster][0m
[36m(CpuApproximationActor pid=12183)[0m     ~~~~~~~~~~~~~~~~~~~~~~~~^^^^^^^^^^^^^^^^^^^^^^^^^^^^^^[32m [repeated 3x across cluster][0m
[36m(CpuApproximationActor pid=12183)[0m                              map(core.shaped_abstractify, args),[32m [repeated 3x across cluster][0m
[36m(CpuApproximationActor pid=12183)[0m                              ^^^^^^^^^^^^^^^^^^^^^^^^^^^^^^^^^^^[32m [repeated 3x across cluster][0m
[36m(CpuApproximationActor pid=12183)[0m                              self._all_args_info.debug_info)[32m [repeated 3x across cluster][0m
[36m(CpuApproximationActor pid=12183)[0m                              ^^^^^^^^^^^^^^^^^^^^^^^^^^^^^^^[32m [repeated 3x across cluster][0m
[36m(CpuApproximationActor pid=12183)[0m   File "/Users/assmuth/dsnn/.venv/lib/python3.13/site-packages/jax/_src/interpreters/pxla.py", line 1998, in check_arg_avals_for_call[32m [repeated 3x across cluster][0m
[36m(CpuApproximationActor pid=12183)[0m     raise TypeError([32m [repeated 3x across cluster][0m
[36m(CpuApproximationActor pid=12183)[0m         f"{num_mismatch_str} mismatches are:\n{str_errors}")[32m [repeated 3x across cluster][0m
[36m(CpuApproximationActor pid=12183)[0m TypeError: Argument types differ from the types for which this computation was compiled. Perhaps you are calling the compiled executable with a different enable_x64 mode than when it was AOT compiled? The mismatches are:[32m [repeated 3x across cluster][0m
[36m(CpuApproximationActor pid=10209)[0m     v0(vertex_id=6): QUANT(dtype=float8_e8m0fnu)
[36m(CpuApproximationActor pid=10209)[0m     v2(vertex_id=8): QUANT(dtype=float8_e3m4)
[36m(CpuApproximationActor pid=10209)[0m     v5(vertex_id=4): QUANT(dtype=float8_e8m0fnu)
[36m(CpuApproximationActor pid=10209)[0m     v6(vertex_id=2): DIAG(bi1=0,bi2=1,factor=2)
[36m(CpuApproximationActor pid=10209)[0m     v7(vertex_id=11): COMPRESS(axis=1,kind=abs_max)
[36m(CpuApproximationActor pid=10209)[0m     v8(vertex_id=7): QUANT(dtype=float8_e8m0fnu)
[36m(CpuApproximationActor pid=10209)[0m     v9(vertex_id=9): COMPRESS(axis=0,kind=abs_max)
[36m(CpuApproximationActor pid=10209)[0m     v10(vertex_id=5): DIAG(bi1=1,bi2=0,factor=2)
[36m(PPOActor pid=10207)[0m [ppo_ray] 4/48 failed/sentinel transitions this episode (pool timeout / mem-gate / shape-storm); zeroing raw rewards, forcing dones.
[36m(PPOActor pid=10207)[0m [ppo_ray][popart] ep=3 ev=-44074.556 adv(mean/std/absmax)=+0.002/0.029/0.074 flops: mu=+0 sig=1 frob_residual: mu=+0 sig=1
ppo_ray best:+0(ep0) mean:+0 loss(p/v):0.012/0.00032 ent:2.632 nan_skip:0:   0%|▎                                                                | 4/1000 [01:31<5:02:53, 18.25s/it]ppo_ray best:+0(ep0) mean:+0 loss(p/v):0.012/0.00048 ent:2.194 nan_skip:0:   0%|▎                                                                | 4/1000 [01:31<5:02:53, 18.25s/it][36m(PPOActor pid=10207)[0m [ppo_ray] anti-degen: excluded 4 degenerate/failed terminal env(s) from best_overall.
[36m(CpuApproximationActor pid=10209)[0m [per-face] builds=200 applied=0 skipped=0 applied_frac=0.000
[36m(CpuApproximationActor pid=12671)[0m W0723 15:08:02.785645   12671 text_format.cc:393] Warning parsing text-format xla.TritonGemmConfigsProto: 15:53 (N = 1): text format contains deprecated field "split_k"
[36m(CpuApproximationActor pid=12671)[0m W0723 15:08:02.785667   12671 text_format.cc:393] Warning parsing text-format xla.TritonGemmConfigsProto: 16:53 (N = 2): text format contains deprecated field "split_k"
[36m(CpuApproximationActor pid=12671)[0m W0723 15:08:02.785674   12671 text_format.cc:393] Warning parsing text-format xla.TritonGemmConfigsProto: 18:53 (N = 4): text format contains deprecated field "split_k"
[36m(CpuApproximationActor pid=12671)[0m W0723 15:08:02.785682   12671 text_format.cc:393] Warning parsing text-format xla.TritonGemmConfigsProto: 22:53 (N = 8): text format contains deprecated field "split_k"
[36m(CpuApproximationActor pid=12671)[0m W0723 15:08:02.785695   12671 text_format.cc:393] Warning parsing text-format xla.TritonGemmConfigsProto: 30:53 (N = 16): text format contains deprecated field "split_k"
[36m(CpuApproximationActor pid=12671)[0m W0723 15:08:02.785723   12671 text_format.cc:393] Warning parsing text-format xla.TritonGemmConfigsProto: 16:52 (N = 32): text format contains deprecated field "split_k"
[36m(CpuApproximationActor pid=12671)[0m W0723 15:08:02.785772   12671 text_format.cc:393] Warning parsing text-format xla.TritonGemmConfigsProto: 48:53 (N = 64): text format contains deprecated field "split_k"
[36m(CpuApproximationActor pid=12671)[0m W0723 15:08:02.785869   12671 text_format.cc:393] Warning parsing text-format xla.TritonGemmConfigsProto: 78:53 (N = 128): text format contains deprecated field "split_k"
[36m(CpuApproximationActor pid=12671)[0m W0723 15:08:02.786052   12671 text_format.cc:393] Warning parsing text-format xla.TritonGemmConfigsProto: 36:55 (N = 256): text format contains deprecated field "split_k"
[36m(CpuApproximationActor pid=12671)[0m [cpu_approx_worker pid=12671] env: ALPHAGRAD_EXACT_ONLY=1 ALPHAGRAD_EXAMPLE_WIDTH=64 ALPHAGRAD_FACE_TRANSFORMS=0 ALPHAGRAD_MEASURE_VIA_AOJ=0 ALPHAGRAD_PER_FACE_MVP=0 ALPHAGRAD_POLICY=palimpsa JAX_COMPILATION_CACHE_DIR=/tmp/dsnn-jax-cache-55187-pgi15-gpu13
[36m(CpuApproximationActor pid=12671)[0m [measure-actor 5] host=pgi15-gpu13 CUDA_VISIBLE_DEVICES=2 jax_devices=[CudaDevice(id=0)]
[36m(CpuApproximationActor pid=10209)[0m [SENTINEL] measure-exception step=12 order_len=12 terminal=True: TypeError: Argument types differ from the types for which this computation was compiled. Perhaps you are calling the compiled executable with a different enable_x64 mode than when it was AOT 
[36m(CpuApproximationActor pid=10209)[0m [SENTINEL-VERBOSE] ==================================================[32m [repeated 2x across cluster][0m
[36m(CpuApproximationActor pid=10209)[0m [SENTINEL-VERBOSE] step=12 order_len=12 terminal=True init=False point_idx=-1
[36m(CpuApproximationActor pid=10209)[0m [SENTINEL-VERBOSE] EXC TypeError: Argument types differ from the types for which this computation was compiled. Perhaps you are calling the compiled executable with a different enable_x64 mode than when it was AOT compiled? The mismatches are:
[36m(CpuApproximationActor pid=10209)[0m Argument 'x' compiled with float32[16,64] and called with float32[16,4][32m [repeated 2x across cluster][0m
[36m(CpuApproximationActor pid=10209)[0m Argument 'y' compiled with float32[16,64] and called with float32[16,4][32m [repeated 2x across cluster][0m
[36m(CpuApproximationActor pid=10209)[0m [SENTINEL-VERBOSE] ORDER (12): [6, 3, 8, 1, 10, 4, 2, 11, 7, 9, 5, 12]
[36m(CpuApproximationActor pid=10209)[0m [SENTINEL-VERBOSE] MICRO-ACTIONS (per vertex, in elimination order):
[36m(CpuApproximationActor pid=10209)[0m [SENTINEL-VERBOSE] TRACEBACK:
[36m(CpuApproximationActor pid=10209)[0m Traceback (most recent call last):
[36m(CpuApproximationActor pid=10209)[0m   File "/Users/assmuth/dsnn/alphagrad/src/alphagrad/approx/cpu_approx_worker.py", line 257, in evaluate
[36m(CpuApproximationActor pid=10209)[0m     tokens, eqn_ids, reward = _callback(
[36m(CpuApproximationActor pid=10209)[0m                               ~~~~~~~~~^
[36m(CpuApproximationActor pid=10209)[0m         self._config,
[36m(CpuApproximationActor pid=10209)[0m         ^^^^^^^^^^^^^
[36m(CpuApproximationActor pid=10209)[0m     ...<3 lines>...[32m [repeated 2x across cluster][0m
[36m(CpuApproximationActor pid=10209)[0m         point_idx=int(point_idx),
[36m(CpuApproximationActor pid=10209)[0m         ^^^^^^^^^^^^^^^^^^^^^^^^^
[36m(CpuApproximationActor pid=10209)[0m     )
[36m(CpuApproximationActor pid=10209)[0m     ^
[36m(CpuApproximationActor pid=10209)[0m   File "/Users/assmuth/dsnn/alphagrad/src/alphagrad/approx/env.py", line 4003, in _callback
[36m(CpuApproximationActor pid=10209)[0m     out_approx = compiled_approx(*eval_args_i)
[36m(CpuApproximationActor pid=10209)[0m   File "/Users/assmuth/dsnn/.venv/lib/python3.13/site-packages/jax/_src/stages.py", line 884, in __call__
[36m(CpuApproximationActor pid=10209)[0m     return self._call(*args, **kwargs)
[36m(CpuApproximationActor pid=10209)[0m            ~~~~~~~~~~^^^^^^^^^^^^^^^^^
[36m(CpuApproximationActor pid=10209)[0m   File "/Users/assmuth/dsnn/.venv/lib/python3.13/site-packages/jax/_src/interpreters/pxla.py", line 1926, in aot_cache_miss
[36m(CpuApproximationActor pid=10209)[0m     outs, out_flat, args_flat = stages.Compiled.call(params, *args, **kwargs)
[36m(CpuApproximationActor pid=10209)[0m                                 ~~~~~~~~~~~~~~~~~~~~^^^^^^^^^^^^^^^^^^^^^^^^^
[36m(CpuApproximationActor pid=10209)[0m   File "/Users/assmuth/dsnn/.venv/lib/python3.13/site-packages/jax/_src/interpreters/pxla.py", line 1893, in call[32m [repeated 2x across cluster][0m
[36m(CpuApproximationActor pid=10209)[0m     lo_outs = params.executable.call(*params.const_args, *args_flat)
[36m(CpuApproximationActor pid=10209)[0m     check_arg_avals_for_call(self._all_args_info.in_avals,
[36m(CpuApproximationActor pid=10209)[0m     ~~~~~~~~~~~~~~~~~~~~~~~~^^^^^^^^^^^^^^^^^^^^^^^^^^^^^^
[36m(CpuApproximationActor pid=10209)[0m                              map(core.shaped_abstractify, args),
[36m(CpuApproximationActor pid=10209)[0m                              ^^^^^^^^^^^^^^^^^^^^^^^^^^^^^^^^^^^
[36m(CpuApproximationActor pid=10209)[0m                              self._all_args_info.debug_info)
[36m(CpuApproximationActor pid=10209)[0m                              ^^^^^^^^^^^^^^^^^^^^^^^^^^^^^^^
[36m(CpuApproximationActor pid=10209)[0m   File "/Users/assmuth/dsnn/.venv/lib/python3.13/site-packages/jax/_src/interpreters/pxla.py", line 1998, in check_arg_avals_for_call
[36m(CpuApproximationActor pid=10209)[0m     raise TypeError(
[36m(CpuApproximationActor pid=10209)[0m         f"{num_mismatch_str} mismatches are:\n{str_errors}")
[36m(CpuApproximationActor pid=10209)[0m TypeError: Argument types differ from the types for which this computation was compiled. Perhaps you are calling the compiled executable with a different enable_x64 mode than when it was AOT compiled? The mismatches are:
[36m(CpuApproximationActor pid=10210)[0m [per-face] builds=200 applied=0 skipped=0 applied_frac=0.000
[36m(CpuApproximationActor pid=12671)[0m /Users/assmuth/dsnn/graphax/src/graphax/jaxpr.py:779: UserWarning: jaxpr tokenizer: uncaptured value rendered as '?': 'jit'
[36m(CpuApproximationActor pid=12671)[0m   warnings.warn(
[36m(CpuApproximationActor pid=12671)[0m /Users/assmuth/dsnn/graphax/src/graphax/jaxpr.py:779: UserWarning: jaxpr tokenizer: uncaptured value rendered as '?': 'compiler_options_kvs'
[36m(CpuApproximationActor pid=12671)[0m   warnings.warn(
[36m(CpuApproximationActor pid=12671)[0m /Users/assmuth/dsnn/graphax/src/graphax/jaxpr.py:779: UserWarning: jaxpr tokenizer: uncaptured value rendered as '?': 'donated_invars'
[36m(CpuApproximationActor pid=12671)[0m   warnings.warn(
[36m(CpuApproximationActor pid=12671)[0m /Users/assmuth/dsnn/graphax/src/graphax/jaxpr.py:779: UserWarning: jaxpr tokenizer: uncaptured value rendered as '?': 'in_layouts'
[36m(CpuApproximationActor pid=12671)[0m   warnings.warn(
[36m(CpuApproximationActor pid=12671)[0m /Users/assmuth/dsnn/graphax/src/graphax/jaxpr.py:779: UserWarning: jaxpr tokenizer: uncaptured value rendered as '?': 'None'
[36m(CpuApproximationActor pid=12671)[0m   warnings.warn(
[36m(CpuApproximationActor pid=12671)[0m /Users/assmuth/dsnn/graphax/src/graphax/jaxpr.py:779: UserWarning: jaxpr tokenizer: uncaptured value rendered as '?': 'in_shardings'
[36m(CpuApproximationActor pid=12671)[0m   warnings.warn(
[36m(CpuApproximationActor pid=12671)[0m /Users/assmuth/dsnn/graphax/src/graphax/jaxpr.py:779: UserWarning: jaxpr tokenizer: uncaptured value rendered as '?': 'UnspecifiedValue'
[36m(CpuApproximationActor pid=12671)[0m   warnings.warn(
[36m(CpuApproximationActor pid=12671)[0m /Users/assmuth/dsnn/graphax/src/graphax/jaxpr.py:779: UserWarning: jaxpr tokenizer: uncaptured value rendered as '?': 'inline'
[36m(CpuApproximationActor pid=12671)[0m   warnings.warn(
[36m(CpuApproximationActor pid=12671)[0m /Users/assmuth/dsnn/graphax/src/graphax/jaxpr.py:779: UserWarning: jaxpr tokenizer: uncaptured value rendered as '?': 'keep_unused'
[36m(CpuApproximationActor pid=12671)[0m   warnings.warn(
[36m(CpuApproximationActor pid=12671)[0m /Users/assmuth/dsnn/graphax/src/graphax/jaxpr.py:779: UserWarning: jaxpr tokenizer: uncaptured value rendered as '?': 'name'
[36m(CpuApproximationActor pid=12671)[0m   warnings.warn(
[36m(CpuApproximationActor pid=12671)[0m /Users/assmuth/dsnn/graphax/src/graphax/jaxpr.py:779: UserWarning: jaxpr tokenizer: uncaptured value rendered as '?': '_where'
[36m(CpuApproximationActor pid=12671)[0m   warnings.warn(
[36m(CpuApproximationActor pid=12671)[0m /Users/assmuth/dsnn/graphax/src/graphax/jaxpr.py:779: UserWarning: jaxpr tokenizer: uncaptured value rendered as '?': 'out_layouts'
[36m(CpuApproximationActor pid=12671)[0m   warnings.warn(
[36m(CpuApproximationActor pid=12671)[0m /Users/assmuth/dsnn/graphax/src/graphax/jaxpr.py:779: UserWarning: jaxpr tokenizer: uncaptured value rendered as '?': 'out_shardings'
[36m(CpuApproximationActor pid=12671)[0m   warnings.warn(
[36m(CpuApproximationActor pid=10210)[0m [SENTINEL] measure-exception step=12 order_len=12 terminal=True: TypeError: Argument types differ from the types for which this computation was compiled. Perhaps you are calling the compiled executable with a different enable_x64 mode than when it was AOT 
[36m(CpuApproximationActor pid=10210)[0m [SENTINEL-VERBOSE] step=12 order_len=12 terminal=True init=False point_idx=-1
[36m(CpuApproximationActor pid=10210)[0m [SENTINEL-VERBOSE] EXC TypeError: Argument types differ from the types for which this computation was compiled. Perhaps you are calling the compiled executable with a different enable_x64 mode than when it was AOT compiled? The mismatches are:
[36m(CpuApproximationActor pid=10210)[0m [SENTINEL-VERBOSE] ORDER (12): [2, 6, 4, 12, 7, 9, 1, 8, 11, 5, 3, 10]
[36m(CpuApproximationActor pid=10210)[0m [SENTINEL-VERBOSE] MICRO-ACTIONS (per vertex, in elimination order):
[36m(CpuApproximationActor pid=10210)[0m     v2(vertex_id=4): QUANT(dtype=float8_e8m0fnu)
[36m(CpuApproximationActor pid=10210)[0m     v3(vertex_id=12): COMPRESS(axis=1,kind=max)
[36m(CpuApproximationActor pid=10210)[0m     v4(vertex_id=7): QUANT(dtype=float8_e8m0fnu)
[36m(CpuApproximationActor pid=10210)[0m     v5(vertex_id=9): COMPRESS(axis=1,kind=abs_max)
[36m(CpuApproximationActor pid=10210)[0m     v9(vertex_id=5): DIAG(bi1=0,bi2=1,factor=2)
[36m(CpuApproximationActor pid=10210)[0m     v10(vertex_id=3): COMPRESS(axis=2,kind=max)
[36m(CpuApproximationActor pid=10210)[0m     v11(vertex_id=10): QUANT(dtype=float8_e8m0fnu)
[36m(CpuApproximationActor pid=10210)[0m [SENTINEL-VERBOSE] TRACEBACK:
[36m(CpuApproximationActor pid=10210)[0m Traceback (most recent call last):
[36m(CpuApproximationActor pid=10210)[0m   File "/Users/assmuth/dsnn/alphagrad/src/alphagrad/approx/cpu_approx_worker.py", line 257, in evaluate
[36m(CpuApproximationActor pid=10210)[0m     tokens, eqn_ids, reward = _callback(
[36m(CpuApproximationActor pid=10210)[0m                               ~~~~~~~~~^
[36m(CpuApproximationActor pid=10210)[0m         self._config,
[36m(CpuApproximationActor pid=10210)[0m         ^^^^^^^^^^^^^
[36m(CpuApproximationActor pid=10210)[0m         point_idx=int(point_idx),
[36m(CpuApproximationActor pid=10210)[0m         ^^^^^^^^^^^^^^^^^^^^^^^^^
[36m(CpuApproximationActor pid=10210)[0m     )
[36m(CpuApproximationActor pid=10210)[0m     ^
[36m(CpuApproximationActor pid=10210)[0m   File "/Users/assmuth/dsnn/alphagrad/src/alphagrad/approx/env.py", line 4003, in _callback
[36m(CpuApproximationActor pid=10210)[0m     out_approx = compiled_approx(*eval_args_i)
[36m(CpuApproximationActor pid=10210)[0m   File "/Users/assmuth/dsnn/.venv/lib/python3.13/site-packages/jax/_src/stages.py", line 884, in __call__
[36m(CpuApproximationActor pid=10210)[0m     return self._call(*args, **kwargs)
[36m(CpuApproximationActor pid=10210)[0m            ~~~~~~~~~~^^^^^^^^^^^^^^^^^
[36m(CpuApproximationActor pid=10210)[0m   File "/Users/assmuth/dsnn/.venv/lib/python3.13/site-packages/jax/_src/interpreters/pxla.py", line 1926, in aot_cache_miss
[36m(CpuApproximationActor pid=10210)[0m     outs, out_flat, args_flat = stages.Compiled.call(params, *args, **kwargs)
[36m(CpuApproximationActor pid=10210)[0m                                 ~~~~~~~~~~~~~~~~~~~~^^^^^^^^^^^^^^^^^^^^^^^^^
[36m(CpuApproximationActor pid=10210)[0m     lo_outs = params.executable.call(*params.const_args, *args_flat)
[36m(CpuApproximationActor pid=10210)[0m     check_arg_avals_for_call(self._all_args_info.in_avals,
[36m(CpuApproximationActor pid=10210)[0m     ~~~~~~~~~~~~~~~~~~~~~~~~^^^^^^^^^^^^^^^^^^^^^^^^^^^^^^
[36m(CpuApproximationActor pid=10210)[0m                              map(core.shaped_abstractify, args),
[36m(CpuApproximationActor pid=10210)[0m                              ^^^^^^^^^^^^^^^^^^^^^^^^^^^^^^^^^^^
[36m(CpuApproximationActor pid=10210)[0m                              self._all_args_info.debug_info)
[36m(CpuApproximationActor pid=10210)[0m                              ^^^^^^^^^^^^^^^^^^^^^^^^^^^^^^^
[36m(CpuApproximationActor pid=10210)[0m   File "/Users/assmuth/dsnn/.venv/lib/python3.13/site-packages/jax/_src/interpreters/pxla.py", line 1998, in check_arg_avals_for_call
[36m(CpuApproximationActor pid=10210)[0m     raise TypeError(
[36m(CpuApproximationActor pid=10210)[0m         f"{num_mismatch_str} mismatches are:\n{str_errors}")
[36m(CpuApproximationActor pid=10210)[0m TypeError: Argument types differ from the types for which this computation was compiled. Perhaps you are calling the compiled executable with a different enable_x64 mode than when it was AOT compiled? The mismatches are:
[36m(CpuApproximationActor pid=10210)[0m [SENTINEL-VERBOSE] ==================================================[32m [repeated 2x across cluster][0m
[36m(CpuApproximationActor pid=10210)[0m Argument 'x' compiled with float32[16,64] and called with float32[16,4][32m [repeated 2x across cluster][0m
[36m(CpuApproximationActor pid=10210)[0m Argument 'y' compiled with float32[16,64] and called with float32[16,4][32m [repeated 2x across cluster][0m
[36m(CpuApproximationActor pid=10210)[0m     ...<3 lines>...[32m [repeated 2x across cluster][0m
[36m(CpuApproximationActor pid=10210)[0m   File "/Users/assmuth/dsnn/.venv/lib/python3.13/site-packages/jax/_src/interpreters/pxla.py", line 1893, in call[32m [repeated 2x across cluster][0m
[36m(CpuApproximationActor pid=12183)[0m     v0(vertex_id=5): DIAG(bi1=1,bi2=1,factor=2)
[36m(CpuApproximationActor pid=12183)[0m     v1(vertex_id=6): COMPRESS(axis=0,kind=max)
[36m(CpuApproximationActor pid=12183)[0m     v2(vertex_id=2): COMPRESS(axis=1,kind=max)
[36m(CpuApproximationActor pid=12183)[0m     v3(vertex_id=3): QUANT(dtype=float8_e3m4)
[36m(CpuApproximationActor pid=12183)[0m     v4(vertex_id=12): QUANT(dtype=float8_e3m4)
[36m(CpuApproximationActor pid=12183)[0m     v5(vertex_id=4): COMPRESS(axis=1,kind=abs_max)
[36m(CpuApproximationActor pid=12183)[0m     v6(vertex_id=8): QUANT(dtype=float8_e8m0fnu)
[36m(CpuApproximationActor pid=12183)[0m     v7(vertex_id=7): QUANT(dtype=float8_e8m0fnu)
[36m(CpuApproximationActor pid=12183)[0m     v10(vertex_id=9): COMPRESS(axis=1,kind=max)
[36m(CpuApproximationActor pid=12183)[0m     v11(vertex_id=11): COMPRESS(axis=1,kind=abs_max)
[36m(CpuApproximationActor pid=12671)[0m     v1(vertex_id=11): COMPRESS(axis=1,kind=max)
[36m(CpuApproximationActor pid=12671)[0m     v2(vertex_id=8): QUANT(dtype=float8_e3m4)
[36m(CpuApproximationActor pid=12671)[0m     v4(vertex_id=1): QUANT(dtype=float8_e8m0fnu)
[36m(CpuApproximationActor pid=12671)[0m     v5(vertex_id=9): COMPRESS(axis=1,kind=abs_max)
[36m(CpuApproximationActor pid=12671)[0m     v6(vertex_id=6): QUANT(dtype=float8_e8m0fnu)
[36m(CpuApproximationActor pid=12671)[0m     v7(vertex_id=5): QUANT(dtype=float8_e8m0fnu)
[36m(CpuApproximationActor pid=12671)[0m     v9(vertex_id=2): DIAG(bi1=0,bi2=1,factor=2)
[36m(CpuApproximationActor pid=12671)[0m     v11(vertex_id=4): COMPRESS(axis=1,kind=max)
[36m(PPOActor pid=10207)[0m [per-face] builds=800 applied=0 skipped=0 applied_frac=0.000
[36m(CpuApproximationActor pid=10210)[0m     v1(vertex_id=8): QUANT(dtype=float8_e8m0fnu)
[36m(CpuApproximationActor pid=10210)[0m     v2(vertex_id=3): COMPRESS(axis=1,kind=abs_max)
[36m(CpuApproximationActor pid=10210)[0m     v4(vertex_id=7): COMPRESS(axis=1,kind=max)
[36m(CpuApproximationActor pid=10210)[0m     v8(vertex_id=9): COMPRESS(axis=1,kind=max)
[36m(CpuApproximationActor pid=10210)[0m     v11(vertex_id=12): COMPRESS(axis=0,kind=abs_min)
[36m(PPOActor pid=10207)[0m [ppo_ray] 4/48 failed/sentinel transitions this episode (pool timeout / mem-gate / shape-storm); zeroing raw rewards, forcing dones.
[36m(PPOActor pid=10207)[0m [ppo_ray][popart] ep=4 ev=-51235.434 adv(mean/std/absmax)=+0.012/0.032/0.095 flops: mu=+0 sig=1 frob_residual: mu=+0 sig=1
ppo_ray best:+0(ep0) mean:+0 loss(p/v):0.012/0.00048 ent:2.194 nan_skip:0:   0%|▎                                                                | 5/1000 [01:49<5:02:29, 18.24s/it]ppo_ray best:+0(ep0) mean:+0 loss(p/v):-0.0085/0.0006 ent:2.565 nan_skip:0:   0%|▎                                                               | 5/1000 [01:49<5:02:29, 18.24s/it]                                                                                                                                                                                      [ppo_ray] ep=   5/1000 best=+0(ep0) mean=+0 ent=2.565 buf=0 step=5
            best-overall-traj-rewards: 
            per-channel-best:          flop=+0 frob=+0
            mean-per-channel:          
ppo_ray best:+0(ep0) mean:+0 loss(p/v):-0.0085/0.0006 ent:2.565 nan_skip:0:   0%|▎                                                               | 5/1000 [01:49<5:02:29, 18.24s/it][36m(PPOActor pid=10207)[0m [ppo_ray] anti-degen: excluded 4 degenerate/failed terminal env(s) from best_overall.
[36m(CpuApproximationActor pid=10210)[0m [SENTINEL] measure-exception step=12 order_len=12 terminal=True: TypeError: Argument types differ from the types for which this computation was compiled. Perhaps you are calling the compiled executable with a different enable_x64 mode than when it was AOT [32m [repeated 3x across cluster][0m
[36m(CpuApproximationActor pid=10210)[0m [SENTINEL-VERBOSE] step=12 order_len=12 terminal=True init=False point_idx=-1[32m [repeated 3x across cluster][0m
[36m(CpuApproximationActor pid=10210)[0m [SENTINEL-VERBOSE] EXC TypeError: Argument types differ from the types for which this computation was compiled. Perhaps you are calling the compiled executable with a different enable_x64 mode than when it was AOT compiled? The mismatches are:[32m [repeated 3x across cluster][0m
[36m(CpuApproximationActor pid=10210)[0m [SENTINEL-VERBOSE] ORDER (12): [4, 8, 3, 6, 7, 10, 5, 11, 9, 1, 2, 12][32m [repeated 3x across cluster][0m
[36m(CpuApproximationActor pid=10210)[0m [SENTINEL-VERBOSE] MICRO-ACTIONS (per vertex, in elimination order):[32m [repeated 3x across cluster][0m
[36m(CpuApproximationActor pid=10210)[0m [SENTINEL-VERBOSE] TRACEBACK:[32m [repeated 3x across cluster][0m
[36m(CpuApproximationActor pid=10210)[0m Traceback (most recent call last):[32m [repeated 3x across cluster][0m
[36m(CpuApproximationActor pid=10210)[0m   File "/Users/assmuth/dsnn/alphagrad/src/alphagrad/approx/cpu_approx_worker.py", line 257, in evaluate[32m [repeated 3x across cluster][0m
[36m(CpuApproximationActor pid=10210)[0m     tokens, eqn_ids, reward = _callback([32m [repeated 3x across cluster][0m
[36m(CpuApproximationActor pid=10210)[0m                               ~~~~~~~~~^[32m [repeated 3x across cluster][0m
[36m(CpuApproximationActor pid=10210)[0m         self._config,[32m [repeated 3x across cluster][0m
[36m(CpuApproximationActor pid=10210)[0m         ^^^^^^^^^^^^^[32m [repeated 3x across cluster][0m
[36m(CpuApproximationActor pid=10210)[0m         point_idx=int(point_idx),[32m [repeated 3x across cluster][0m
[36m(CpuApproximationActor pid=10210)[0m         ^^^^^^^^^^^^^^^^^^^^^^^^^[32m [repeated 3x across cluster][0m
[36m(CpuApproximationActor pid=10210)[0m     )[32m [repeated 3x across cluster][0m
[36m(CpuApproximationActor pid=10210)[0m     ^[32m [repeated 3x across cluster][0m
[36m(CpuApproximationActor pid=10210)[0m   File "/Users/assmuth/dsnn/alphagrad/src/alphagrad/approx/env.py", line 4003, in _callback[32m [repeated 3x across cluster][0m
[36m(CpuApproximationActor pid=10210)[0m     out_approx = compiled_approx(*eval_args_i)[32m [repeated 3x across cluster][0m
[36m(CpuApproximationActor pid=10210)[0m   File "/Users/assmuth/dsnn/.venv/lib/python3.13/site-packages/jax/_src/stages.py", line 884, in __call__[32m [repeated 3x across cluster][0m
[36m(CpuApproximationActor pid=10210)[0m     return self._call(*args, **kwargs)[32m [repeated 3x across cluster][0m
[36m(CpuApproximationActor pid=10210)[0m            ~~~~~~~~~~^^^^^^^^^^^^^^^^^[32m [repeated 3x across cluster][0m
[36m(CpuApproximationActor pid=10210)[0m   File "/Users/assmuth/dsnn/.venv/lib/python3.13/site-packages/jax/_src/interpreters/pxla.py", line 1926, in aot_cache_miss[32m [repeated 3x across cluster][0m
[36m(CpuApproximationActor pid=10210)[0m     outs, out_flat, args_flat = stages.Compiled.call(params, *args, **kwargs)[32m [repeated 3x across cluster][0m
[36m(CpuApproximationActor pid=10210)[0m                                 ~~~~~~~~~~~~~~~~~~~~^^^^^^^^^^^^^^^^^^^^^^^^^[32m [repeated 3x across cluster][0m
[36m(CpuApproximationActor pid=10210)[0m     lo_outs = params.executable.call(*params.const_args, *args_flat)[32m [repeated 3x across cluster][0m
[36m(CpuApproximationActor pid=10210)[0m     check_arg_avals_for_call(self._all_args_info.in_avals,[32m [repeated 3x across cluster][0m
[36m(CpuApproximationActor pid=10210)[0m     ~~~~~~~~~~~~~~~~~~~~~~~~^^^^^^^^^^^^^^^^^^^^^^^^^^^^^^[32m [repeated 3x across cluster][0m
[36m(CpuApproximationActor pid=10210)[0m                              map(core.shaped_abstractify, args),[32m [repeated 3x across cluster][0m
[36m(CpuApproximationActor pid=10210)[0m                              ^^^^^^^^^^^^^^^^^^^^^^^^^^^^^^^^^^^[32m [repeated 3x across cluster][0m
[36m(CpuApproximationActor pid=10210)[0m                              self._all_args_info.debug_info)[32m [repeated 3x across cluster][0m
[36m(CpuApproximationActor pid=10210)[0m                              ^^^^^^^^^^^^^^^^^^^^^^^^^^^^^^^[32m [repeated 3x across cluster][0m
[36m(CpuApproximationActor pid=10210)[0m   File "/Users/assmuth/dsnn/.venv/lib/python3.13/site-packages/jax/_src/interpreters/pxla.py", line 1998, in check_arg_avals_for_call[32m [repeated 3x across cluster][0m
[36m(CpuApproximationActor pid=10210)[0m     raise TypeError([32m [repeated 3x across cluster][0m
[36m(CpuApproximationActor pid=10210)[0m         f"{num_mismatch_str} mismatches are:\n{str_errors}")[32m [repeated 3x across cluster][0m
[36m(CpuApproximationActor pid=10210)[0m TypeError: Argument types differ from the types for which this computation was compiled. Perhaps you are calling the compiled executable with a different enable_x64 mode than when it was AOT compiled? The mismatches are:[32m [repeated 3x across cluster][0m
[36m(CpuApproximationActor pid=10210)[0m [SENTINEL-VERBOSE] ==================================================[32m [repeated 6x across cluster][0m
[36m(CpuApproximationActor pid=10210)[0m Argument 'x' compiled with float32[16,64] and called with float32[16,4][32m [repeated 6x across cluster][0m
[36m(CpuApproximationActor pid=10210)[0m Argument 'y' compiled with float32[16,64] and called with float32[16,4][32m [repeated 6x across cluster][0m
[36m(CpuApproximationActor pid=10210)[0m     ...<3 lines>...[32m [repeated 6x across cluster][0m
[36m(CpuApproximationActor pid=10210)[0m   File "/Users/assmuth/dsnn/.venv/lib/python3.13/site-packages/jax/_src/interpreters/pxla.py", line 1893, in call[32m [repeated 6x across cluster][0m
[36m(PPOActor pid=10207)[0m [per-face] builds=1000 applied=0 skipped=0 applied_frac=0.000
[36m(CpuApproximationActor pid=10210)[0m     v0(vertex_id=5): DIAG(bi1=1,bi2=1,factor=2)
[36m(CpuApproximationActor pid=10210)[0m     v1(vertex_id=8): QUANT(dtype=float8_e8m0fnu)
[36m(CpuApproximationActor pid=10210)[0m     v2(vertex_id=6): COMPRESS(axis=1,kind=max)
[36m(CpuApproximationActor pid=10210)[0m     v4(vertex_id=2): QUANT(dtype=float8_e8m0fnu)
[36m(CpuApproximationActor pid=10210)[0m     v5(vertex_id=11): COMPRESS(axis=1,kind=max)
[36m(CpuApproximationActor pid=10210)[0m     v6(vertex_id=10): COMPRESS(axis=1,kind=max)
[36m(CpuApproximationActor pid=10210)[0m     v7(vertex_id=7): QUANT(dtype=float8_e3m4)
[36m(CpuApproximationActor pid=10210)[0m     v8(vertex_id=3): QUANT(dtype=float8_e3m4)
[36m(CpuApproximationActor pid=10210)[0m     v9(vertex_id=4): QUANT(dtype=float8_e8m0fnu)
[36m(CpuApproximationActor pid=10210)[0m     v11(vertex_id=9): QUANT(dtype=int16)
[36m(CpuApproximationActor pid=12183)[0m     v0(vertex_id=7): QUANT(dtype=float8_e3m4)
[36m(CpuApproximationActor pid=12183)[0m     v1(vertex_id=5): COMPRESS(axis=1,kind=abs_max)
[36m(CpuApproximationActor pid=12183)[0m     v2(vertex_id=4): COMPRESS(axis=1,kind=max)
[36m(CpuApproximationActor pid=12183)[0m     v3(vertex_id=11): COMPRESS(axis=1,kind=max)
[36m(CpuApproximationActor pid=12183)[0m     v4(vertex_id=9): QUANT(dtype=float8_e3m4)
[36m(CpuApproximationActor pid=12183)[0m     v6(vertex_id=1): COMPRESS(axis=1,kind=max)
[36m(CpuApproximationActor pid=12183)[0m     v7(vertex_id=3): QUANT(dtype=float8_e3m4)
[36m(CpuApproximationActor pid=12183)[0m     v10(vertex_id=6): QUANT(dtype=int16)
[36m(CpuApproximationActor pid=12183)[0m     v11(vertex_id=8): QUANT(dtype=float8_e3m4)
[36m(CpuApproximationActor pid=12183)[0m [SENTINEL] measure-exception step=12 order_len=12 terminal=True: TypeError: Argument types differ from the types for which this computation was compiled. Perhaps you are calling the compiled executable with a different enable_x64 mode than when it was AOT [32m [repeated 2x across cluster][0m
[36m(CpuApproximationActor pid=12183)[0m [SENTINEL-VERBOSE] step=12 order_len=12 terminal=True init=False point_idx=-1[32m [repeated 2x across cluster][0m
[36m(CpuApproximationActor pid=12183)[0m [SENTINEL-VERBOSE] EXC TypeError: Argument types differ from the types for which this computation was compiled. Perhaps you are calling the compiled executable with a different enable_x64 mode than when it was AOT compiled? The mismatches are:[32m [repeated 2x across cluster][0m
[36m(CpuApproximationActor pid=12183)[0m [SENTINEL-VERBOSE] ORDER (12): [7, 5, 4, 11, 9, 12, 1, 3, 10, 2, 6, 8][32m [repeated 2x across cluster][0m
[36m(CpuApproximationActor pid=12183)[0m [SENTINEL-VERBOSE] MICRO-ACTIONS (per vertex, in elimination order):[32m [repeated 2x across cluster][0m
[36m(CpuApproximationActor pid=12183)[0m [SENTINEL-VERBOSE] TRACEBACK:[32m [repeated 2x across cluster][0m
[36m(CpuApproximationActor pid=12183)[0m Traceback (most recent call last):[32m [repeated 2x across cluster][0m
[36m(CpuApproximationActor pid=12183)[0m   File "/Users/assmuth/dsnn/alphagrad/src/alphagrad/approx/cpu_approx_worker.py", line 257, in evaluate[32m [repeated 2x across cluster][0m
[36m(CpuApproximationActor pid=12183)[0m     tokens, eqn_ids, reward = _callback([32m [repeated 2x across cluster][0m
[36m(CpuApproximationActor pid=12183)[0m                               ~~~~~~~~~^[32m [repeated 2x across cluster][0m
[36m(CpuApproximationActor pid=12183)[0m         self._config,[32m [repeated 2x across cluster][0m
[36m(CpuApproximationActor pid=12183)[0m         ^^^^^^^^^^^^^[32m [repeated 2x across cluster][0m
[36m(CpuApproximationActor pid=12183)[0m         point_idx=int(point_idx),[32m [repeated 2x across cluster][0m
[36m(CpuApproximationActor pid=12183)[0m         ^^^^^^^^^^^^^^^^^^^^^^^^^[32m [repeated 2x across cluster][0m
[36m(CpuApproximationActor pid=12183)[0m     )[32m [repeated 2x across cluster][0m
[36m(CpuApproximationActor pid=12183)[0m     ^[32m [repeated 2x across cluster][0m
[36m(CpuApproximationActor pid=12183)[0m   File "/Users/assmuth/dsnn/alphagrad/src/alphagrad/approx/env.py", line 4003, in _callback[32m [repeated 2x across cluster][0m
[36m(CpuApproximationActor pid=12183)[0m     out_approx = compiled_approx(*eval_args_i)[32m [repeated 2x across cluster][0m
[36m(CpuApproximationActor pid=12183)[0m   File "/Users/assmuth/dsnn/.venv/lib/python3.13/site-packages/jax/_src/stages.py", line 884, in __call__[32m [repeated 2x across cluster][0m
[36m(CpuApproximationActor pid=12183)[0m     return self._call(*args, **kwargs)[32m [repeated 2x across cluster][0m
[36m(CpuApproximationActor pid=12183)[0m            ~~~~~~~~~~^^^^^^^^^^^^^^^^^[32m [repeated 2x across cluster][0m
[36m(CpuApproximationActor pid=12183)[0m   File "/Users/assmuth/dsnn/.venv/lib/python3.13/site-packages/jax/_src/interpreters/pxla.py", line 1926, in aot_cache_miss[32m [repeated 2x across cluster][0m
[36m(CpuApproximationActor pid=12183)[0m     outs, out_flat, args_flat = stages.Compiled.call(params, *args, **kwargs)[32m [repeated 2x across cluster][0m
[36m(CpuApproximationActor pid=12183)[0m                                 ~~~~~~~~~~~~~~~~~~~~^^^^^^^^^^^^^^^^^^^^^^^^^[32m [repeated 2x across cluster][0m
[36m(CpuApproximationActor pid=12183)[0m     lo_outs = params.executable.call(*params.const_args, *args_flat)[32m [repeated 2x across cluster][0m
[36m(CpuApproximationActor pid=12183)[0m     check_arg_avals_for_call(self._all_args_info.in_avals,[32m [repeated 2x across cluster][0m
[36m(CpuApproximationActor pid=12183)[0m     ~~~~~~~~~~~~~~~~~~~~~~~~^^^^^^^^^^^^^^^^^^^^^^^^^^^^^^[32m [repeated 2x across cluster][0m
[36m(CpuApproximationActor pid=12183)[0m                              map(core.shaped_abstractify, args),[32m [repeated 2x across cluster][0m
[36m(CpuApproximationActor pid=12183)[0m                              ^^^^^^^^^^^^^^^^^^^^^^^^^^^^^^^^^^^[32m [repeated 2x across cluster][0m
[36m(CpuApproximationActor pid=12183)[0m                              self._all_args_info.debug_info)[32m [repeated 2x across cluster][0m
[36m(CpuApproximationActor pid=12183)[0m                              ^^^^^^^^^^^^^^^^^^^^^^^^^^^^^^^[32m [repeated 2x across cluster][0m
[36m(CpuApproximationActor pid=12183)[0m   File "/Users/assmuth/dsnn/.venv/lib/python3.13/site-packages/jax/_src/interpreters/pxla.py", line 1998, in check_arg_avals_for_call[32m [repeated 2x across cluster][0m
[36m(CpuApproximationActor pid=12183)[0m     raise TypeError([32m [repeated 2x across cluster][0m
[36m(CpuApproximationActor pid=12183)[0m         f"{num_mismatch_str} mismatches are:\n{str_errors}")[32m [repeated 2x across cluster][0m
[36m(CpuApproximationActor pid=12183)[0m TypeError: Argument types differ from the types for which this computation was compiled. Perhaps you are calling the compiled executable with a different enable_x64 mode than when it was AOT compiled? The mismatches are:[32m [repeated 2x across cluster][0m
[36m(CpuApproximationActor pid=12183)[0m [SENTINEL-VERBOSE] ==================================================[32m [repeated 4x across cluster][0m
[36m(CpuApproximationActor pid=12183)[0m Argument 'x' compiled with float32[16,64] and called with float32[16,4][32m [repeated 4x across cluster][0m
[36m(CpuApproximationActor pid=12183)[0m Argument 'y' compiled with float32[16,64] and called with float32[16,4][32m [repeated 4x across cluster][0m
[36m(CpuApproximationActor pid=12183)[0m     ...<3 lines>...[32m [repeated 4x across cluster][0m
[36m(CpuApproximationActor pid=12183)[0m   File "/Users/assmuth/dsnn/.venv/lib/python3.13/site-packages/jax/_src/interpreters/pxla.py", line 1893, in call[32m [repeated 4x across cluster][0m
[36m(CpuApproximationActor pid=12671)[0m     v0(vertex_id=9): QUANT(dtype=int16)
[36m(CpuApproximationActor pid=12671)[0m     v1(vertex_id=7): COMPRESS(axis=1,kind=max)
[36m(CpuApproximationActor pid=12671)[0m     v2(vertex_id=8): QUANT(dtype=float8_e3m4)
[36m(CpuApproximationActor pid=12671)[0m     v3(vertex_id=2): DIAG(bi1=0,bi2=0,factor=2)
[36m(CpuApproximationActor pid=12671)[0m     v5(vertex_id=12): QUANT(dtype=float8_e8m0fnu)
[36m(CpuApproximationActor pid=12671)[0m     v7(vertex_id=10): COMPRESS(axis=1,kind=abs_min)
[36m(CpuApproximationActor pid=12671)[0m     v8(vertex_id=5): QUANT(dtype=float8_e3m4)
[36m(CpuApproximationActor pid=12671)[0m     v10(vertex_id=4): QUANT(dtype=float8_e8m0fnu)
[36m(CpuApproximationActor pid=12671)[0m     v11(vertex_id=3): QUANT(dtype=float8_e3m4)
[36m(CpuApproximationActor pid=10210)[0m     v1(vertex_id=3): QUANT(dtype=float8_e8m0fnu)
[36m(CpuApproximationActor pid=10210)[0m     v2(vertex_id=6): QUANT(dtype=float8_e3m4)
[36m(CpuApproximationActor pid=10210)[0m     v4(vertex_id=2): DIAG(bi1=0,bi2=0,factor=2)
[36m(CpuApproximationActor pid=10210)[0m     v5(vertex_id=4): COMPRESS(axis=1,kind=max)
[36m(CpuApproximationActor pid=10210)[0m     v6(vertex_id=7): QUANT(dtype=float8_e3m4)
[36m(CpuApproximationActor pid=10210)[0m     v7(vertex_id=5): COMPRESS(axis=1,kind=abs_max)
[36m(CpuApproximationActor pid=10210)[0m     v8(vertex_id=1): COMPRESS(axis=1,kind=max)
[36m(CpuApproximationActor pid=10210)[0m     v10(vertex_id=12): COMPRESS(axis=1,kind=max)
[36m(CpuApproximationActor pid=10210)[0m     v11(vertex_id=8): QUANT(dtype=float8_e3m4)
[36m(PPOActor pid=10207)[0m [ppo_ray] 4/48 failed/sentinel transitions this episode (pool timeout / mem-gate / shape-storm); zeroing raw rewards, forcing dones.
[36m(PPOActor pid=10207)[0m [ppo_ray][popart] ep=5 ev=-49206.949 adv(mean/std/absmax)=-0.002/0.028/0.060 flops: mu=+0 sig=1 frob_residual: mu=+0 sig=1
[36m(CpuApproximationActor pid=12183)[0m [per-face] builds=200 applied=0 skipped=0 applied_frac=0.000
ppo_ray best:+0(ep0) mean:+0 loss(p/v):-0.0085/0.0006 ent:2.565 nan_skip:0:   1%|▍                                                               | 6/1000 [01:59<4:15:10, 15.40s/it]ppo_ray best:+0(ep0) mean:+0 loss(p/v):0.0019/0.00033 ent:2.519 nan_skip:0:   1%|▍                                                               | 6/1000 [01:59<4:15:10, 15.40s/it][36m(PPOActor pid=10207)[0m [ppo_ray] anti-degen: excluded 4 degenerate/failed terminal env(s) from best_overall.
[36m(CpuApproximationActor pid=13137)[0m W0723 15:08:31.043058   13137 text_format.cc:393] Warning parsing text-format xla.TritonGemmConfigsProto: 15:53 (N = 1): text format contains deprecated field "split_k"
[36m(CpuApproximationActor pid=13137)[0m W0723 15:08:31.043078   13137 text_format.cc:393] Warning parsing text-format xla.TritonGemmConfigsProto: 16:53 (N = 2): text format contains deprecated field "split_k"
[36m(CpuApproximationActor pid=13137)[0m W0723 15:08:31.043084   13137 text_format.cc:393] Warning parsing text-format xla.TritonGemmConfigsProto: 18:53 (N = 4): text format contains deprecated field "split_k"
[36m(CpuApproximationActor pid=13137)[0m W0723 15:08:31.043092   13137 text_format.cc:393] Warning parsing text-format xla.TritonGemmConfigsProto: 22:53 (N = 8): text format contains deprecated field "split_k"
[36m(CpuApproximationActor pid=13137)[0m W0723 15:08:31.043116   13137 text_format.cc:393] Warning parsing text-format xla.TritonGemmConfigsProto: 30:53 (N = 16): text format contains deprecated field "split_k"
[36m(CpuApproximationActor pid=13137)[0m W0723 15:08:31.043147   13137 text_format.cc:393] Warning parsing text-format xla.TritonGemmConfigsProto: 16:52 (N = 32): text format contains deprecated field "split_k"
[36m(CpuApproximationActor pid=13137)[0m W0723 15:08:31.043196   13137 text_format.cc:393] Warning parsing text-format xla.TritonGemmConfigsProto: 48:53 (N = 64): text format contains deprecated field "split_k"
[36m(CpuApproximationActor pid=13137)[0m W0723 15:08:31.043293   13137 text_format.cc:393] Warning parsing text-format xla.TritonGemmConfigsProto: 78:53 (N = 128): text format contains deprecated field "split_k"
[36m(CpuApproximationActor pid=13137)[0m W0723 15:08:31.043476   13137 text_format.cc:393] Warning parsing text-format xla.TritonGemmConfigsProto: 36:55 (N = 256): text format contains deprecated field "split_k"
[36m(CpuApproximationActor pid=13137)[0m [cpu_approx_worker pid=13137] env: ALPHAGRAD_EXACT_ONLY=1 ALPHAGRAD_EXAMPLE_WIDTH=64 ALPHAGRAD_FACE_TRANSFORMS=0 ALPHAGRAD_MEASURE_VIA_AOJ=0 ALPHAGRAD_PER_FACE_MVP=0 ALPHAGRAD_POLICY=palimpsa JAX_COMPILATION_CACHE_DIR=/tmp/dsnn-jax-cache-55187-pgi15-gpu13
[36m(CpuApproximationActor pid=13137)[0m [measure-actor 6] host=pgi15-gpu13 CUDA_VISIBLE_DEVICES=3 jax_devices=[CudaDevice(id=0)]
[36m(CpuApproximationActor pid=10210)[0m [SENTINEL] measure-exception step=12 order_len=12 terminal=True: TypeError: Argument types differ from the types for which this computation was compiled. Perhaps you are calling the compiled executable with a different enable_x64 mode than when it was AOT [32m [repeated 2x across cluster][0m
[36m(CpuApproximationActor pid=10210)[0m [SENTINEL-VERBOSE] step=12 order_len=12 terminal=True init=False point_idx=-1[32m [repeated 2x across cluster][0m
[36m(CpuApproximationActor pid=10210)[0m [SENTINEL-VERBOSE] EXC TypeError: Argument types differ from the types for which this computation was compiled. Perhaps you are calling the compiled executable with a different enable_x64 mode than when it was AOT compiled? The mismatches are:[32m [repeated 2x across cluster][0m
[36m(CpuApproximationActor pid=10210)[0m [SENTINEL-VERBOSE] ORDER (12): [9, 3, 6, 11, 2, 4, 7, 5, 1, 10, 12, 8][32m [repeated 2x across cluster][0m
[36m(CpuApproximationActor pid=10210)[0m [SENTINEL-VERBOSE] MICRO-ACTIONS (per vertex, in elimination order):[32m [repeated 2x across cluster][0m
[36m(CpuApproximationActor pid=10210)[0m [SENTINEL-VERBOSE] TRACEBACK:[32m [repeated 2x across cluster][0m
[36m(CpuApproximationActor pid=10210)[0m Traceback (most recent call last):[32m [repeated 2x across cluster][0m
[36m(CpuApproximationActor pid=10210)[0m   File "/Users/assmuth/dsnn/alphagrad/src/alphagrad/approx/cpu_approx_worker.py", line 257, in evaluate[32m [repeated 2x across cluster][0m
[36m(CpuApproximationActor pid=10210)[0m     tokens, eqn_ids, reward = _callback([32m [repeated 2x across cluster][0m
[36m(CpuApproximationActor pid=10210)[0m                               ~~~~~~~~~^[32m [repeated 2x across cluster][0m
[36m(CpuApproximationActor pid=10210)[0m         self._config,[32m [repeated 2x across cluster][0m
[36m(CpuApproximationActor pid=10210)[0m         ^^^^^^^^^^^^^[32m [repeated 2x across cluster][0m
[36m(CpuApproximationActor pid=10210)[0m         point_idx=int(point_idx),[32m [repeated 2x across cluster][0m
[36m(CpuApproximationActor pid=10210)[0m         ^^^^^^^^^^^^^^^^^^^^^^^^^[32m [repeated 2x across cluster][0m
[36m(CpuApproximationActor pid=10210)[0m     )[32m [repeated 2x across cluster][0m
[36m(CpuApproximationActor pid=10210)[0m     ^[32m [repeated 2x across cluster][0m
[36m(CpuApproximationActor pid=10210)[0m   File "/Users/assmuth/dsnn/alphagrad/src/alphagrad/approx/env.py", line 4003, in _callback[32m [repeated 2x across cluster][0m
[36m(CpuApproximationActor pid=10210)[0m     out_approx = compiled_approx(*eval_args_i)[32m [repeated 2x across cluster][0m
[36m(CpuApproximationActor pid=10210)[0m   File "/Users/assmuth/dsnn/.venv/lib/python3.13/site-packages/jax/_src/stages.py", line 884, in __call__[32m [repeated 2x across cluster][0m
[36m(CpuApproximationActor pid=10210)[0m     return self._call(*args, **kwargs)[32m [repeated 2x across cluster][0m
[36m(CpuApproximationActor pid=10210)[0m            ~~~~~~~~~~^^^^^^^^^^^^^^^^^[32m [repeated 2x across cluster][0m
[36m(CpuApproximationActor pid=10210)[0m   File "/Users/assmuth/dsnn/.venv/lib/python3.13/site-packages/jax/_src/interpreters/pxla.py", line 1926, in aot_cache_miss[32m [repeated 2x across cluster][0m
[36m(CpuApproximationActor pid=10210)[0m     outs, out_flat, args_flat = stages.Compiled.call(params, *args, **kwargs)[32m [repeated 2x across cluster][0m
[36m(CpuApproximationActor pid=10210)[0m                                 ~~~~~~~~~~~~~~~~~~~~^^^^^^^^^^^^^^^^^^^^^^^^^[32m [repeated 2x across cluster][0m
[36m(CpuApproximationActor pid=10210)[0m     lo_outs = params.executable.call(*params.const_args, *args_flat)[32m [repeated 2x across cluster][0m
[36m(CpuApproximationActor pid=10210)[0m     check_arg_avals_for_call(self._all_args_info.in_avals,[32m [repeated 2x across cluster][0m
[36m(CpuApproximationActor pid=10210)[0m     ~~~~~~~~~~~~~~~~~~~~~~~~^^^^^^^^^^^^^^^^^^^^^^^^^^^^^^[32m [repeated 2x across cluster][0m
[36m(CpuApproximationActor pid=10210)[0m                              map(core.shaped_abstractify, args),[32m [repeated 2x across cluster][0m
[36m(CpuApproximationActor pid=10210)[0m                              ^^^^^^^^^^^^^^^^^^^^^^^^^^^^^^^^^^^[32m [repeated 2x across cluster][0m
[36m(CpuApproximationActor pid=10210)[0m                              self._all_args_info.debug_info)[32m [repeated 2x across cluster][0m
[36m(CpuApproximationActor pid=10210)[0m                              ^^^^^^^^^^^^^^^^^^^^^^^^^^^^^^^[32m [repeated 2x across cluster][0m
[36m(CpuApproximationActor pid=10210)[0m   File "/Users/assmuth/dsnn/.venv/lib/python3.13/site-packages/jax/_src/interpreters/pxla.py", line 1998, in check_arg_avals_for_call[32m [repeated 2x across cluster][0m
[36m(CpuApproximationActor pid=10210)[0m     raise TypeError([32m [repeated 2x across cluster][0m
[36m(CpuApproximationActor pid=10210)[0m         f"{num_mismatch_str} mismatches are:\n{str_errors}")[32m [repeated 2x across cluster][0m
[36m(CpuApproximationActor pid=10210)[0m TypeError: Argument types differ from the types for which this computation was compiled. Perhaps you are calling the compiled executable with a different enable_x64 mode than when it was AOT compiled? The mismatches are:[32m [repeated 2x across cluster][0m
[36m(CpuApproximationActor pid=10210)[0m [SENTINEL-VERBOSE] ==================================================[32m [repeated 4x across cluster][0m
[36m(CpuApproximationActor pid=10210)[0m Argument 'x' compiled with float32[16,64] and called with float32[16,4][32m [repeated 4x across cluster][0m
[36m(CpuApproximationActor pid=10210)[0m Argument 'y' compiled with float32[16,64] and called with float32[16,4][32m [repeated 4x across cluster][0m
[36m(CpuApproximationActor pid=10210)[0m     ...<3 lines>...[32m [repeated 4x across cluster][0m
[36m(CpuApproximationActor pid=10210)[0m   File "/Users/assmuth/dsnn/.venv/lib/python3.13/site-packages/jax/_src/interpreters/pxla.py", line 1893, in call[32m [repeated 4x across cluster][0m
[36m(PPOActor pid=10207)[0m [per-face] builds=1200 applied=0 skipped=0 applied_frac=0.000
[36m(PPOActor pid=10207)[0m /Users/assmuth/dsnn/.venv/lib/python3.13/site-packages/jax/_src/numpy/array_methods.py:125: UserWarning: Explicitly requested dtype float64 requested in astype is not available, and will be truncated to dtype float32. To enable more dtypes, set the jax_enable_x64 configuration option or the JAX_ENABLE_X64 shell environment variable. See https://github.com/jax-ml/jax#current-gotchas for more.
[36m(PPOActor pid=10207)[0m   return lax_numpy.astype(self, dtype, copy=copy, device=device)
Traceback (most recent call last):
  File "/Users/assmuth/dsnn/alphagrad/src/alphagrad/approx/ppo_ray.py", line 776, in <module>
    sys.exit(main())
             ~~~~^^
  File "/Users/assmuth/dsnn/alphagrad/src/alphagrad/approx/ppo_ray.py", line 770, in main
    rc = _run(args)
  File "/Users/assmuth/dsnn/alphagrad/src/alphagrad/approx/ppo_ray.py", line 561, in _run
    stats = ray.get(actor.run_rollout_and_train.remote(seed_counter))
  File "/Users/assmuth/dsnn/.venv/lib/python3.13/site-packages/ray/_private/auto_init_hook.py", line 22, in auto_init_wrapper
    return fn(*args, **kwargs)
  File "/Users/assmuth/dsnn/.venv/lib/python3.13/site-packages/ray/_private/client_mode_hook.py", line 107, in wrapper
    return func(*args, **kwargs)
  File "/Users/assmuth/dsnn/.venv/lib/python3.13/site-packages/ray/_private/worker.py", line 2980, in get
    values, debugger_breakpoint = worker.get_objects(
                                  ~~~~~~~~~~~~~~~~~~^
        object_refs, timeout, use_object_store=_use_object_store
        ^^^^^^^^^^^^^^^^^^^^^^^^^^^^^^^^^^^^^^^^^^^^^^^^^^^^^^^^
    )
    ^
  File "/Users/assmuth/dsnn/.venv/lib/python3.13/site-packages/ray/_private/worker.py", line 1023, in get_objects
    raise value.as_instanceof_cause()
ray.exceptions.RayTaskError(ValueError): [36mray::PPOActor.run_rollout_and_train()[39m (pid=10207, ip=192.168.15.13, actor_id=b0a429b94026395766ba76e001000000, repr=<alphagrad.approx.ppo_ray_actors.PPOActor object at 0x7b733532d550>)
  File "/Users/assmuth/dsnn/graphax/src/graphax/core.py", line 917, in _apply_micro
    return apply_quant(edge_outval, _t)
  File "/Users/assmuth/dsnn/graphax/src/graphax/sparse/micro_actions.py", line 70, in _wrapper
    out = fn(st, action, *a, **k)
  File "/Users/assmuth/dsnn/graphax/src/graphax/sparse/micro_actions.py", line 623, in apply_quant
    q = jnp.round(st.val.astype(jnp.float32) / s_safe)
                  ~~~~~~~~~~~~~~~~~~~~~~~~~~~^~~~~~~~
  File "/Users/assmuth/dsnn/.venv/lib/python3.13/site-packages/jax/_src/numpy/array_methods.py", line 1501, in op
    return getattr(self.aval, f"_{name}")(self, *args)
           ~~~~~~~~~~~~~~~~~~~~~~~~~~~~~~^^^^^^^^^^^^^
  File "/Users/assmuth/dsnn/.venv/lib/python3.13/site-packages/jax/_src/numpy/array_methods.py", line 800, in _operator_truediv
    return ufuncs.true_divide(self, cast(ArrayLike, other))
           ~~~~~~~~~~~~~~~~~~^^^^^^^^^^^^^^^^^^^^^^^^^^^^^^
  File "/Users/assmuth/dsnn/.venv/lib/python3.13/site-packages/jax/_src/numpy/ufuncs.py", line 2472, in true_divide
    x1, x2 = promote_args_inexact("true_divide", x1, x2)
             ~~~~~~~~~~~~~~~~~~~~^^^^^^^^^^^^^^^^^^^^^^^
  File "/Users/assmuth/dsnn/.venv/lib/python3.13/site-packages/jax/_src/numpy/util.py", line 248, in promote_args_inexact
    return promote_shapes(fun_name, *promote_dtypes_inexact(*args))
                                     ~~~~~~~~~~~~~~~~~~~~~~^^^^^^^
  File "/Users/assmuth/dsnn/.venv/lib/python3.13/site-packages/jax/_src/numpy/util.py", line 92, in promote_dtypes_inexact
    to_dtype, weak_type = dtypes.lattice_result_type(*args)
                          ~~~~~~~~~~~~~~~~~~~~~~~~~~^^^^^^^
jax.dtypes.TypePromotionError: Input dtypes ('float8_e3m4', 'float32') have no available implicit dtype promotion path. To avoid unintended promotion, 8-bit floats do not support implicit promotion. If you'd like your inputs to be promoted to another type, you can do so explicitly using e.g. x.astype('float32')
--------------------
For simplicity, JAX has removed its internal frames from the traceback of the following exception. Set JAX_TRACEBACK_FILTERING=off to include these.

The above exception was the direct cause of the following exception:

[36mray::PPOActor.run_rollout_and_train()[39m (pid=10207, ip=192.168.15.13, actor_id=b0a429b94026395766ba76e001000000, repr=<alphagrad.approx.ppo_ray_actors.PPOActor object at 0x7b733532d550>)
  File "/Users/assmuth/dsnn/alphagrad/src/alphagrad/approx/ppo_ray_actors.py", line 71, in run_rollout_and_train
    return self._impl.run_rollout_and_train(int(rng_seed))
           ~~~~~~~~~~~~~~~~~~~~~~~~~~~~~~~~^^^^^^^^^^^^^^^
  File "/Users/assmuth/dsnn/alphagrad/src/alphagrad/approx/ppo_ray_worker.py", line 2260, in run_rollout_and_train
    self._advance_mask_oracles(order_np, step_np, specs_np)
    ~~~~~~~~~~~~~~~~~~~~~~~~~~^^^^^^^^^^^^^^^^^^^^^^^^^^^^^
  File "/Users/assmuth/dsnn/alphagrad/src/alphagrad/approx/ppo_ray_worker.py", line 1562, in _advance_mask_oracles
    oracle.advance(v, tmap.get(v, ()))
    ~~~~~~~~~~~~~~^^^^^^^^^^^^^^^^^^^^
  File "/Users/assmuth/dsnn/alphagrad/src/alphagrad/approx/common/masks.py", line 510, in advance
    incr.eliminate(vertex, rules=tuple(rules))
    ~~~~~~~~~~~~~~^^^^^^^^^^^^^^^^^^^^^^^^^^^^
  File "/Users/assmuth/dsnn/graphax/src/graphax/incremental.py", line 148, in eliminate
    _eliminate_vertex(int(vertex), self.jaxpr, self.graph,
    ~~~~~~~~~~~~~~~~~^^^^^^^^^^^^^^^^^^^^^^^^^^^^^^^^^^^^^
                      self.tgraph, self.vo, False,
                      ^^^^^^^^^^^^^^^^^^^^^^^^^^^^
                      transforms=tuple(rules),
                      ^^^^^^^^^^^^^^^^^^^^^^^^
                      face_transforms=face_transforms)
                      ^^^^^^^^^^^^^^^^^^^^^^^^^^^^^^^^
  File "/Users/assmuth/dsnn/graphax/src/graphax/core.py", line 1736, in _eliminate_vertex
    raise ValueError(
    ...<10 lines>...
    ) from _exc
ValueError: TRANSFORM DID NOT FIT at vertex 6: Quant(dtype='int16') on edge (in=Var(id=135523200576256):float32[64,64], out=Var(id=135523200643904):float32[16,64]) -> TypePromotionError: Input dtypes ('float8_e3m4', 'float32') have no available implicit dtype promotion path. To avoid unintended promotion, 8-bit floats do not support implicit promotion. If you'd like your inputs to be promoted to another type, you can do so explicitly using e.g. x.astype('float32'). edge out_dims=[(16, None, None, 0), (64, None, None, 1)] primal_dims=[(64, None, None, 2), (64, None, None, 3)] val=(16, 64, 64, 64). This transform was previously SKIPPED SILENTLY, which desyncs the two edges of a shared variable and makes a no-op approximation report cos=1.0. Mask invalid actions up front (see diag_mask/compress_mask) instead of discovering them by throwing. Set GRAPHAX_BEST_EFFORT_TRANSFORMS=1 to restore the legacy silent skip.
Traceback (most recent call last):
  File "/Users/assmuth/dsnn/alphagrad/src/alphagrad/approx/ppo_ray.py", line 776, in <module>
    sys.exit(main())
             ~~~~^^
  File "/Users/assmuth/dsnn/alphagrad/src/alphagrad/approx/ppo_ray.py", line 770, in main
    rc = _run(args)
  File "/Users/assmuth/dsnn/alphagrad/src/alphagrad/approx/ppo_ray.py", line 561, in _run
    stats = ray.get(actor.run_rollout_and_train.remote(seed_counter))
  File "/Users/assmuth/dsnn/.venv/lib/python3.13/site-packages/ray/_private/auto_init_hook.py", line 22, in auto_init_wrapper
    return fn(*args, **kwargs)
  File "/Users/assmuth/dsnn/.venv/lib/python3.13/site-packages/ray/_private/client_mode_hook.py", line 107, in wrapper
    return func(*args, **kwargs)
  File "/Users/assmuth/dsnn/.venv/lib/python3.13/site-packages/ray/_private/worker.py", line 2980, in get
    values, debugger_breakpoint = worker.get_objects(
                                  ~~~~~~~~~~~~~~~~~~^
        object_refs, timeout, use_object_store=_use_object_store
        ^^^^^^^^^^^^^^^^^^^^^^^^^^^^^^^^^^^^^^^^^^^^^^^^^^^^^^^^
    )
    ^
  File "/Users/assmuth/dsnn/.venv/lib/python3.13/site-packages/ray/_private/worker.py", line 1023, in get_objects
    raise value.as_instanceof_cause()
ray.exceptions.RayTaskError(ValueError): [36mray::PPOActor.run_rollout_and_train()[39m (pid=10207, ip=192.168.15.13, actor_id=b0a429b94026395766ba76e001000000, repr=<alphagrad.approx.ppo_ray_actors.PPOActor object at 0x7b733532d550>)
  File "/Users/assmuth/dsnn/graphax/src/graphax/core.py", line 917, in _apply_micro
    return apply_quant(edge_outval, _t)
  File "/Users/assmuth/dsnn/graphax/src/graphax/sparse/micro_actions.py", line 70, in _wrapper
    out = fn(st, action, *a, **k)
  File "/Users/assmuth/dsnn/graphax/src/graphax/sparse/micro_actions.py", line 623, in apply_quant
    q = jnp.round(st.val.astype(jnp.float32) / s_safe)
                  ~~~~~~~~~~~~~~~~~~~~~~~~~~~^~~~~~~~
  File "/Users/assmuth/dsnn/.venv/lib/python3.13/site-packages/jax/_src/numpy/array_methods.py", line 1501, in op
    return getattr(self.aval, f"_{name}")(self, *args)
           ~~~~~~~~~~~~~~~~~~~~~~~~~~~~~~^^^^^^^^^^^^^
  File "/Users/assmuth/dsnn/.venv/lib/python3.13/site-packages/jax/_src/numpy/array_methods.py", line 800, in _operator_truediv
    return ufuncs.true_divide(self, cast(ArrayLike, other))
           ~~~~~~~~~~~~~~~~~~^^^^^^^^^^^^^^^^^^^^^^^^^^^^^^
  File "/Users/assmuth/dsnn/.venv/lib/python3.13/site-packages/jax/_src/numpy/ufuncs.py", line 2472, in true_divide
    x1, x2 = promote_args_inexact("true_divide", x1, x2)
             ~~~~~~~~~~~~~~~~~~~~^^^^^^^^^^^^^^^^^^^^^^^
  File "/Users/assmuth/dsnn/.venv/lib/python3.13/site-packages/jax/_src/numpy/util.py", line 248, in promote_args_inexact
    return promote_shapes(fun_name, *promote_dtypes_inexact(*args))
                                     ~~~~~~~~~~~~~~~~~~~~~~^^^^^^^
  File "/Users/assmuth/dsnn/.venv/lib/python3.13/site-packages/jax/_src/numpy/util.py", line 92, in promote_dtypes_inexact
    to_dtype, weak_type = dtypes.lattice_result_type(*args)
                          ~~~~~~~~~~~~~~~~~~~~~~~~~~^^^^^^^
jax.dtypes.TypePromotionError: Input dtypes ('float8_e3m4', 'float32') have no available implicit dtype promotion path. To avoid unintended promotion, 8-bit floats do not support implicit promotion. If you'd like your inputs to be promoted to another type, you can do so explicitly using e.g. x.astype('float32')
--------------------
For simplicity, JAX has removed its internal frames from the traceback of the following exception. Set JAX_TRACEBACK_FILTERING=off to include these.

The above exception was the direct cause of the following exception:

[36mray::PPOActor.run_rollout_and_train()[39m (pid=10207, ip=192.168.15.13, actor_id=b0a429b94026395766ba76e001000000, repr=<alphagrad.approx.ppo_ray_actors.PPOActor object at 0x7b733532d550>)
  File "/Users/assmuth/dsnn/alphagrad/src/alphagrad/approx/ppo_ray_actors.py", line 71, in run_rollout_and_train
    return self._impl.run_rollout_and_train(int(rng_seed))
           ~~~~~~~~~~~~~~~~~~~~~~~~~~~~~~~~^^^^^^^^^^^^^^^
  File "/Users/assmuth/dsnn/alphagrad/src/alphagrad/approx/ppo_ray_worker.py", line 2260, in run_rollout_and_train
    self._advance_mask_oracles(order_np, step_np, specs_np)
    ~~~~~~~~~~~~~~~~~~~~~~~~~~^^^^^^^^^^^^^^^^^^^^^^^^^^^^^
  File "/Users/assmuth/dsnn/alphagrad/src/alphagrad/approx/ppo_ray_worker.py", line 1562, in _advance_mask_oracles
    oracle.advance(v, tmap.get(v, ()))
    ~~~~~~~~~~~~~~^^^^^^^^^^^^^^^^^^^^
  File "/Users/assmuth/dsnn/alphagrad/src/alphagrad/approx/common/masks.py", line 510, in advance
    incr.eliminate(vertex, rules=tuple(rules))
    ~~~~~~~~~~~~~~^^^^^^^^^^^^^^^^^^^^^^^^^^^^
  File "/Users/assmuth/dsnn/graphax/src/graphax/incremental.py", line 148, in eliminate
    _eliminate_vertex(int(vertex), self.jaxpr, self.graph,
    ~~~~~~~~~~~~~~~~~^^^^^^^^^^^^^^^^^^^^^^^^^^^^^^^^^^^^^
                      self.tgraph, self.vo, False,
                      ^^^^^^^^^^^^^^^^^^^^^^^^^^^^
                      transforms=tuple(rules),
                      ^^^^^^^^^^^^^^^^^^^^^^^^
                      face_transforms=face_transforms)
                      ^^^^^^^^^^^^^^^^^^^^^^^^^^^^^^^^
  File "/Users/assmuth/dsnn/graphax/src/graphax/core.py", line 1736, in _eliminate_vertex
    raise ValueError(
    ...<10 lines>...
    ) from _exc
ValueError: TRANSFORM DID NOT FIT at vertex 6: Quant(dtype='int16') on edge (in=Var(id=135523200576256):float32[64,64], out=Var(id=135523200643904):float32[16,64]) -> TypePromotionError: Input dtypes ('float8_e3m4', 'float32') have no available implicit dtype promotion path. To avoid unintended promotion, 8-bit floats do not support implicit promotion. If you'd like your inputs to be promoted to another type, you can do so explicitly using e.g. x.astype('float32'). edge out_dims=[(16, None, None, 0), (64, None, None, 1)] primal_dims=[(64, None, None, 2), (64, None, None, 3)] val=(16, 64, 64, 64). This transform was previously SKIPPED SILENTLY, which desyncs the two edges of a shared variable and makes a no-op approximation report cos=1.0. Mask invalid actions up front (see diag_mask/compress_mask) instead of discovering them by throwing. Set GRAPHAX_BEST_EFFORT_TRANSFORMS=1 to restore the legacy silent skip.
[1;34mwandb[0m: 
[1;34mwandb[0m: 🚀 View run [33mexact_mlp_flops[0m at: [34mhttps://wandb.ai/dll-streetview/dsnn-vertex/runs/cg7ogjo2[0m
[1;34mwandb[0m: Find logs at: [1;35mwandb/run-20260723_150604-cg7ogjo2/logs[0m
=== PHASE flops RC=1 Thu Jul 23 03:09:44 PM UTC 2026 ===
[log_to_csv] campaign_exp/exact_mlp_flops/run.log -> campaign_exp/exact_mlp_flops/metrics.csv: 0 rows (of 6 episodes, warmup=50, drop_zeros=True), 1 columns
=== ALL PHASES DONE Thu Jul 23 03:09:44 PM UTC 2026 ===
