=== node=pgi15-gpu10.iff.kfa-juelich.de gpu=NVIDIA GeForce RTX 4090 Thu Jul 23 03:13:17 PM UTC 2026 ===
=== TAG=exact_encdec MODE=exact EXAMPLE=EncoderDecoder WIDTH=64 SNN_STEPS=unset ===
=== graphax=30441f6 examples: ADALIF_SNN_SEQ, a fully-unrolled temporal adaptive-LIF ===
=== alphagrad=8feccde fix: widen the synthetic eval samples to the model width ===
=== PHASE lat_mem START Thu Jul 23 03:13:17 PM UTC 2026 ===
2026-07-23 15:13:21,426	INFO worker.py:2012 -- Started a local Ray instance.
/Users/assmuth/dsnn/.venv/lib/python3.13/site-packages/ray/_private/worker.py:2051: FutureWarning: Tip: In future versions of Ray, Ray will no longer override accelerator visible devices env var if num_gpus=0 or num_gpus=None (default). To enable this behavior and turn off this error message, set RAY_ACCEL_ENV_VAR_OVERRIDE_ON_ZERO=0
  warnings.warn(
wandb: Loading settings from /Users/assmuth/.config/wandb/settings
wandb: [wandb.login()] Loaded credentials for https://api.wandb.ai from /Users/assmuth/.netrc.
wandb: Currently logged in as: florian-assmuth (dll-streetview) to https://api.wandb.ai. Use `wandb login --relogin` to force relogin
wandb: WARNING Using a boolean value for 'reinit' is deprecated. Use 'return_previous' or 'finish_previous' instead.
wandb: setting up run g6vle6jw
wandb: Tracking run with wandb version 0.25.0
wandb: Run data is saved locally in /Users/assmuth/dsnn/alphagrad/wandb/run-20260723_151323-g6vle6jw
wandb: Run `wandb offline` to turn off syncing.
wandb: Syncing run exact_encdec_lat_mem
wandb: ⭐️ View project at https://wandb.ai/dll-streetview/dsnn-vertex
wandb: 🚀 View run at https://wandb.ai/dll-streetview/dsnn-vertex/runs/g6vle6jw
[33m(raylet)[0m It looks like you're creating a detached actor in an anonymous namespace. In order to access this actor in the future, you will need to explicitly connect to this namespace with ray.init(namespace="602c09a8-139e-49be-8b5d-c97013b0960d", ...)
[36m(CpuApproximationActor pid=1564673)[0m W0723 15:13:30.862044 1564673 text_format.cc:393] Warning parsing text-format xla.TritonGemmConfigsProto: 15:53 (N = 1): text format contains deprecated field "split_k"
[36m(CpuApproximationActor pid=1564673)[0m W0723 15:13:30.862072 1564673 text_format.cc:393] Warning parsing text-format xla.TritonGemmConfigsProto: 16:53 (N = 2): text format contains deprecated field "split_k"
[36m(CpuApproximationActor pid=1564673)[0m W0723 15:13:30.862079 1564673 text_format.cc:393] Warning parsing text-format xla.TritonGemmConfigsProto: 18:53 (N = 4): text format contains deprecated field "split_k"
[36m(CpuApproximationActor pid=1564673)[0m W0723 15:13:30.862089 1564673 text_format.cc:393] Warning parsing text-format xla.TritonGemmConfigsProto: 22:53 (N = 8): text format contains deprecated field "split_k"
[36m(CpuApproximationActor pid=1564673)[0m W0723 15:13:30.862103 1564673 text_format.cc:393] Warning parsing text-format xla.TritonGemmConfigsProto: 30:53 (N = 16): text format contains deprecated field "split_k"
[36m(CpuApproximationActor pid=1564673)[0m W0723 15:13:30.862132 1564673 text_format.cc:393] Warning parsing text-format xla.TritonGemmConfigsProto: 16:52 (N = 32): text format contains deprecated field "split_k"
[36m(CpuApproximationActor pid=1564673)[0m W0723 15:13:30.862182 1564673 text_format.cc:393] Warning parsing text-format xla.TritonGemmConfigsProto: 48:53 (N = 64): text format contains deprecated field "split_k"
[36m(CpuApproximationActor pid=1564673)[0m W0723 15:13:30.862285 1564673 text_format.cc:393] Warning parsing text-format xla.TritonGemmConfigsProto: 78:53 (N = 128): text format contains deprecated field "split_k"
[36m(CpuApproximationActor pid=1564673)[0m W0723 15:13:30.862470 1564673 text_format.cc:393] Warning parsing text-format xla.TritonGemmConfigsProto: 36:55 (N = 256): text format contains deprecated field "split_k"
[36m(CpuApproximationActor pid=1564673)[0m [cpu_approx_worker pid=1564673] env: ALPHAGRAD_EXACT_ONLY=1 ALPHAGRAD_EXAMPLE_WIDTH=64 ALPHAGRAD_FACE_TRANSFORMS=0 ALPHAGRAD_MEASURE_VIA_AOJ=0 ALPHAGRAD_PER_FACE_MVP=0 ALPHAGRAD_POLICY=palimpsa JAX_COMPILATION_CACHE_DIR=/tmp/dsnn-jax-cache-55198-pgi15-gpu10
[36m(CpuApproximationActor pid=1564673)[0m [measure-actor 2] host=pgi15-gpu10.iff.kfa-juelich.de CUDA_VISIBLE_DEVICES=3 jax_devices=[CudaDevice(id=0)]
[33m(raylet)[0m It looks like you're creating a detached actor in an anonymous namespace. In order to access this actor in the future, you will need to explicitly connect to this namespace with ray.init(namespace="602c09a8-139e-49be-8b5d-c97013b0960d", ...)
[36m(PPOActor pid=1564671)[0m [ppo_ray] ADDITIVE failed/sentinel penalty = -2.0 (bounded-negative, INCLUDED in advantage+loss -- replaces the failed-row mask; failed rows are repulsive, never a zero-gradient no-op).
[36m(PPOActor pid=1564671)[0m [ppo_ray] V2 anti-hack: failed_adv_stamp=1.0 (post-z-score advantage overwrite on failed rows), cost_symlog_cap=0.0 (symlog'd cost channels clipped to +/-cap).
[36m(PPOActor pid=1564671)[0m [ppo_ray] PopArt value norm ON: beta=0.01 sigma_min(base=0.1, quality[6,9]=0.2) sigma_max=1e+12 robust_std=True (winsor k=5.0) — replaces the rollout advantage z-score; under pure-PopArt advantage a failed row is truly-neutral (A==0), no constant stamp.
[36m(PPOActor pid=1564671)[0m [ppo_ray] DYNAMIC SENTINEL ON: failed/sentinel terminals get per-channel mu_c - 2.0*sigma_c (EMA beta=0.01) instead of -1e10. The additive failed_penalty stamp AND the post-z-score failed_adv_stamp are DISABLED (dynamic value supersedes them); failed_transitions logging + PopArt exclusion unchanged.
[36m(PPOActor pid=1564671)[0m [ppo_ray] RAW COSSIM THREAD ON: env emits full-range cosine_sim in idx6; worker applies guide cap=None into the GAE buffer only, logs reward/cosine_sim_raw from the uncapped value.
[36m(PPOActor pid=1564671)[0m [ppo_ray_worker] POLICY V2 ACTIVE: MicroPPOAgent = PALIMPSA backbone + PointerVertexPolicy + MicroActionPolicy(max_substeps=1) + separate value pool; factor tables up to axis size 64 (observed max 64).
[36m(PPOActor pid=1564671)[0m [ppo_ray_worker] V2 policy heads scaled by 0.1 (near-uniform initial policy).
[36m(CpuApproximationActor pid=1564674)[0m [cpu_approx_worker pid=1564674] env: ALPHAGRAD_EXACT_ONLY=1 ALPHAGRAD_EXAMPLE_WIDTH=64 ALPHAGRAD_FACE_TRANSFORMS=0 ALPHAGRAD_MEASURE_VIA_AOJ=0 ALPHAGRAD_PER_FACE_MVP=0 ALPHAGRAD_POLICY=palimpsa JAX_COMPILATION_CACHE_DIR=/tmp/dsnn-jax-cache-55198-pgi15-gpu10[32m [repeated 2x across cluster] (Ray deduplicates logs by default. Set RAY_DEDUP_LOGS=0 to disable log deduplication, or see https://docs.ray.io/en/master/ray-observability/user-guides/configure-logging.html#log-deduplication for more options.)[0m
[36m(CpuApproximationActor pid=1564674)[0m [measure-actor 1] host=pgi15-gpu10.iff.kfa-juelich.de CUDA_VISIBLE_DEVICES=2 jax_devices=[CudaDevice(id=0)][32m [repeated 2x across cluster][0m
  actors spawned + JIT-warm in 31.5s
ppo_ray:   0%|                                                                                                                                             | 0/1000 [00:00<?, ?it/s][36m(PPOActor pid=1564671)[0m [per-face] builds=200 applied=0 skipped=0 applied_frac=0.000
[36m(CpuApproximationActor pid=1564672)[0m [per-face] builds=200 applied=0 skipped=0 applied_frac=0.000
[36m(PPOActor pid=1564671)[0m [per-face] builds=400 applied=0 skipped=0 applied_frac=0.000
[36m(PPOActor pid=1564671)[0m [per-face] builds=600 applied=0 skipped=0 applied_frac=0.000
[36m(CpuApproximationActor pid=1564674)[0m /Users/assmuth/dsnn/graphax/src/graphax/jaxpr.py:779: UserWarning: jaxpr tokenizer: uncaptured value rendered as '?': 'jit'
[36m(CpuApproximationActor pid=1564674)[0m   warnings.warn(
[36m(CpuApproximationActor pid=1564674)[0m /Users/assmuth/dsnn/graphax/src/graphax/jaxpr.py:779: UserWarning: jaxpr tokenizer: uncaptured value rendered as '?': 'compiler_options_kvs'
[36m(CpuApproximationActor pid=1564674)[0m   warnings.warn(
[36m(CpuApproximationActor pid=1564674)[0m /Users/assmuth/dsnn/graphax/src/graphax/jaxpr.py:779: UserWarning: jaxpr tokenizer: uncaptured value rendered as '?': 'donated_invars'
[36m(CpuApproximationActor pid=1564674)[0m   warnings.warn(
[36m(CpuApproximationActor pid=1564674)[0m /Users/assmuth/dsnn/graphax/src/graphax/jaxpr.py:779: UserWarning: jaxpr tokenizer: uncaptured value rendered as '?': 'in_layouts'
[36m(CpuApproximationActor pid=1564674)[0m   warnings.warn(
[36m(CpuApproximationActor pid=1564674)[0m /Users/assmuth/dsnn/graphax/src/graphax/jaxpr.py:779: UserWarning: jaxpr tokenizer: uncaptured value rendered as '?': 'None'
[36m(CpuApproximationActor pid=1564674)[0m   warnings.warn(
[36m(CpuApproximationActor pid=1564674)[0m /Users/assmuth/dsnn/graphax/src/graphax/jaxpr.py:779: UserWarning: jaxpr tokenizer: uncaptured value rendered as '?': 'in_shardings'
[36m(CpuApproximationActor pid=1564674)[0m   warnings.warn(
[36m(CpuApproximationActor pid=1564674)[0m /Users/assmuth/dsnn/graphax/src/graphax/jaxpr.py:779: UserWarning: jaxpr tokenizer: uncaptured value rendered as '?': 'UnspecifiedValue'
[36m(CpuApproximationActor pid=1564674)[0m   warnings.warn(
[36m(CpuApproximationActor pid=1564674)[0m /Users/assmuth/dsnn/graphax/src/graphax/jaxpr.py:779: UserWarning: jaxpr tokenizer: uncaptured value rendered as '?': 'inline'
[36m(CpuApproximationActor pid=1564674)[0m   warnings.warn(
[36m(CpuApproximationActor pid=1564674)[0m /Users/assmuth/dsnn/graphax/src/graphax/jaxpr.py:779: UserWarning: jaxpr tokenizer: uncaptured value rendered as '?': 'keep_unused'
[36m(CpuApproximationActor pid=1564674)[0m   warnings.warn(
[36m(CpuApproximationActor pid=1564674)[0m /Users/assmuth/dsnn/graphax/src/graphax/jaxpr.py:779: UserWarning: jaxpr tokenizer: uncaptured value rendered as '?': 'name'
[36m(CpuApproximationActor pid=1564674)[0m   warnings.warn(
[36m(CpuApproximationActor pid=1564674)[0m /Users/assmuth/dsnn/graphax/src/graphax/jaxpr.py:779: UserWarning: jaxpr tokenizer: uncaptured value rendered as '?': '_where'
[36m(CpuApproximationActor pid=1564674)[0m   warnings.warn(
[36m(CpuApproximationActor pid=1564674)[0m /Users/assmuth/dsnn/graphax/src/graphax/jaxpr.py:779: UserWarning: jaxpr tokenizer: uncaptured value rendered as '?': 'out_layouts'
[36m(CpuApproximationActor pid=1564674)[0m   warnings.warn(
[36m(CpuApproximationActor pid=1564674)[0m /Users/assmuth/dsnn/graphax/src/graphax/jaxpr.py:779: UserWarning: jaxpr tokenizer: uncaptured value rendered as '?': 'out_shardings'
[36m(CpuApproximationActor pid=1564674)[0m   warnings.warn(
[36m(PPOActor pid=1564671)[0m W0723 15:13:32.220125 1564671 text_format.cc:393] Warning parsing text-format xla.TritonGemmConfigsProto: 36:55 (N = 256): text format contains deprecated field "split_k"[32m [repeated 27x across cluster][0m
[36m(CpuApproximationActor pid=1564672)[0m [per-face] builds=400 applied=0 skipped=0 applied_frac=0.000
[36m(CpuApproximationActor pid=1564674)[0m /Users/assmuth/dsnn/alphagrad/src/alphagrad/approx/env.py:3127: UserWarning: [alphagrad.approx.env] jaxpr tokenization truncated: raw_len=16573 > MAX_TOKENS=16384 (overflow=189). The policy will see a clipped observation for this step. Subsequent truncations are silent but counted (see ``tokenization/{truncated_count, overflow_sum_this_ep}`` in the wandb log).
[36m(CpuApproximationActor pid=1564674)[0m   _record_tokenization_truncation(int(raw_tokens.shape[0]))
[36m(CpuApproximationActor pid=1564672)[0m /Users/assmuth/dsnn/graphax/src/graphax/jaxpr.py:779: UserWarning: jaxpr tokenizer: uncaptured value rendered as '?': 'jit'
[36m(CpuApproximationActor pid=1564672)[0m   warnings.warn([32m [repeated 13x across cluster][0m
[36m(CpuApproximationActor pid=1564672)[0m /Users/assmuth/dsnn/graphax/src/graphax/jaxpr.py:779: UserWarning: jaxpr tokenizer: uncaptured value rendered as '?': 'compiler_options_kvs'
[36m(CpuApproximationActor pid=1564672)[0m /Users/assmuth/dsnn/graphax/src/graphax/jaxpr.py:779: UserWarning: jaxpr tokenizer: uncaptured value rendered as '?': 'donated_invars'
[36m(CpuApproximationActor pid=1564672)[0m /Users/assmuth/dsnn/graphax/src/graphax/jaxpr.py:779: UserWarning: jaxpr tokenizer: uncaptured value rendered as '?': 'in_layouts'
[36m(CpuApproximationActor pid=1564672)[0m /Users/assmuth/dsnn/graphax/src/graphax/jaxpr.py:779: UserWarning: jaxpr tokenizer: uncaptured value rendered as '?': 'None'
[36m(CpuApproximationActor pid=1564672)[0m /Users/assmuth/dsnn/graphax/src/graphax/jaxpr.py:779: UserWarning: jaxpr tokenizer: uncaptured value rendered as '?': 'in_shardings'
[36m(CpuApproximationActor pid=1564672)[0m /Users/assmuth/dsnn/graphax/src/graphax/jaxpr.py:779: UserWarning: jaxpr tokenizer: uncaptured value rendered as '?': 'UnspecifiedValue'
[36m(CpuApproximationActor pid=1564672)[0m /Users/assmuth/dsnn/graphax/src/graphax/jaxpr.py:779: UserWarning: jaxpr tokenizer: uncaptured value rendered as '?': 'inline'
[36m(CpuApproximationActor pid=1564672)[0m /Users/assmuth/dsnn/graphax/src/graphax/jaxpr.py:779: UserWarning: jaxpr tokenizer: uncaptured value rendered as '?': 'keep_unused'
[36m(CpuApproximationActor pid=1564672)[0m /Users/assmuth/dsnn/graphax/src/graphax/jaxpr.py:779: UserWarning: jaxpr tokenizer: uncaptured value rendered as '?': 'name'
[36m(CpuApproximationActor pid=1564672)[0m /Users/assmuth/dsnn/graphax/src/graphax/jaxpr.py:779: UserWarning: jaxpr tokenizer: uncaptured value rendered as '?': '_where'
[36m(CpuApproximationActor pid=1564672)[0m /Users/assmuth/dsnn/graphax/src/graphax/jaxpr.py:779: UserWarning: jaxpr tokenizer: uncaptured value rendered as '?': 'out_layouts'
[36m(CpuApproximationActor pid=1564672)[0m /Users/assmuth/dsnn/graphax/src/graphax/jaxpr.py:779: UserWarning: jaxpr tokenizer: uncaptured value rendered as '?': 'out_shardings'
[36m(CpuApproximationActor pid=1564672)[0m [per-face] builds=600 applied=0 skipped=0 applied_frac=0.000[32m [repeated 5x across cluster][0m
[36m(CpuApproximationActor pid=1564673)[0m   _record_tokenization_truncation(int(raw_tokens.shape[0]))
[36m(CpuApproximationActor pid=1564673)[0m /Users/assmuth/dsnn/alphagrad/src/alphagrad/approx/env.py:3127: UserWarning: [alphagrad.approx.env] jaxpr tokenization truncated: raw_len=16489 > MAX_TOKENS=16384 (overflow=105). The policy will see a clipped observation for this step. Subsequent truncations are silent but counted (see ``tokenization/{truncated_count, overflow_sum_this_ep}`` in the wandb log).
[36m(CpuApproximationActor pid=1564672)[0m /Users/assmuth/dsnn/alphagrad/src/alphagrad/approx/env.py:3127: UserWarning: [alphagrad.approx.env] jaxpr tokenization truncated: raw_len=16437 > MAX_TOKENS=16384 (overflow=53). The policy will see a clipped observation for this step. Subsequent truncations are silent but counted (see ``tokenization/{truncated_count, overflow_sum_this_ep}`` in the wandb log).
[36m(CpuApproximationActor pid=1564672)[0m   _record_tokenization_truncation(int(raw_tokens.shape[0]))
[36m(CpuApproximationActor pid=1564673)[0m /Users/assmuth/dsnn/graphax/src/graphax/jaxpr.py:779: UserWarning: jaxpr tokenizer: uncaptured value rendered as '?': 'jit'
[36m(CpuApproximationActor pid=1564673)[0m   warnings.warn(
[36m(CpuApproximationActor pid=1564673)[0m /Users/assmuth/dsnn/graphax/src/graphax/jaxpr.py:779: UserWarning: jaxpr tokenizer: uncaptured value rendered as '?': 'compiler_options_kvs'
[36m(CpuApproximationActor pid=1564673)[0m   warnings.warn(
[36m(CpuApproximationActor pid=1564673)[0m /Users/assmuth/dsnn/graphax/src/graphax/jaxpr.py:779: UserWarning: jaxpr tokenizer: uncaptured value rendered as '?': 'donated_invars'
[36m(CpuApproximationActor pid=1564673)[0m   warnings.warn(
[36m(CpuApproximationActor pid=1564673)[0m /Users/assmuth/dsnn/graphax/src/graphax/jaxpr.py:779: UserWarning: jaxpr tokenizer: uncaptured value rendered as '?': 'in_layouts'
[36m(CpuApproximationActor pid=1564673)[0m   warnings.warn(
[36m(CpuApproximationActor pid=1564673)[0m /Users/assmuth/dsnn/graphax/src/graphax/jaxpr.py:779: UserWarning: jaxpr tokenizer: uncaptured value rendered as '?': 'None'
[36m(CpuApproximationActor pid=1564673)[0m   warnings.warn(
[36m(CpuApproximationActor pid=1564673)[0m /Users/assmuth/dsnn/graphax/src/graphax/jaxpr.py:779: UserWarning: jaxpr tokenizer: uncaptured value rendered as '?': 'in_shardings'
[36m(CpuApproximationActor pid=1564673)[0m   warnings.warn(
[36m(CpuApproximationActor pid=1564673)[0m /Users/assmuth/dsnn/graphax/src/graphax/jaxpr.py:779: UserWarning: jaxpr tokenizer: uncaptured value rendered as '?': 'UnspecifiedValue'
[36m(CpuApproximationActor pid=1564673)[0m   warnings.warn(
[36m(CpuApproximationActor pid=1564673)[0m /Users/assmuth/dsnn/graphax/src/graphax/jaxpr.py:779: UserWarning: jaxpr tokenizer: uncaptured value rendered as '?': 'inline'
[36m(CpuApproximationActor pid=1564673)[0m   warnings.warn(
[36m(CpuApproximationActor pid=1564673)[0m /Users/assmuth/dsnn/graphax/src/graphax/jaxpr.py:779: UserWarning: jaxpr tokenizer: uncaptured value rendered as '?': 'keep_unused'
[36m(CpuApproximationActor pid=1564673)[0m   warnings.warn(
[36m(CpuApproximationActor pid=1564673)[0m /Users/assmuth/dsnn/graphax/src/graphax/jaxpr.py:779: UserWarning: jaxpr tokenizer: uncaptured value rendered as '?': 'name'
[36m(CpuApproximationActor pid=1564673)[0m   warnings.warn(
[36m(CpuApproximationActor pid=1564673)[0m /Users/assmuth/dsnn/graphax/src/graphax/jaxpr.py:779: UserWarning: jaxpr tokenizer: uncaptured value rendered as '?': '_where'
[36m(CpuApproximationActor pid=1564673)[0m   warnings.warn(
[36m(CpuApproximationActor pid=1564673)[0m /Users/assmuth/dsnn/graphax/src/graphax/jaxpr.py:779: UserWarning: jaxpr tokenizer: uncaptured value rendered as '?': 'out_layouts'
[36m(CpuApproximationActor pid=1564673)[0m   warnings.warn(
[36m(CpuApproximationActor pid=1564673)[0m /Users/assmuth/dsnn/graphax/src/graphax/jaxpr.py:779: UserWarning: jaxpr tokenizer: uncaptured value rendered as '?': 'out_shardings'
[36m(CpuApproximationActor pid=1564673)[0m   warnings.warn(
[36m(CpuApproximationActor pid=1564672)[0m [per-face] builds=800 applied=0 skipped=0 applied_frac=0.000[32m [repeated 3x across cluster][0m
[36m(CpuApproximationActor pid=1564672)[0m [per-face] builds=1000 applied=0 skipped=0 applied_frac=0.000[32m [repeated 5x across cluster][0m
[36m(CpuApproximationActor pid=1564672)[0m [per-face] builds=1200 applied=0 skipped=0 applied_frac=0.000[32m [repeated 5x across cluster][0m
[36m(PPOActor pid=1564671)[0m [per-face] builds=3000 applied=0 skipped=0 applied_frac=0.000[32m [repeated 5x across cluster][0m
[36m(PPOActor pid=1564671)[0m [per-face] builds=3600 applied=0 skipped=0 applied_frac=0.000[32m [repeated 6x across cluster][0m
[36m(PPOActor pid=1564671)[0m [per-face] builds=4000 applied=0 skipped=0 applied_frac=0.000[32m [repeated 5x across cluster][0m
[36m(CpuApproximationActor pid=1564672)[0m [per-face] builds=2200 applied=0 skipped=0 applied_frac=0.000[32m [repeated 4x across cluster][0m
[36m(PPOActor pid=1564671)[0m [per-face] builds=5000 applied=0 skipped=0 applied_frac=0.000[32m [repeated 6x across cluster][0m
[36m(CpuApproximationActor pid=1564672)[0m [per-face] builds=2800 applied=0 skipped=0 applied_frac=0.000[32m [repeated 6x across cluster][0m
[36m(CpuApproximationActor pid=1564674)[0m [per-face] builds=1600 applied=0 skipped=0 applied_frac=0.000[32m [repeated 5x across cluster][0m
[36m(PPOActor pid=1564671)[0m [per-face] builds=6800 applied=0 skipped=0 applied_frac=0.000[32m [repeated 6x across cluster][0m
[36m(CpuApproximationActor pid=1564672)[0m [per-face] builds=3600 applied=0 skipped=0 applied_frac=0.000[32m [repeated 6x across cluster][0m
[36m(CpuApproximationActor pid=1564673)[0m [per-face] builds=2000 applied=0 skipped=0 applied_frac=0.000[32m [repeated 6x across cluster][0m
[36m(CpuApproximationActor pid=1564672)[0m [per-face] builds=4200 applied=0 skipped=0 applied_frac=0.000[32m [repeated 5x across cluster][0m
[36m(PPOActor pid=1564671)[0m [per-face] builds=9000 applied=0 skipped=0 applied_frac=0.000[32m [repeated 6x across cluster][0m
[36m(CpuApproximationActor pid=1564672)[0m [per-face] builds=4800 applied=0 skipped=0 applied_frac=0.000[32m [repeated 6x across cluster][0m
[36m(CpuApproximationActor pid=1564673)[0m [per-face] builds=2600 applied=0 skipped=0 applied_frac=0.000[32m [repeated 7x across cluster][0m
[36m(CpuApproximationActor pid=1564672)[0m [per-face] builds=5400 applied=0 skipped=0 applied_frac=0.000[32m [repeated 5x across cluster][0m
[36m(PPOActor pid=1564671)[0m [per-face] builds=11600 applied=0 skipped=0 applied_frac=0.000[32m [repeated 7x across cluster][0m
[36m(PPOActor pid=1564671)[0m [per-face] builds=12200 applied=0 skipped=0 applied_frac=0.000[32m [repeated 7x across cluster][0m
[36m(CpuApproximationActor pid=1564672)[0m [per-face] builds=6400 applied=0 skipped=0 applied_frac=0.000[32m [repeated 7x across cluster][0m
[36m(PPOActor pid=1564671)[0m [per-face] builds=13600 applied=0 skipped=0 applied_frac=0.000[32m [repeated 7x across cluster][0m
[36m(PPOActor pid=1564671)[0m [per-face] builds=14400 applied=0 skipped=0 applied_frac=0.000[32m [repeated 8x across cluster][0m
[36m(PPOActor pid=1564671)[0m [per-face] builds=15600 applied=0 skipped=0 applied_frac=0.000[32m [repeated 12x across cluster][0m
[36m(CpuApproximationActor pid=1564672)[0m [SENTINEL] measure-exception step=112 order_len=112 terminal=True: JaxRuntimeError: RESOURCE_EXHAUSTED: Shared memory size limit exceeded: requested 131072, available: 101376, context: [Fusion: fusion.83 = f32[64,64,64]{1,0,2} fusion(gemm_fusion_dot_general.297, g
[36m(CpuApproximationActor pid=1564672)[0m [SENTINEL-VERBOSE] ==================================================
[36m(CpuApproximationActor pid=1564672)[0m [SENTINEL-VERBOSE] step=112 order_len=112 terminal=True init=False point_idx=-1
[36m(CpuApproximationActor pid=1564672)[0m [SENTINEL-VERBOSE] EXC JaxRuntimeError: RESOURCE_EXHAUSTED: Shared memory size limit exceeded: requested 131072, available: 101376, context: [Fusion: fusion.83 = f32[64,64,64]{1,0,2} fusion(gemm_fusion_dot_general.297, gemm_fusion_dot.370), kind=kCustom, calls=fused_computation.26, backend_config={"operation_queue_id":"0","fusion_backend_config":{"kind":"__triton","block_level_fusion_config":{"num_warps":"8","output_tiles":[{"sizes":["2","16","64"]}],"num_ctas":1,"num_stages":1,"is_tma_allowed":false,"is_warp_specialization_allowed":false,"waves_per_eu":0}},"force_earliest_schedule":false,"reification_cost":[],"device_type":"DEVICE_TYPE_INVALID"}Computation: fused_computation.26 {
[36m(CpuApproximationActor pid=1564672)[0m   param_1.2152 = f32[64,384]{0,1} parameter(1)
[36m(CpuApproximationActor pid=1564672)[0m   bitcast.455.16 = f32[384,64]{1,0} bitcast(param_1.2152)
[36m(CpuApproximationActor pid=1564672)[0m   slice.158.7 = f32[64,64]{1,0} slice(bitcast.455.16), slice={[320:384], [0:64]}
[36m(CpuApproximationActor pid=1564672)[0m   transpose.1258.3 = f32[64,64]{1,0} transpose(slice.158.7), dimensions={1,0}
[36m(CpuApproximationActor pid=1564672)[0m   broadcast.1506.8 = f32[1,1,1,1,1,64,64,64]{7,6,5,4,3,2,1,0} broadcast(transpose.1258.3), dimensions={6,7}
[36m(CpuApproximationActor pid=1564672)[0m   bitcast.3551.5 = f32[64,64,64]{2,1,0} bitcast(broadcast.1506.8)
[36m(CpuApproximationActor pid=1564672)[0m   constant_48_41 = f32[] constant(0)
[36m(CpuApproximationActor pid=1564672)[0m   reduce.303.5 = f32[64,64]{1,0} reduce(bitcast.3551.5, constant_48_41), dimensions={2}, to_apply=region_1.2.clone.15
[36m(CpuApproximationActor pid=1564672)[0m   bitcast.3509.3 = f32[64,1,1,1,1,1,64]{6,5,4,3,2,1,0} bitcast(reduce.303.5)
[36m(CpuApproximationActor pid=1564672)[0m   slice.20.3 = f32[1,1,1,1,1,1,64]{6,5,4,3,2,1,0} slice(bitcast.3509.3), slice={[0:1], [0:1], [0:1], [0:1], [0:1], [0:1], [0:64]}
[36m(CpuApproximationActor pid=1564672)[0m   bitcast.215.6 = f32[64]{0} bitcast(slice.20.3)
[36m(CpuApproximationActor pid=1564672)[0m   broadcast.1507.5 = f32[1,1,1,1,1,1,1,1,64,64,64,64]{11,10,9,8,7,6,5,4,3,2,1,0} broadcast(bitcast.215.6), dimensions={9}
[36m(CpuApproximationActor pid=1564672)[0m   param_0.1880 = f32[64,64]{1,0} parameter(0)
[36m(CpuApproximationActor pid=1564672)[0m   constant_987 = f32[] constant(-inf)
[36m(CpuApproximationActor pid=1564672)[0m   reduce_max.69 = f32[64]{0} reduce(param_0.1880, constant_987), dimensions={1}, to_apply=region_0.1
[36m(CpuApproximationActor pid=1564672)[0m   sub.384 = f32[64,64]{1,0} broadcast(reduce_max.69), dimensions={0}
[36m(CpuApproximationActor pid=1564672)[0m   sub.383 = f32[64,64]{1,0} subtract(param_0.1880, sub.384)
[36m(CpuApproximationActor pid=1564672)[0m   exp.5.33 = f32[64,64]{1,0} exponential(sub.383)
[36m(CpuApproximationActor pid=1564672)[0m   neg.15.11 = f32[64,64]{1,0} negate(exp.5.33)
[36m(CpuApproximationActor pid=1564672)[0m   reduce_sum.63.3 = f32[64]{0} reduce(exp.5.33, constant_48_41), dimensions={1}, to_apply=region_1.2.clone.2
[36m(CpuApproximationActor pid=1564672)[0m   integer_pow.2.6 = f32[64]{0} multiply(reduce_sum.63.3, reduce_sum.63.3)
[36m(CpuApproximationActor pid=1564672)[0m   div.132.11 = f32[64,64]{1,0} broadcast(integer_pow.2.6), dimensions={0}
[36m(CpuApproximationActor pid=1564672)[0m   div.133.11 = f32[64,64]{1,0} divide(neg.15.11, div.132.11)
[36m(CpuApproximationActor pid=1564672)[0m   broadcast.982.7 = f32[64,64,4096]{2,1,0} broadcast(div.133.11), dimensions={0,1}
[36m(CpuApproximationActor pid=1564672)[0m   broadcast.1508.26 = f32[1,1,1,64,64,64]{5,4,3,2,1,0} broadcast(exp.5.33), dimensions={3,4}
[36m(CpuApproximationActor pid=1564672)[0m   slice.156.7 = f32[64,64]{1,0} slice(bitcast.455.16), slice={[0:64], [0:64]}
[36m(CpuApproximationActor pid=1564672)[0m   transpose.1259.2 = f32[64,64]{1,0} transpose(slice.156.7), dimensions={1,0}
[36m(CpuApproximationActor pid=1564672)[0m   broadcast.1509.21 = f32[1,1,1,64,64,64]{5,4,3,2,1,0} broadcast(transpose.1259.2), dimensions={3,5}
[36m(CpuApproximationActor pid=1564672)[0m   multiply.548.21 = f32[1,1,1,64,64,64]{5,4,3,2,1,0} multiply(broadcast.1508.26, broadcast.1509.21)
[36m(CpuApproximationActor pid=1564672)[0m   bitcast.1321.18 = f32[1,1,1,1,1,1,1,1,1,1,1,1,64,64,64]{14,13,12,11,10,9,8,7,6,5,4,3,2,1,0} bitcast(multiply.548.21)
[36m(CpuApproximationActor pid=1564672)[0m   transpose.1260.9 = f32[1,1,1,1,1,1,1,1,1,1,1,1,64,64,64]{14,13,12,11,10,9,8,7,6,5,4,3,2,1,0} transpose(bitcast.1321.18), dimensions={0,1,2,3,4,5,6,7,8,9,10,11,12,14,13}
[36m(CpuApproximationActor pid=1564672)[0m   bitcast.219.11 = f32[64,4096]{1,0} bitcast(transpose.1260.9)
[36m(CpuApproximationActor pid=1564672)[0m   broadcast.983.11 = f32[64,64,4096]{2,1,0} broadcast(bitcast.219.11), dimensions={0,2}
[36m(CpuApproximationActor pid=1564672)[0m   multiply.344.9 = f32[64,64,4096]{2,1,0} multiply(broadcast.982.7, broadcast.983.11)
[36m(CpuApproximationActor pid=1564672)[0m   bitcast.1326.7 = f32[1,64,64,64,64]{4,3,2,1,0} bitcast(multiply.344.9)
[36m(CpuApproximationActor pid=1564672)[0m   iota.57 = s32[64,64]{1,0} iota(), iota_dimension=0
[36m(CpuApproximationActor pid=1564672)[0m   iota.1.3 = s32[64,64]{1,0} iota(), iota_dimension=1
[36m(CpuApproximationActor pid=1564672)[0m   eq.53.3 = pred[64,64]{1,0} compare(iota.57, iota.1.3), direction=EQ
[36m(CpuApproximationActor pid=1564672)[0m   broadcast.1494.7 = pred[1,1,1,64,64,64,64]{6,5,4,3,2,1,0} broadcast(eq.53.3), dimensions={4,6}
[36m(CpuApproximationActor pid=1564672)[0m   constant_42_31 = f32[] constant(1)
[36m(CpuApproximationActor pid=1564672)[0m   broadcast.1341.79 = f32[64]{0} broadcast(constant_42_31), dimensions={}
[36m(CpuApproximationActor pid=1564672)[0m   div.2.5 = f32[64]{0} divide(broadcast.1341.79, reduce_sum.63.3)
[36m(CpuApproximationActor pid=1564672)[0m   broadcast.1510.9 = f32[1,1,1,1,1,1,1,1,1,1,1,1,64,64,64]{14,13,12,11,10,9,8,7,6,5,4,3,2,1,0} broadcast(div.2.5), dimensions={12}
[36m(CpuApproximationActor pid=1564672)[0m   multiply.549.9 = f32[1,1,1,1,1,1,1,1,1,1,1,1,64,64,64]{14,13,12,11,10,9,8,7,6,5,4,3,2,1,0} multiply(broadcast.1510.9, bitcast.1321.18)
[36m(CpuApproximationActor pid=1564672)[0m   bitcast.1346.9 = f32[64,64,64]{2,1,0} bitcast(multiply.549.9)
[36m(CpuApproximationActor pid=1564672)[0m   broadcast.1511.9 = f32[1,1,1,64,64,64,64]{6,5,4,3,2,1,0} broadcast(bitcast.1346.9), dimensions={3,4,5}
[36m(CpuApproximationActor pid=1564672)[0m   broadcast.1498.22 = f32[1,1,1,64,64,64,64]{6,5,4,3,2,1,0} broadcast(constant_48_41), dimensions={}
[36m(CpuApproximationActor pid=1564672)[0m   select.8.9 = f32[1,1,1,64,64,64,64]{6,5,4,3,2,1,0} select(broadcast.1494.7, broadcast.1511.9, broadcast.1498.22)
[36m(CpuApproximationActor pid=1564672)[0m   bitcast.1352.7 = f32[1,64,64,64,64]{4,3,2,1,0} bitcast(select.8.9)
[36m(CpuApproximationActor pid=1564672)[0m   add.380.7 = f32[1,64,64,64,64]{4,3,2,1,0} add(bitcast.1326.7, bitcast.1352.7)
[36m(CpuApproximationActor pid=1564672)[0m   bitcast.1355.7 = f32[1,1,1,1,1,1,1,1,64,64,64,64]{11,10,9,8,7,6,5,4,3,2,1,0} bitcast(add.380.7)
[36m(CpuApproximationActor pid=1564672)[0m   multiply.550.3 = f32[1,1,1,1,1,1,1,1,64,64,64,64]{11,10,9,8,7,6,5,4,3,2,1,0} multiply(broadcast.1507.5, bitcast.1355.7)
[36m(CpuApproximationActor pid=1564672)[0m   bitcast.3552.1 = f32[64,64,64,64]{3,2,1,0} bitcast(multiply.550.3)
[36m(CpuApproximationActor pid=1564672)[0m   ROOT reduce.327.1 = f32[64,64,64]{1,0,2} reduce(bitcast.3552.1, constant_48_41), dimensions={1}, to_apply=region_1.2.clone.26
[36m(CpuApproximationActor pid=1564672)[0m }]
[36m(CpuApproximationActor pid=1564672)[0m [SENTINEL-VERBOSE] ORDER (112): [102, 77, 91, 103, 25, 21, 28, 52, 47, 58, 71, 78, 24, 34, 31, 86, 85, 111, 93, 72, 60, 97, 36, 40, 109, 57, 44, 48, 88, 112, 8, 81, 90, 96, 67, 84, 50, 53, 18, 110, 94, 17, 6, 83, 76, 20, 15, 35, 64, 74, 56, 87, 51, 5, 66, 73, 42, 10, 29, 106, 105, 12, 38, 79, 22, 95, 26, 54, 43, 104, 39, 62, 100, 27, 55, 75, 108, 61, 11, 80, 107, 4, 68, 101, 99, 32, 49, 46, 7, 9, 16, 30, 63, 13, 33, 3, 69, 14, 89, 59, 41, 37, 92, 65, 1, 2, 19, 23, 82, 98, 70, 45]
[36m(CpuApproximationActor pid=1564672)[0m [SENTINEL-VERBOSE] MICRO-ACTIONS (per vertex, in elimination order):
[36m(CpuApproximationActor pid=1564672)[0m     v0(vertex_id=102): COMPRESS(axis=1,kind=abs_max)
[36m(CpuApproximationActor pid=1564672)[0m     v1(vertex_id=77): COMPRESS(axis=0,kind=abs_max)
[36m(CpuApproximationActor pid=1564672)[0m     v2(vertex_id=91): COMPRESS(axis=1,kind=abs_max)
[36m(CpuApproximationActor pid=1564672)[0m     v3(vertex_id=103): COMPRESS(axis=0,kind=abs_max)
[36m(CpuApproximationActor pid=1564672)[0m     v4(vertex_id=25): COMPRESS(axis=0,kind=abs_max)
[36m(CpuApproximationActor pid=1564672)[0m     v5(vertex_id=21): COMPRESS(axis=1,kind=abs_max)
[36m(CpuApproximationActor pid=1564672)[0m     v6(vertex_id=28): COMPRESS(axis=0,kind=abs_max)
[36m(CpuApproximationActor pid=1564672)[0m     v8(vertex_id=47): COMPRESS(axis=0,kind=abs_max)
[36m(CpuApproximationActor pid=1564672)[0m     v10(vertex_id=71): QUANT(dtype=float8_e8m0fnu)
[36m(CpuApproximationActor pid=1564672)[0m     v16(vertex_id=85): COMPRESS(axis=0,kind=abs_max)
[36m(CpuApproximationActor pid=1564672)[0m     v17(vertex_id=111): COMPRESS(axis=1,kind=abs_max)
[36m(CpuApproximationActor pid=1564672)[0m     v20(vertex_id=60): COMPRESS(axis=0,kind=abs_max)
[36m(CpuApproximationActor pid=1564672)[0m     v21(vertex_id=97): COMPRESS(axis=1,kind=abs_max)
[36m(CpuApproximationActor pid=1564672)[0m     v22(vertex_id=36): COMPRESS(axis=0,kind=abs_max)
[36m(CpuApproximationActor pid=1564672)[0m     v23(vertex_id=40): COMPRESS(axis=1,kind=abs_max)
[36m(CpuApproximationActor pid=1564672)[0m     v24(vertex_id=109): COMPRESS(axis=1,kind=abs_max)
[36m(CpuApproximationActor pid=1564672)[0m     v25(vertex_id=57): COMPRESS(axis=0,kind=abs_max)
[36m(CpuApproximationActor pid=1564672)[0m     v26(vertex_id=44): COMPRESS(axis=0,kind=abs_max)
[36m(CpuApproximationActor pid=1564672)[0m     v29(vertex_id=112): COMPRESS(axis=0,kind=abs_max)
[36m(CpuApproximationActor pid=1564672)[0m     v31(vertex_id=81): COMPRESS(axis=0,kind=abs_max)
[36m(CpuApproximationActor pid=1564672)[0m     v32(vertex_id=90): COMPRESS(axis=0,kind=abs_max)
[36m(CpuApproximationActor pid=1564672)[0m     v33(vertex_id=96): COMPRESS(axis=0,kind=abs_max)
[36m(CpuApproximationActor pid=1564672)[0m     v34(vertex_id=67): COMPRESS(axis=0,kind=abs_max)
[36m(CpuApproximationActor pid=1564672)[0m     v35(vertex_id=84): COMPRESS(axis=0,kind=abs_max)
[36m(CpuApproximationActor pid=1564672)[0m     v36(vertex_id=50): COMPRESS(axis=0,kind=abs_max)
[36m(CpuApproximationActor pid=1564672)[0m     v37(vertex_id=53): COMPRESS(axis=0,kind=abs_max)
[36m(CpuApproximationActor pid=1564672)[0m     v39(vertex_id=110): COMPRESS(axis=0,kind=abs_max)
[36m(CpuApproximationActor pid=1564672)[0m     v41(vertex_id=17): COMPRESS(axis=0,kind=abs_max)
[36m(CpuApproximationActor pid=1564672)[0m     v45(vertex_id=20): COMPRESS(axis=0,kind=abs_max)
[36m(CpuApproximationActor pid=1564672)[0m     v46(vertex_id=15): COMPRESS(axis=0,kind=abs_max)
[36m(CpuApproximationActor pid=1564672)[0m     v47(vertex_id=35): COMPRESS(axis=0,kind=abs_max)
[36m(CpuApproximationActor pid=1564672)[0m     v49(vertex_id=74): DIAG(bi1=0,bi2=1,factor=2)
[36m(CpuApproximationActor pid=1564672)[0m     v52(vertex_id=51): COMPRESS(axis=0,kind=abs_max)
[36m(CpuApproximationActor pid=1564672)[0m     v53(vertex_id=5): COMPRESS(axis=0,kind=abs_max)
[36m(CpuApproximationActor pid=1564672)[0m     v54(vertex_id=66): COMPRESS(axis=0,kind=abs_max)
[36m(CpuApproximationActor pid=1564672)[0m     v55(vertex_id=73): COMPRESS(axis=0,kind=abs_max)
[36m(CpuApproximationActor pid=1564672)[0m     v56(vertex_id=42): COMPRESS(axis=0,kind=abs_max)
[36m(CpuApproximationActor pid=1564672)[0m     v57(vertex_id=10): COMPRESS(axis=1,kind=abs_max)
[36m(CpuApproximationActor pid=1564672)[0m     v59(vertex_id=106): COMPRESS(axis=0,kind=abs_max)
[36m(CpuApproximationActor pid=1564672)[0m     v60(vertex_id=105): COMPRESS(axis=0,kind=abs_max)
[36m(CpuApproximationActor pid=1564672)[0m     v61(vertex_id=12): COMPRESS(axis=0,kind=abs_max)
[36m(CpuApproximationActor pid=1564672)[0m     v62(vertex_id=38): COMPRESS(axis=0,kind=abs_max)
[36m(CpuApproximationActor pid=1564672)[0m     v65(vertex_id=95): COMPRESS(axis=0,kind=abs_max)
[36m(CpuApproximationActor pid=1564672)[0m     v66(vertex_id=26): COMPRESS(axis=0,kind=abs_max)
[36m(CpuApproximationActor pid=1564672)[0m     v67(vertex_id=54): COMPRESS(axis=0,kind=abs_max)
[36m(CpuApproximationActor pid=1564672)[0m     v68(vertex_id=43): COMPRESS(axis=0,kind=abs_max)
[36m(CpuApproximationActor pid=1564672)[0m     v69(vertex_id=104): QUANT(dtype=float8_e8m0fnu)
[36m(CpuApproximationActor pid=1564672)[0m     v70(vertex_id=39): COMPRESS(axis=0,kind=abs_max)
[36m(CpuApproximationActor pid=1564672)[0m     v71(vertex_id=62): COMPRESS(axis=0,kind=abs_max)
[36m(CpuApproximationActor pid=1564672)[0m     v72(vertex_id=100): COMPRESS(axis=0,kind=abs_max)
[36m(CpuApproximationActor pid=1564672)[0m     v73(vertex_id=27): COMPRESS(axis=0,kind=abs_max)
[36m(CpuApproximationActor pid=1564672)[0m     v75(vertex_id=75): COMPRESS(axis=0,kind=abs_max)
[36m(CpuApproximationActor pid=1564672)[0m     v78(vertex_id=11): COMPRESS(axis=0,kind=abs_max)
[36m(CpuApproximationActor pid=1564672)[0m     v79(vertex_id=80): COMPRESS(axis=0,kind=abs_max)
[36m(CpuApproximationActor pid=1564672)[0m     v80(vertex_id=107): DIAG(bi1=0,bi2=0,factor=16)
[36m(CpuApproximationActor pid=1564672)[0m     v81(vertex_id=4): COMPRESS(axis=0,kind=abs_max)
[36m(CpuApproximationActor pid=1564672)[0m     v82(vertex_id=68): COMPRESS(axis=1,kind=abs_max)
[36m(CpuApproximationActor pid=1564672)[0m     v85(vertex_id=32): DIAG(bi1=1,bi2=1,factor=2)
[36m(CpuApproximationActor pid=1564672)[0m     v91(vertex_id=30): COMPRESS(axis=0,kind=abs_max)
[36m(CpuApproximationActor pid=1564672)[0m     v93(vertex_id=13): COMPRESS(axis=1,kind=max)
[36m(CpuApproximationActor pid=1564672)[0m     v97(vertex_id=14): COMPRESS(axis=0,kind=abs_max)
[36m(CpuApproximationActor pid=1564672)[0m     v98(vertex_id=89): COMPRESS(axis=0,kind=abs_max)
[36m(CpuApproximationActor pid=1564672)[0m     v100(vertex_id=41): COMPRESS(axis=2,kind=abs_max)
[36m(CpuApproximationActor pid=1564672)[0m     v101(vertex_id=37): COMPRESS(axis=2,kind=abs_max)
[36m(CpuApproximationActor pid=1564672)[0m     v102(vertex_id=92): COMPRESS(axis=1,kind=abs_max)
[36m(CpuApproximationActor pid=1564672)[0m     v103(vertex_id=65): COMPRESS(axis=2,kind=abs_max)
[36m(CpuApproximationActor pid=1564672)[0m     v104(vertex_id=1): COMPRESS(axis=2,kind=abs_max)
[36m(CpuApproximationActor pid=1564672)[0m     v105(vertex_id=2): COMPRESS(axis=0,kind=abs_max)
[36m(CpuApproximationActor pid=1564672)[0m     v106(vertex_id=19): COMPRESS(axis=1,kind=max)
[36m(CpuApproximationActor pid=1564672)[0m     v108(vertex_id=82): COMPRESS(axis=2,kind=abs_max)
[36m(CpuApproximationActor pid=1564672)[0m     v109(vertex_id=98): COMPRESS(axis=0,kind=abs_max)
[36m(CpuApproximationActor pid=1564672)[0m     v110(vertex_id=70): COMPRESS(axis=1,kind=abs_max)
[36m(CpuApproximationActor pid=1564672)[0m     v111(vertex_id=45): COMPRESS(axis=0,kind=abs_max)
[36m(CpuApproximationActor pid=1564672)[0m [SENTINEL-VERBOSE] TRACEBACK:
[36m(CpuApproximationActor pid=1564672)[0m Traceback (most recent call last):
[36m(CpuApproximationActor pid=1564672)[0m   File "/Users/assmuth/dsnn/alphagrad/src/alphagrad/approx/cpu_approx_worker.py", line 257, in evaluate
[36m(CpuApproximationActor pid=1564672)[0m     tokens, eqn_ids, reward = _callback(
[36m(CpuApproximationActor pid=1564672)[0m                               ~~~~~~~~~^
[36m(CpuApproximationActor pid=1564672)[0m         self._config,
[36m(CpuApproximationActor pid=1564672)[0m         ^^^^^^^^^^^^^
[36m(CpuApproximationActor pid=1564672)[0m     ...<7 lines>...
[36m(CpuApproximationActor pid=1564672)[0m         point_idx=int(point_idx),
[36m(CpuApproximationActor pid=1564672)[0m         ^^^^^^^^^^^^^^^^^^^^^^^^^
[36m(CpuApproximationActor pid=1564672)[0m     )
[36m(CpuApproximationActor pid=1564672)[0m     ^
[36m(CpuApproximationActor pid=1564672)[0m   File "/Users/assmuth/dsnn/alphagrad/src/alphagrad/approx/env.py", line 3443, in _callback
[36m(CpuApproximationActor pid=1564672)[0m     compiled_approx = _inproc_lru_cached_compile(b"approx:" + cache_key, _do_compile_approx)
[36m(CpuApproximationActor pid=1564672)[0m   File "/Users/assmuth/dsnn/alphagrad/src/alphagrad/approx/env.py", line 286, in _inproc_lru_cached_compile
[36m(CpuApproximationActor pid=1564672)[0m     return _cc(key, compile_fn)
[36m(CpuApproximationActor pid=1564672)[0m   File "/Users/assmuth/dsnn/alphagrad/src/alphagrad/approx/common/compile_cache.py", line 150, in cached_compile
[36m(CpuApproximationActor pid=1564672)[0m     compiled = compile_fn()
[36m(CpuApproximationActor pid=1564672)[0m   File "/Users/assmuth/dsnn/alphagrad/src/alphagrad/approx/env.py", line 3406, in _do_compile_approx
[36m(CpuApproximationActor pid=1564672)[0m     return jax.jit(fn, keep_unused=True).lower(*args_for_lower).compile()
[36m(CpuApproximationActor pid=1564672)[0m            ~~~~~~~~~~~~~~~~~~~~~~~~~~~~~~~~~~~~~~~~~~~~~~~~~~~~~~~~~~~~^^
[36m(CpuApproximationActor pid=1564672)[0m   File "/Users/assmuth/dsnn/.venv/lib/python3.13/site-packages/jax/_src/stages.py", line 586, in compile
[36m(CpuApproximationActor pid=1564672)[0m     return Compiled(self._lowering.compile(**kw), self._lowering.const_args,
[36m(CpuApproximationActor pid=1564672)[0m                     ~~~~~~~~~~~~~~~~~~~~~~^^^^^^
[36m(CpuApproximationActor pid=1564672)[0m   File "/Users/assmuth/dsnn/.venv/lib/python3.13/site-packages/jax/_src/interpreters/pxla.py", line 1226, in compile
[36m(CpuApproximationActor pid=1564672)[0m     executable = UnloadedMeshExecutable.from_hlo(
[36m(CpuApproximationActor pid=1564672)[0m         self._name, self._hlo, **self.compile_args,
[36m(CpuApproximationActor pid=1564672)[0m         compiler_options_kvs=compiler_options_kvs,
[36m(CpuApproximationActor pid=1564672)[0m         device_list=compilation_device_list)
[36m(CpuApproximationActor pid=1564672)[0m   File "/Users/assmuth/dsnn/.venv/lib/python3.13/site-packages/jax/_src/interpreters/pxla.py", line 1724, in from_hlo
[36m(CpuApproximationActor pid=1564672)[0m     xla_executable = _cached_compilation(
[36m(CpuApproximationActor pid=1564672)[0m         hlo, name, tuple_args, allow_prop_to_inputs, allow_prop_to_outputs,
[36m(CpuApproximationActor pid=1564672)[0m         tuple(host_callbacks), backend, device_list, compiler_options_kvs,
[36m(CpuApproximationActor pid=1564672)[0m         pgle_profiler)
[36m(CpuApproximationActor pid=1564672)[0m   File "/Users/assmuth/dsnn/.venv/lib/python3.13/site-packages/jax/_src/interpreters/pxla.py", line 1507, in _cached_compilation
[36m(CpuApproximationActor pid=1564672)[0m     xla_executable = compiler.compile_or_get_cached(
[36m(CpuApproximationActor pid=1564672)[0m         backend, computation, dev, compile_options, host_callbacks,
[36m(CpuApproximationActor pid=1564672)[0m         da, pgle_profiler)
[36m(CpuApproximationActor pid=1564672)[0m   File "/Users/assmuth/dsnn/.venv/lib/python3.13/site-packages/jax/_src/compiler.py", line 469, in compile_or_get_cached
[36m(CpuApproximationActor pid=1564672)[0m     return _compile_and_write_cache(
[36m(CpuApproximationActor pid=1564672)[0m         backend,
[36m(CpuApproximationActor pid=1564672)[0m     ...<5 lines>...
[36m(CpuApproximationActor pid=1564672)[0m         cache_key,
[36m(CpuApproximationActor pid=1564672)[0m     )
[36m(CpuApproximationActor pid=1564672)[0m   File "/Users/assmuth/dsnn/.venv/lib/python3.13/site-packages/jax/_src/compiler.py", line 737, in _compile_and_write_cache
[36m(CpuApproximationActor pid=1564672)[0m     executable = backend_compile_and_load(
[36m(CpuApproximationActor pid=1564672)[0m         backend, computation, executable_devices, compile_options, host_callbacks
[36m(CpuApproximationActor pid=1564672)[0m     )
[36m(CpuApproximationActor pid=1564672)[0m   File "/Users/assmuth/dsnn/.venv/lib/python3.13/site-packages/jax/_src/profiler.py", line 384, in wrapper
[36m(CpuApproximationActor pid=1564672)[0m     return func(*args, **kwargs)
[36m(CpuApproximationActor pid=1564672)[0m   File "/Users/assmuth/dsnn/.venv/lib/python3.13/site-packages/jax/_src/compiler.py", line 363, in backend_compile_and_load
[36m(CpuApproximationActor pid=1564672)[0m     raise e
[36m(CpuApproximationActor pid=1564672)[0m   File "/Users/assmuth/dsnn/.venv/lib/python3.13/site-packages/jax/_src/compiler.py", line 353, in backend_compile_and_load
[36m(CpuApproximationActor pid=1564672)[0m     return backend.compile_and_load(
[36m(CpuApproximationActor pid=1564672)[0m            ~~~~~~~~~~~~~~~~~~~~~~~~^
[36m(CpuApproximationActor pid=1564672)[0m         module,
[36m(CpuApproximationActor pid=1564672)[0m         ^^^^^^^
[36m(CpuApproximationActor pid=1564672)[0m         executable_devices=executable_devices,
[36m(CpuApproximationActor pid=1564672)[0m         ^^^^^^^^^^^^^^^^^^^^^^^^^^^^^^^^^^^^^^
[36m(CpuApproximationActor pid=1564672)[0m         compile_options=options,
[36m(CpuApproximationActor pid=1564672)[0m         ^^^^^^^^^^^^^^^^^^^^^^^^
[36m(CpuApproximationActor pid=1564672)[0m     )
[36m(CpuApproximationActor pid=1564672)[0m     ^
[36m(CpuApproximationActor pid=1564672)[0m jax.errors.JaxRuntimeError: RESOURCE_EXHAUSTED: Shared memory size limit exceeded: requested 131072, available: 101376, context: [Fusion: fusion.83 = f32[64,64,64]{1,0,2} fusion(gemm_fusion_dot_general.297, gemm_fusion_dot.370), kind=kCustom, calls=fused_computation.26, backend_config={"operation_queue_id":"0","fusion_backend_config":{"kind":"__triton","block_level_fusion_config":{"num_warps":"8","output_tiles":[{"sizes":["2","16","64"]}],"num_ctas":1,"num_stages":1,"is_tma_allowed":false,"is_warp_specialization_allowed":false,"waves_per_eu":0}},"force_earliest_schedule":false,"reification_cost":[],"device_type":"DEVICE_TYPE_INVALID"}Computation: fused_computation.26 {
[36m(CpuApproximationActor pid=1564672)[0m   param_1.2152 = f32[64,384]{0,1} parameter(1)
[36m(CpuApproximationActor pid=1564672)[0m   bitcast.455.16 = f32[384,64]{1,0} bitcast(param_1.2152)
[36m(CpuApproximationActor pid=1564672)[0m   slice.158.7 = f32[64,64]{1,0} slice(bitcast.455.16), slice={[320:384], [0:64]}
[36m(CpuApproximationActor pid=1564672)[0m   transpose.1258.3 = f32[64,64]{1,0} transpose(slice.158.7), dimensions={1,0}
[36m(CpuApproximationActor pid=1564672)[0m   broadcast.1506.8 = f32[1,1,1,1,1,64,64,64]{7,6,5,4,3,2,1,0} broadcast(transpose.1258.3), dimensions={6,7}
[36m(CpuApproximationActor pid=1564672)[0m   bitcast.3551.5 = f32[64,64,64]{2,1,0} bitcast(broadcast.1506.8)
[36m(CpuApproximationActor pid=1564672)[0m   constant_48_41 = f32[] constant(0)
[36m(CpuApproximationActor pid=1564672)[0m   reduce.303.5 = f32[64,64]{1,0} reduce(bitcast.3551.5, constant_48_41), dimensions={2}, to_apply=region_1.2.clone.15
[36m(CpuApproximationActor pid=1564672)[0m   bitcast.3509.3 = f32[64,1,1,1,1,1,64]{6,5,4,3,2,1,0} bitcast(reduce.303.5)
[36m(CpuApproximationActor pid=1564672)[0m   slice.20.3 = f32[1,1,1,1,1,1,64]{6,5,4,3,2,1,0} slice(bitcast.3509.3), slice={[0:1], [0:1], [0:1], [0:1], [0:1], [0:1], [0:64]}
[36m(CpuApproximationActor pid=1564672)[0m   bitcast.215.6 = f32[64]{0} bitcast(slice.20.3)
[36m(CpuApproximationActor pid=1564672)[0m   broadcast.1507.5 = f32[1,1,1,1,1,1,1,1,64,64,64,64]{11,10,9,8,7,6,5,4,3,2,1,0} broadcast(bitcast.215.6), dimensions={9}
[36m(CpuApproximationActor pid=1564672)[0m   param_0.1880 = f32[64,64]{1,0} parameter(0)
[36m(CpuApproximationActor pid=1564672)[0m   constant_987 = f32[] constant(-inf)
[36m(CpuApproximationActor pid=1564672)[0m   reduce_max.69 = f32[64]{0} reduce(param_0.1880, constant_987), dimensions={1}, to_apply=region_0.1
[36m(CpuApproximationActor pid=1564672)[0m   sub.384 = f32[64,64]{1,0} broadcast(reduce_max.69), dimensions={0}
[36m(CpuApproximationActor pid=1564672)[0m   sub.383 = f32[64,64]{1,0} subtract(param_0.1880, sub.384)
[36m(CpuApproximationActor pid=1564672)[0m   exp.5.33 = f32[64,64]{1,0} exponential(sub.383)
[36m(CpuApproximationActor pid=1564672)[0m   neg.15.11 = f32[64,64]{1,0} negate(exp.5.33)
[36m(CpuApproximationActor pid=1564672)[0m   reduce_sum.63.3 = f32[64]{0} reduce(exp.5.33, constant_48_41), dimensions={1}, to_apply=region_1.2.clone.2
[36m(CpuApproximationActor pid=1564672)[0m   integer_pow.2.6 = f32[64]{0} multiply(reduce_sum.63.3, reduce_sum.63.3)
[36m(CpuApproximationActor pid=1564672)[0m   div.132.11 = f32[64,64]{1,0} broadcast(integer_pow.2.6), dimensions={0}
[36m(CpuApproximationActor pid=1564672)[0m   div.133.11 = f32[64,64]{1,0} divide(neg.15.11, div.132.11)
[36m(CpuApproximationActor pid=1564672)[0m   broadcast.982.7 = f32[64,64,4096]{2,1,0} broadcast(div.133.11), dimensions={0,1}
[36m(CpuApproximationActor pid=1564672)[0m   broadcast.1508.26 = f32[1,1,1,64,64,64]{5,4,3,2,1,0} broadcast(exp.5.33), dimensions={3,4}
[36m(CpuApproximationActor pid=1564672)[0m   slice.156.7 = f32[64,64]{1,0} slice(bitcast.455.16), slice={[0:64], [0:64]}
[36m(CpuApproximationActor pid=1564672)[0m   transpose.1259.2 = f32[64,64]{1,0} transpose(slice.156.7), dimensions={1,0}
[36m(CpuApproximationActor pid=1564672)[0m   broadcast.1509.21 = f32[1,1,1,64,64,64]{5,4,3,2,1,0} broadcast(transpose.1259.2), dimensions={3,5}
[36m(CpuApproximationActor pid=1564672)[0m   multiply.548.21 = f32[1,1,1,64,64,64]{5,4,3,2,1,0} multiply(broadcast.1508.26, broadcast.1509.21)
[36m(CpuApproximationActor pid=1564672)[0m   bitcast.1321.18 = f32[1,1,1,1,1,1,1,1,1,1,1,1,64,64,64]{14,13,12,11,10,9,8,7,6,5,4,3,2,1,0} bitcast(multiply.548.21)
[36m(CpuApproximationActor pid=1564672)[0m   transpose.1260.9 = f32[1,1,1,1,1,1,1,1,1,1,1,1,64,64,64]{14,13,12,11,10,9,8,7,6,5,4,3,2,1,0} transpose(bitcast.1321.18), dimensions={0,1,2,3,4,5,6,7,8,9,10,11,12,14,13}
[36m(CpuApproximationActor pid=1564672)[0m   bitcast.219.11 = f32[64,4096]{1,0} bitcast(transpose.1260.9)
[36m(CpuApproximationActor pid=1564672)[0m   broadcast.983.11 = f32[64,64,4096]{2,1,0} broadcast(bitcast.219.11), dimensions={0,2}
[36m(CpuApproximationActor pid=1564672)[0m   multiply.344.9 = f32[64,64,4096]{2,1,0} multiply(broadcast.982.7, broadcast.983.11)
[36m(CpuApproximationActor pid=1564672)[0m   bitcast.1326.7 = f32[1,64,64,64,64]{4,3,2,1,0} bitcast(multiply.344.9)
[36m(CpuApproximationActor pid=1564672)[0m   iota.57 = s32[64,64]{1,0} iota(), iota_dimension=0
[36m(CpuApproximationActor pid=1564672)[0m   iota.1.3 = s32[64,64]{1,0} iota(), iota_dimension=1
[36m(CpuApproximationActor pid=1564672)[0m   eq.53.3 = pred[64,64]{1,0} compare(iota.57, iota.1.3), direction=EQ
[36m(CpuApproximationActor pid=1564672)[0m   broadcast.1494.7 = pred[1,1,1,64,64,64,64]{6,5,4,3,2,1,0} broadcast(eq.53.3), dimensions={4,6}
[36m(CpuApproximationActor pid=1564672)[0m   constant_42_31 = f32[] constant(1)
[36m(CpuApproximationActor pid=1564672)[0m   broadcast.1341.79 = f32[64]{0} broadcast(constant_42_31), dimensions={}
[36m(CpuApproximationActor pid=1564672)[0m   div.2.5 = f32[64]{0} divide(broadcast.1341.79, reduce_sum.63.3)
[36m(CpuApproximationActor pid=1564672)[0m   broadcast.1510.9 = f32[1,1,1,1,1,1,1,1,1,1,1,1,64,64,64]{14,13,12,11,10,9,8,7,6,5,4,3,2,1,0} broadcast(div.2.5), dimensions={12}
[36m(CpuApproximationActor pid=1564672)[0m   multiply.549.9 = f32[1,1,1,1,1,1,1,1,1,1,1,1,64,64,64]{14,13,12,11,10,9,8,7,6,5,4,3,2,1,0} multiply(broadcast.1510.9, bitcast.1321.18)
[36m(CpuApproximationActor pid=1564672)[0m   bitcast.1346.9 = f32[64,64,64]{2,1,0} bitcast(multiply.549.9)
[36m(CpuApproximationActor pid=1564672)[0m   broadcast.1511.9 = f32[1,1,1,64,64,64,64]{6,5,4,3,2,1,0} broadcast(bitcast.1346.9), dimensions={3,4,5}
[36m(CpuApproximationActor pid=1564672)[0m   broadcast.1498.22 = f32[1,1,1,64,64,64,64]{6,5,4,3,2,1,0} broadcast(constant_48_41), dimensions={}
[36m(CpuApproximationActor pid=1564672)[0m   select.8.9 = f32[1,1,1,64,64,64,64]{6,5,4,3,2,1,0} select(broadcast.1494.7, broadcast.1511.9, broadcast.1498.22)
[36m(CpuApproximationActor pid=1564672)[0m   bitcast.1352.7 = f32[1,64,64,64,64]{4,3,2,1,0} bitcast(select.8.9)
[36m(CpuApproximationActor pid=1564672)[0m   add.380.7 = f32[1,64,64,64,64]{4,3,2,1,0} add(bitcast.1326.7, bitcast.1352.7)
[36m(CpuApproximationActor pid=1564672)[0m   bitcast.1355.7 = f32[1,1,1,1,1,1,1,1,64,64,64,64]{11,10,9,8,7,6,5,4,3,2,1,0} bitcast(add.380.7)
[36m(CpuApproximationActor pid=1564672)[0m   multiply.550.3 = f32[1,1,1,1,1,1,1,1,64,64,64,64]{11,10,9,8,7,6,5,4,3,2,1,0} multiply(broadcast.1507.5, bitcast.1355.7)
[36m(CpuApproximationActor pid=1564672)[0m   bitcast.3552.1 = f32[64,64,64,64]{3,2,1,0} bitcast(multiply.550.3)
[36m(CpuApproximationActor pid=1564672)[0m   ROOT reduce.327.1 = f32[64,64,64]{1,0,2} reduce(bitcast.3552.1, constant_48_41), dimensions={1}, to_apply=region_1.2.clone.26
[36m(CpuApproximationActor pid=1564672)[0m }]
[36m(CpuApproximationActor pid=1564672)[0m [SENTINEL-VERBOSE] ==================================================
[36m(PPOActor pid=1564671)[0m [per-face] builds=15800 applied=0 skipped=0 applied_frac=0.000[32m [repeated 3x across cluster][0m
[36m(CpuApproximationActor pid=1564672)[0m [cpu_approx_worker pid=1564672] jax.clear_caches() @ call=223 (every=0, oom=True)
[36m(CpuApproximationActor pid=1564674)[0m loc("add_any.26.1"): error: 'arith.subf' op requires the same type for all operands and results
[36m(CpuApproximationActor pid=1564674)[0m [SENTINEL] measure-exception step=112 order_len=112 terminal=True: JaxRuntimeError: INTERNAL: Failed to compile Triton kernel. Context: [Fusion: fusion.77 = f32[4096,64,64]{2,1,0} fusion(gemm_fusion_dot, gamma2.1, gemm_fusion_dot_general.49, beta1.1, fusion.119, g
[36m(CpuApproximationActor pid=1564674)[0m [SENTINEL-VERBOSE] EXC JaxRuntimeError: INTERNAL: Failed to compile Triton kernel. Context: [Fusion: fusion.77 = f32[4096,64,64]{2,1,0} fusion(gemm_fusion_dot, gamma2.1, gemm_fusion_dot_general.49, beta1.1, fusion.119, gamma1.1), kind=kCustom, calls=fused_computation.33, backend_config={"operation_queue_id":"0","fusion_backend_config":{"kind":"__triton","block_level_fusion_config":{"num_warps":"8","output_tiles":[{"sizes":["16","16","64"]}],"num_ctas":1,"num_stages":1,"is_tma_allowed":false,"is_warp_specialization_allowed":false,"waves_per_eu":0}},"force_earliest_schedule":false,"reification_cost":[],"device_type":"DEVICE_TYPE_INVALID"}Computation: fused_computation.33 {
[36m(CpuApproximationActor pid=1564674)[0m     v0(vertex_id=1): DIAG(bi1=1,bi2=1,factor=2)
[36m(CpuApproximationActor pid=1564674)[0m     v2(vertex_id=91): COMPRESS(axis=0,kind=abs_max)
[36m(CpuApproximationActor pid=1564674)[0m     v3(vertex_id=92): COMPRESS(axis=0,kind=abs_max)
[36m(CpuApproximationActor pid=1564674)[0m     v4(vertex_id=65): COMPRESS(axis=1,kind=abs_max)
[36m(CpuApproximationActor pid=1564674)[0m     v5(vertex_id=40): COMPRESS(axis=0,kind=abs_max)
[36m(CpuApproximationActor pid=1564674)[0m     v7(vertex_id=106): COMPRESS(axis=1,kind=abs_max)
[36m(CpuApproximationActor pid=1564674)[0m     v8(vertex_id=62): COMPRESS(axis=0,kind=abs_max)
[36m(CpuApproximationActor pid=1564674)[0m     v14(vertex_id=13): COMPRESS(axis=1,kind=abs_max)
[36m(CpuApproximationActor pid=1564674)[0m     v15(vertex_id=53): COMPRESS(axis=0,kind=abs_max)
[36m(CpuApproximationActor pid=1564674)[0m     v16(vertex_id=26): COMPRESS(axis=0,kind=abs_max)
[36m(CpuApproximationActor pid=1564674)[0m     v17(vertex_id=61): COMPRESS(axis=1,kind=abs_max)
[36m(CpuApproximationActor pid=1564674)[0m     v18(vertex_id=37): COMPRESS(axis=1,kind=abs_max)
[36m(CpuApproximationActor pid=1564674)[0m     v19(vertex_id=22): COMPRESS(axis=0,kind=abs_max)
[36m(CpuApproximationActor pid=1564674)[0m     v22(vertex_id=6): COMPRESS(axis=0,kind=abs_max)
[36m(CpuApproximationActor pid=1564674)[0m     v25(vertex_id=5): COMPRESS(axis=0,kind=abs_max)
[36m(CpuApproximationActor pid=1564674)[0m     v26(vertex_id=109): COMPRESS(axis=0,kind=abs_max)
[36m(CpuApproximationActor pid=1564674)[0m     v27(vertex_id=84): COMPRESS(axis=0,kind=abs_max)
[36m(CpuApproximationActor pid=1564674)[0m     v28(vertex_id=11): COMPRESS(axis=0,kind=abs_max)
[36m(CpuApproximationActor pid=1564674)[0m     v29(vertex_id=98): COMPRESS(axis=1,kind=abs_max)
[36m(CpuApproximationActor pid=1564674)[0m     v30(vertex_id=110): COMPRESS(axis=0,kind=abs_max)
[36m(CpuApproximationActor pid=1564674)[0m     v32(vertex_id=24): COMPRESS(axis=0,kind=abs_max)
[36m(CpuApproximationActor pid=1564674)[0m     v33(vertex_id=2): COMPRESS(axis=0,kind=abs_max)
[36m(CpuApproximationActor pid=1564674)[0m     v34(vertex_id=103): COMPRESS(axis=1,kind=abs_max)
[36m(CpuApproximationActor pid=1564674)[0m     v35(vertex_id=36): COMPRESS(axis=0,kind=abs_max)
[36m(CpuApproximationActor pid=1564674)[0m     v36(vertex_id=14): COMPRESS(axis=0,kind=abs_max)
[36m(CpuApproximationActor pid=1564674)[0m     v37(vertex_id=32): COMPRESS(axis=1,kind=abs_max)
[36m(CpuApproximationActor pid=1564674)[0m     v38(vertex_id=42): DIAG(bi1=0,bi2=1,factor=16)
[36m(CpuApproximationActor pid=1564674)[0m     v39(vertex_id=51): COMPRESS(axis=0,kind=abs_max)
[36m(CpuApproximationActor pid=1564674)[0m     v40(vertex_id=17): COMPRESS(axis=0,kind=abs_max)
[36m(CpuApproximationActor pid=1564674)[0m     v41(vertex_id=3): COMPRESS(axis=3,kind=abs_max)
[36m(CpuApproximationActor pid=1564674)[0m     v43(vertex_id=67): COMPRESS(axis=0,kind=abs_max)
[36m(CpuApproximationActor pid=1564674)[0m     v48(vertex_id=102): COMPRESS(axis=0,kind=abs_max)
[36m(CpuApproximationActor pid=1564674)[0m     v49(vertex_id=52): COMPRESS(axis=0,kind=abs_max)
[36m(CpuApproximationActor pid=1564674)[0m     v50(vertex_id=73): DIAG(bi1=1,bi2=1,factor=2)
[36m(CpuApproximationActor pid=1564674)[0m     v51(vertex_id=104): QUANT(dtype=float8_e8m0fnu)
[36m(CpuApproximationActor pid=1564674)[0m     v53(vertex_id=96): COMPRESS(axis=0,kind=abs_max)
[36m(CpuApproximationActor pid=1564674)[0m     v54(vertex_id=75): DIAG(bi1=0,bi2=0,factor=2)
[36m(CpuApproximationActor pid=1564674)[0m     v58(vertex_id=83): COMPRESS(axis=0,kind=abs_max)
[36m(CpuApproximationActor pid=1564674)[0m     v59(vertex_id=57): COMPRESS(axis=0,kind=abs_max)
[36m(CpuApproximationActor pid=1564674)[0m     v60(vertex_id=66): COMPRESS(axis=0,kind=abs_max)
[36m(CpuApproximationActor pid=1564674)[0m     v61(vertex_id=64): COMPRESS(axis=1,kind=abs_max)
[36m(CpuApproximationActor pid=1564674)[0m     v62(vertex_id=105): COMPRESS(axis=0,kind=abs_max)
[36m(CpuApproximationActor pid=1564674)[0m     v65(vertex_id=82): COMPRESS(axis=2,kind=abs_max)
[36m(CpuApproximationActor pid=1564674)[0m     v66(vertex_id=44): COMPRESS(axis=0,kind=abs_max)
[36m(CpuApproximationActor pid=1564674)[0m     v69(vertex_id=97): COMPRESS(axis=0,kind=abs_max)
[36m(CpuApproximationActor pid=1564674)[0m     v70(vertex_id=25): COMPRESS(axis=0,kind=abs_max)
[36m(CpuApproximationActor pid=1564674)[0m     v71(vertex_id=15): COMPRESS(axis=0,kind=abs_max)
[36m(CpuApproximationActor pid=1564674)[0m     v73(vertex_id=76): QUANT(dtype=float8_e8m0fnu)
[36m(CpuApproximationActor pid=1564674)[0m     v74(vertex_id=74): COMPRESS(axis=3,kind=abs_max)
[36m(CpuApproximationActor pid=1564674)[0m     v75(vertex_id=30): COMPRESS(axis=2,kind=abs_max)
[36m(CpuApproximationActor pid=1564674)[0m     v78(vertex_id=20): COMPRESS(axis=1,kind=abs_max)
[36m(CpuApproximationActor pid=1564674)[0m     v79(vertex_id=41): COMPRESS(axis=2,kind=abs_max)
[36m(CpuApproximationActor pid=1564674)[0m     v80(vertex_id=10): COMPRESS(axis=0,kind=abs_max)
[36m(CpuApproximationActor pid=1564674)[0m     v81(vertex_id=38): COMPRESS(axis=0,kind=abs_max)
[36m(CpuApproximationActor pid=1564674)[0m     v82(vertex_id=80): COMPRESS(axis=2,kind=abs_max)
[36m(CpuApproximationActor pid=1564674)[0m     v83(vertex_id=21): COMPRESS(axis=0,kind=abs_max)
[36m(CpuApproximationActor pid=1564674)[0m     v84(vertex_id=39): COMPRESS(axis=0,kind=abs_max)
[36m(CpuApproximationActor pid=1564674)[0m     v85(vertex_id=23): COMPRESS(axis=1,kind=abs_max)
[36m(CpuApproximationActor pid=1564674)[0m     v86(vertex_id=85): COMPRESS(axis=0,kind=abs_max)
[36m(CpuApproximationActor pid=1564674)[0m     v90(vertex_id=28): COMPRESS(axis=0,kind=abs_max)
[36m(CpuApproximationActor pid=1564674)[0m     v91(vertex_id=107): DIAG(bi1=0,bi2=0,factor=2)
[36m(CpuApproximationActor pid=1564674)[0m     v93(vertex_id=54): COMPRESS(axis=1,kind=abs_max)
[36m(CpuApproximationActor pid=1564674)[0m     v94(vertex_id=4): COMPRESS(axis=2,kind=abs_max)
[36m(CpuApproximationActor pid=1564674)[0m     v95(vertex_id=95): COMPRESS(axis=2,kind=abs_max)
[36m(CpuApproximationActor pid=1564674)[0m     v98(vertex_id=50): COMPRESS(axis=1,kind=abs_max)
[36m(CpuApproximationActor pid=1564674)[0m     v99(vertex_id=112): COMPRESS(axis=0,kind=abs_max)
[36m(CpuApproximationActor pid=1564674)[0m     v100(vertex_id=100): COMPRESS(axis=1,kind=abs_max)
[36m(CpuApproximationActor pid=1564674)[0m     v101(vertex_id=58): DIAG(bi1=0,bi2=0,factor=2)
[36m(CpuApproximationActor pid=1564674)[0m     v102(vertex_id=70): COMPRESS(axis=0,kind=abs_max)
[36m(CpuApproximationActor pid=1564674)[0m     v103(vertex_id=33): COMPRESS(axis=0,kind=abs_max)
[36m(CpuApproximationActor pid=1564674)[0m     v105(vertex_id=60): COMPRESS(axis=1,kind=abs_max)
[36m(CpuApproximationActor pid=1564674)[0m     v107(vertex_id=81): COMPRESS(axis=2,kind=abs_max)
[36m(CpuApproximationActor pid=1564674)[0m     v108(vertex_id=43): COMPRESS(axis=1,kind=abs_max)
[36m(CpuApproximationActor pid=1564674)[0m     v109(vertex_id=89): COMPRESS(axis=1,kind=abs_max)
[36m(CpuApproximationActor pid=1564674)[0m     v110(vertex_id=111): COMPRESS(axis=1,kind=abs_max)
[36m(CpuApproximationActor pid=1564674)[0m     v111(vertex_id=12): DIAG(bi1=0,bi2=1,factor=2)
[36m(CpuApproximationActor pid=1564674)[0m     compiled_exact = _inproc_lru_cached_compile(b"exact:" + exact_cache_key, _do_compile_exact)
[36m(CpuApproximationActor pid=1564674)[0m   File "/Users/assmuth/dsnn/alphagrad/src/alphagrad/approx/env.py", line 3437, in _do_compile_exact
[36m(CpuApproximationActor pid=1564674)[0m jax.errors.JaxRuntimeError: INTERNAL: Failed to compile Triton kernel. Context: [Fusion: fusion.77 = f32[4096,64,64]{2,1,0} fusion(gemm_fusion_dot, gamma2.1, gemm_fusion_dot_general.49, beta1.1, fusion.119, gamma1.1), kind=kCustom, calls=fused_computation.33, backend_config={"operation_queue_id":"0","fusion_backend_config":{"kind":"__triton","block_level_fusion_config":{"num_warps":"8","output_tiles":[{"sizes":["16","16","64"]}],"num_ctas":1,"num_stages":1,"is_tma_allowed":false,"is_warp_specialization_allowed":false,"waves_per_eu":0}},"force_earliest_schedule":false,"reification_cost":[],"device_type":"DEVICE_TYPE_INVALID"}Computation: fused_computation.33 {
[36m(CpuApproximationActor pid=1564674)[0m [SENTINEL-VERBOSE] ==================================================[32m [repeated 2x across cluster][0m
[36m(CpuApproximationActor pid=1564674)[0m [SENTINEL-VERBOSE] step=112 order_len=112 terminal=True init=False point_idx=-1
[36m(CpuApproximationActor pid=1564674)[0m   broadcast_in_dim.100.1 = f32[4096,64,64]{2,1,0} broadcast(multiply.22.3), dimensions={0,1}[32m [repeated 118x across cluster][0m
[36m(CpuApproximationActor pid=1564674)[0m   broadcast.12.2 = f32[64,64]{1,0} broadcast(constant_16_3), dimensions={}[32m [repeated 12x across cluster][0m
[36m(CpuApproximationActor pid=1564674)[0m   ROOT add_any.26.1 = f32[4096,64,64]{2,1,0} add(add_any.24.3, broadcast_in_dim.100.1)[32m [repeated 2x across cluster][0m
[36m(CpuApproximationActor pid=1564674)[0m }][32m [repeated 2x across cluster][0m
[36m(CpuApproximationActor pid=1564674)[0m [SENTINEL-VERBOSE] ORDER (112): [1, 56, 91, 92, 65, 40, 35, 106, 62, 71, 63, 78, 49, 94, 13, 53, 26, 61, 37, 22, 69, 18, 6, 90, 45, 5, 109, 84, 11, 98, 110, 93, 24, 2, 103, 36, 14, 32, 42, 51, 17, 3, 8, 67, 108, 86, 48, 16, 102, 52, 73, 104, 68, 96, 75, 19, 27, 31, 83, 57, 66, 64, 105, 29, 9, 82, 44, 88, 77, 97, 25, 15, 34, 76, 74, 30, 99, 79, 20, 41, 10, 38, 80, 21, 39, 23, 85, 7, 72, 101, 28, 107, 47, 54, 4, 95, 46, 55, 50, 112, 100, 58, 70, 33, 59, 60, 87, 81, 43, 89, 111, 12]
[36m(CpuApproximationActor pid=1564674)[0m [SENTINEL-VERBOSE] MICRO-ACTIONS (per vertex, in elimination order):
[36m(CpuApproximationActor pid=1564674)[0m [SENTINEL-VERBOSE] TRACEBACK:
[36m(CpuApproximationActor pid=1564674)[0m Traceback (most recent call last):
[36m(CpuApproximationActor pid=1564674)[0m   File "/Users/assmuth/dsnn/alphagrad/src/alphagrad/approx/cpu_approx_worker.py", line 257, in evaluate
[36m(CpuApproximationActor pid=1564674)[0m     tokens, eqn_ids, reward = _callback(
[36m(CpuApproximationActor pid=1564674)[0m                               ~~~~~~~~~^
[36m(CpuApproximationActor pid=1564674)[0m         self._config,
[36m(CpuApproximationActor pid=1564674)[0m         ^^^^^^^^^^^^^
[36m(CpuApproximationActor pid=1564674)[0m     ...<5 lines>...[32m [repeated 2x across cluster][0m
[36m(CpuApproximationActor pid=1564674)[0m         point_idx=int(point_idx),
[36m(CpuApproximationActor pid=1564674)[0m         ^^^^^^^^^^^^^^^^^^^^^^^^^
[36m(CpuApproximationActor pid=1564674)[0m     )[32m [repeated 4x across cluster][0m
[36m(CpuApproximationActor pid=1564674)[0m     ^[32m [repeated 2x across cluster][0m
[36m(CpuApproximationActor pid=1564674)[0m   File "/Users/assmuth/dsnn/alphagrad/src/alphagrad/approx/env.py", line 3655, in _callback
[36m(CpuApproximationActor pid=1564674)[0m   File "/Users/assmuth/dsnn/alphagrad/src/alphagrad/approx/env.py", line 286, in _inproc_lru_cached_compile
[36m(CpuApproximationActor pid=1564674)[0m     return _cc(key, compile_fn)
[36m(CpuApproximationActor pid=1564674)[0m   File "/Users/assmuth/dsnn/alphagrad/src/alphagrad/approx/common/compile_cache.py", line 150, in cached_compile
[36m(CpuApproximationActor pid=1564674)[0m     compiled = compile_fn()
[36m(CpuApproximationActor pid=1564674)[0m     return jax.jit(fn, keep_unused=True).lower(*args_for_lower).compile()
[36m(CpuApproximationActor pid=1564674)[0m            ~~~~~~~~~~~~~~~~~~~~~~~~~~~~~~~~~~~~~~~~~~~~~~~~~~~~~~~~~~~~^^
[36m(CpuApproximationActor pid=1564674)[0m   File "/Users/assmuth/dsnn/.venv/lib/python3.13/site-packages/jax/_src/interpreters/pxla.py", line 1226, in compile[32m [repeated 2x across cluster][0m
[36m(CpuApproximationActor pid=1564674)[0m     return Compiled(self._lowering.compile(**kw), self._lowering.const_args,
[36m(CpuApproximationActor pid=1564674)[0m                     ~~~~~~~~~~~~~~~~~~~~~~^^^^^^
[36m(CpuApproximationActor pid=1564674)[0m     executable = UnloadedMeshExecutable.from_hlo(
[36m(CpuApproximationActor pid=1564674)[0m         self._name, self._hlo, **self.compile_args,
[36m(CpuApproximationActor pid=1564674)[0m         compiler_options_kvs=compiler_options_kvs,
[36m(CpuApproximationActor pid=1564674)[0m         device_list=compilation_device_list)
[36m(CpuApproximationActor pid=1564674)[0m   File "/Users/assmuth/dsnn/.venv/lib/python3.13/site-packages/jax/_src/interpreters/pxla.py", line 1724, in from_hlo
[36m(CpuApproximationActor pid=1564674)[0m     xla_executable = _cached_compilation(
[36m(CpuApproximationActor pid=1564674)[0m         hlo, name, tuple_args, allow_prop_to_inputs, allow_prop_to_outputs,
[36m(CpuApproximationActor pid=1564674)[0m         tuple(host_callbacks), backend, device_list, compiler_options_kvs,
[36m(CpuApproximationActor pid=1564674)[0m         pgle_profiler)
[36m(CpuApproximationActor pid=1564674)[0m   File "/Users/assmuth/dsnn/.venv/lib/python3.13/site-packages/jax/_src/interpreters/pxla.py", line 1507, in _cached_compilation
[36m(CpuApproximationActor pid=1564674)[0m     xla_executable = compiler.compile_or_get_cached(
[36m(CpuApproximationActor pid=1564674)[0m         backend, computation, dev, compile_options, host_callbacks,
[36m(CpuApproximationActor pid=1564674)[0m         da, pgle_profiler)
[36m(CpuApproximationActor pid=1564674)[0m   File "/Users/assmuth/dsnn/.venv/lib/python3.13/site-packages/jax/_src/compiler.py", line 469, in compile_or_get_cached
[36m(CpuApproximationActor pid=1564674)[0m     return _compile_and_write_cache(
[36m(CpuApproximationActor pid=1564674)[0m         backend,
[36m(CpuApproximationActor pid=1564674)[0m         cache_key,
[36m(CpuApproximationActor pid=1564674)[0m   File "/Users/assmuth/dsnn/.venv/lib/python3.13/site-packages/jax/_src/compiler.py", line 737, in _compile_and_write_cache
[36m(CpuApproximationActor pid=1564674)[0m     executable = backend_compile_and_load(
[36m(CpuApproximationActor pid=1564674)[0m         backend, computation, executable_devices, compile_options, host_callbacks
[36m(CpuApproximationActor pid=1564674)[0m   File "/Users/assmuth/dsnn/.venv/lib/python3.13/site-packages/jax/_src/profiler.py", line 384, in wrapper
[36m(CpuApproximationActor pid=1564674)[0m     return func(*args, **kwargs)
[36m(CpuApproximationActor pid=1564674)[0m   File "/Users/assmuth/dsnn/.venv/lib/python3.13/site-packages/jax/_src/compiler.py", line 353, in backend_compile_and_load[32m [repeated 2x across cluster][0m
[36m(CpuApproximationActor pid=1564674)[0m     raise e
[36m(CpuApproximationActor pid=1564674)[0m     return backend.compile_and_load(
[36m(CpuApproximationActor pid=1564674)[0m            ~~~~~~~~~~~~~~~~~~~~~~~~^
[36m(CpuApproximationActor pid=1564674)[0m         module,
[36m(CpuApproximationActor pid=1564674)[0m         ^^^^^^^
[36m(CpuApproximationActor pid=1564674)[0m         executable_devices=executable_devices,
[36m(CpuApproximationActor pid=1564674)[0m         ^^^^^^^^^^^^^^^^^^^^^^^^^^^^^^^^^^^^^^
[36m(CpuApproximationActor pid=1564674)[0m         compile_options=options,
[36m(CpuApproximationActor pid=1564674)[0m         ^^^^^^^^^^^^^^^^^^^^^^^^
[36m(CpuApproximationActor pid=1564673)[0m [SENTINEL-VERBOSE] step=112 order_len=112 terminal=True init=False point_idx=-1
[36m(CpuApproximationActor pid=1564673)[0m [SENTINEL-VERBOSE] ORDER (112): [19, 53, 14, 111, 54, 31, 91, 112, 27, 70, 38, 25, 88, 63, 105, 61, 32, 13, 71, 40, 108, 33, 97, 57, 41, 36, 58, 21, 86, 93, 84, 12, 18, 100, 45, 51, 2, 77, 8, 7, 44, 99, 55, 83, 9, 65, 104, 96, 1, 81, 28, 6, 72, 56, 29, 26, 5, 101, 67, 46, 66, 39, 24, 34, 42, 64, 98, 17, 69, 3, 89, 73, 4, 22, 23, 78, 103, 106, 20, 47, 60, 85, 30, 35, 15, 59, 62, 75, 68, 110, 43, 37, 79, 48, 87, 109, 102, 94, 90, 50, 95, 82, 52, 49, 107, 74, 92, 76, 16, 80, 10, 11]
[36m(CpuApproximationActor pid=1564673)[0m [SENTINEL-VERBOSE] MICRO-ACTIONS (per vertex, in elimination order):
[36m(CpuApproximationActor pid=1564673)[0m     v2(vertex_id=14): COMPRESS(axis=1,kind=abs_max)
[36m(CpuApproximationActor pid=1564673)[0m     v3(vertex_id=111): COMPRESS(axis=1,kind=abs_max)
[36m(CpuApproximationActor pid=1564673)[0m     v4(vertex_id=54): COMPRESS(axis=1,kind=abs_max)
[36m(CpuApproximationActor pid=1564673)[0m     v6(vertex_id=91): COMPRESS(axis=0,kind=abs_max)
[36m(CpuApproximationActor pid=1564673)[0m     v8(vertex_id=27): COMPRESS(axis=0,kind=abs_max)
[36m(CpuApproximationActor pid=1564673)[0m     v9(vertex_id=70): COMPRESS(axis=0,kind=abs_max)
[36m(CpuApproximationActor pid=1564673)[0m     v10(vertex_id=38): COMPRESS(axis=0,kind=abs_max)
[36m(CpuApproximationActor pid=1564673)[0m     v11(vertex_id=25): COMPRESS(axis=1,kind=abs_max)
[36m(CpuApproximationActor pid=1564673)[0m     v15(vertex_id=61): COMPRESS(axis=0,kind=abs_max)
[36m(CpuApproximationActor pid=1564673)[0m     v16(vertex_id=32): COMPRESS(axis=1,kind=abs_max)
[36m(CpuApproximationActor pid=1564673)[0m     v17(vertex_id=13): COMPRESS(axis=0,kind=abs_max)
[36m(CpuApproximationActor pid=1564673)[0m     v19(vertex_id=40): COMPRESS(axis=0,kind=abs_max)
[36m(CpuApproximationActor pid=1564673)[0m     v20(vertex_id=108): COMPRESS(axis=0,kind=abs_max)
[36m(CpuApproximationActor pid=1564673)[0m     v21(vertex_id=33): COMPRESS(axis=0,kind=abs_max)
[36m(CpuApproximationActor pid=1564673)[0m     v22(vertex_id=97): COMPRESS(axis=1,kind=abs_max)
[36m(CpuApproximationActor pid=1564673)[0m     v23(vertex_id=57): COMPRESS(axis=0,kind=abs_max)
[36m(CpuApproximationActor pid=1564673)[0m     v24(vertex_id=41): COMPRESS(axis=0,kind=abs_max)
[36m(CpuApproximationActor pid=1564673)[0m     v25(vertex_id=36): COMPRESS(axis=0,kind=abs_max)
[36m(CpuApproximationActor pid=1564673)[0m     v27(vertex_id=21): COMPRESS(axis=1,kind=abs_max)
[36m(CpuApproximationActor pid=1564673)[0m     v30(vertex_id=84): COMPRESS(axis=1,kind=abs_max)
[36m(CpuApproximationActor pid=1564673)[0m     v31(vertex_id=12): COMPRESS(axis=2,kind=abs_max)
[36m(CpuApproximationActor pid=1564673)[0m     v33(vertex_id=100): COMPRESS(axis=0,kind=abs_max)
[36m(CpuApproximationActor pid=1564673)[0m     v34(vertex_id=45): COMPRESS(axis=0,kind=abs_max)
[36m(CpuApproximationActor pid=1564673)[0m     v35(vertex_id=51): COMPRESS(axis=0,kind=abs_max)
[36m(CpuApproximationActor pid=1564673)[0m     v36(vertex_id=2): COMPRESS(axis=1,kind=abs_max)
[36m(CpuApproximationActor pid=1564673)[0m     v37(vertex_id=77): COMPRESS(axis=0,kind=abs_max)
[36m(CpuApproximationActor pid=1564673)[0m     v42(vertex_id=55): COMPRESS(axis=0,kind=abs_max)
[36m(CpuApproximationActor pid=1564673)[0m     v43(vertex_id=83): COMPRESS(axis=0,kind=abs_max)
[36m(CpuApproximationActor pid=1564673)[0m     v45(vertex_id=65): COMPRESS(axis=1,kind=abs_max)
[36m(CpuApproximationActor pid=1564673)[0m     v47(vertex_id=96): COMPRESS(axis=0,kind=abs_max)
[36m(CpuApproximationActor pid=1564673)[0m     v48(vertex_id=1): DIAG(bi1=1,bi2=1,factor=16)
[36m(CpuApproximationActor pid=1564673)[0m     v49(vertex_id=81): COMPRESS(axis=0,kind=abs_max)
[36m(CpuApproximationActor pid=1564673)[0m     v50(vertex_id=28): COMPRESS(axis=0,kind=abs_max)
[36m(CpuApproximationActor pid=1564673)[0m     v52(vertex_id=72): COMPRESS(axis=0,kind=abs_max)
[36m(CpuApproximationActor pid=1564673)[0m     v55(vertex_id=26): COMPRESS(axis=0,kind=abs_max)
[36m(CpuApproximationActor pid=1564673)[0m     v56(vertex_id=5): COMPRESS(axis=1,kind=abs_max)
[36m(CpuApproximationActor pid=1564673)[0m     v58(vertex_id=67): COMPRESS(axis=2,kind=abs_max)
[36m(CpuApproximationActor pid=1564673)[0m     v59(vertex_id=46): COMPRESS(axis=0,kind=abs_max)
[36m(CpuApproximationActor pid=1564673)[0m     v60(vertex_id=66): COMPRESS(axis=0,kind=abs_max)
[36m(CpuApproximationActor pid=1564673)[0m     v61(vertex_id=39): COMPRESS(axis=1,kind=abs_max)
[36m(CpuApproximationActor pid=1564673)[0m     v62(vertex_id=24): QUANT(dtype=float8_e8m0fnu)
[36m(CpuApproximationActor pid=1564673)[0m     v64(vertex_id=42): COMPRESS(axis=2,kind=abs_max)
[36m(CpuApproximationActor pid=1564673)[0m     v65(vertex_id=64): COMPRESS(axis=0,kind=abs_max)
[36m(CpuApproximationActor pid=1564673)[0m     v66(vertex_id=98): COMPRESS(axis=0,kind=abs_max)
[36m(CpuApproximationActor pid=1564673)[0m     v67(vertex_id=17): COMPRESS(axis=1,kind=abs_max)
[36m(CpuApproximationActor pid=1564673)[0m     v69(vertex_id=3): COMPRESS(axis=1,kind=abs_max)
[36m(CpuApproximationActor pid=1564673)[0m     v71(vertex_id=73): COMPRESS(axis=2,kind=abs_max)
[36m(CpuApproximationActor pid=1564673)[0m     v72(vertex_id=4): COMPRESS(axis=1,kind=abs_max)
[36m(CpuApproximationActor pid=1564673)[0m     v73(vertex_id=22): COMPRESS(axis=0,kind=abs_max)
[36m(CpuApproximationActor pid=1564673)[0m     v76(vertex_id=103): COMPRESS(axis=0,kind=abs_max)
[36m(CpuApproximationActor pid=1564673)[0m     v77(vertex_id=106): COMPRESS(axis=2,kind=abs_max)
[36m(CpuApproximationActor pid=1564673)[0m     v78(vertex_id=20): COMPRESS(axis=1,kind=abs_max)
[36m(CpuApproximationActor pid=1564673)[0m     v79(vertex_id=47): COMPRESS(axis=0,kind=abs_max)
[36m(CpuApproximationActor pid=1564673)[0m     v82(vertex_id=30): COMPRESS(axis=0,kind=abs_max)
[36m(CpuApproximationActor pid=1564673)[0m     v83(vertex_id=35): COMPRESS(axis=0,kind=abs_max)
[36m(CpuApproximationActor pid=1564673)[0m     v84(vertex_id=15): COMPRESS(axis=0,kind=abs_max)
[36m(CpuApproximationActor pid=1564673)[0m     v86(vertex_id=62): COMPRESS(axis=1,kind=abs_max)
[36m(CpuApproximationActor pid=1564673)[0m     v87(vertex_id=75): COMPRESS(axis=0,kind=abs_max)
[36m(CpuApproximationActor pid=1564673)[0m     v88(vertex_id=68): COMPRESS(axis=0,kind=abs_max)
[36m(CpuApproximationActor pid=1564673)[0m     v89(vertex_id=110): COMPRESS(axis=0,kind=abs_max)
[36m(CpuApproximationActor pid=1564673)[0m     v90(vertex_id=43): COMPRESS(axis=0,kind=abs_max)
[36m(CpuApproximationActor pid=1564673)[0m     v91(vertex_id=37): COMPRESS(axis=2,kind=abs_max)
[36m(CpuApproximationActor pid=1564673)[0m     v94(vertex_id=87): COMPRESS(axis=0,kind=abs_max)
[36m(CpuApproximationActor pid=1564673)[0m     v95(vertex_id=109): COMPRESS(axis=0,kind=abs_max)
[36m(CpuApproximationActor pid=1564673)[0m     v96(vertex_id=102): COMPRESS(axis=0,kind=abs_max)
[36m(CpuApproximationActor pid=1564673)[0m     v100(vertex_id=95): COMPRESS(axis=1,kind=abs_max)
[36m(CpuApproximationActor pid=1564673)[0m     v101(vertex_id=82): COMPRESS(axis=0,kind=abs_max)
[36m(CpuApproximationActor pid=1564673)[0m     v102(vertex_id=52): COMPRESS(axis=1,kind=abs_max)
[36m(CpuApproximationActor pid=1564673)[0m     v105(vertex_id=74): COMPRESS(axis=0,kind=abs_max)
[36m(CpuApproximationActor pid=1564673)[0m     v106(vertex_id=92): COMPRESS(axis=2,kind=abs_max)
[36m(CpuApproximationActor pid=1564673)[0m     v109(vertex_id=80): COMPRESS(axis=0,kind=abs_max)
[36m(CpuApproximationActor pid=1564673)[0m     v110(vertex_id=10): COMPRESS(axis=3,kind=abs_max)
[36m(CpuApproximationActor pid=1564673)[0m     v111(vertex_id=11): COMPRESS(axis=2,kind=abs_max)
[36m(CpuApproximationActor pid=1564673)[0m [SENTINEL-VERBOSE] TRACEBACK:
[36m(CpuApproximationActor pid=1564673)[0m Traceback (most recent call last):
[36m(CpuApproximationActor pid=1564673)[0m   File "/Users/assmuth/dsnn/alphagrad/src/alphagrad/approx/cpu_approx_worker.py", line 257, in evaluate
[36m(CpuApproximationActor pid=1564673)[0m     tokens, eqn_ids, reward = _callback(
[36m(CpuApproximationActor pid=1564673)[0m                               ~~~~~~~~~^
[36m(CpuApproximationActor pid=1564673)[0m         self._config,
[36m(CpuApproximationActor pid=1564673)[0m         ^^^^^^^^^^^^^
[36m(CpuApproximationActor pid=1564673)[0m         point_idx=int(point_idx),
[36m(CpuApproximationActor pid=1564673)[0m         ^^^^^^^^^^^^^^^^^^^^^^^^^
[36m(CpuApproximationActor pid=1564673)[0m   File "/Users/assmuth/dsnn/alphagrad/src/alphagrad/approx/env.py", line 3655, in _callback
[36m(CpuApproximationActor pid=1564673)[0m   File "/Users/assmuth/dsnn/alphagrad/src/alphagrad/approx/env.py", line 286, in _inproc_lru_cached_compile
[36m(CpuApproximationActor pid=1564673)[0m     return _cc(key, compile_fn)
[36m(CpuApproximationActor pid=1564673)[0m   File "/Users/assmuth/dsnn/alphagrad/src/alphagrad/approx/common/compile_cache.py", line 150, in cached_compile
[36m(CpuApproximationActor pid=1564673)[0m     compiled = compile_fn()
[36m(CpuApproximationActor pid=1564673)[0m     return jax.jit(fn, keep_unused=True).lower(*args_for_lower).compile()
[36m(CpuApproximationActor pid=1564673)[0m            ~~~~~~~~~~~~~~~~~~~~~~~~~~~~~~~~~~~~~~~~~~~~~~~~~~~~~~~~~~~~^^
[36m(CpuApproximationActor pid=1564673)[0m     return Compiled(self._lowering.compile(**kw), self._lowering.const_args,
[36m(CpuApproximationActor pid=1564673)[0m                     ~~~~~~~~~~~~~~~~~~~~~~^^^^^^
[36m(CpuApproximationActor pid=1564673)[0m     executable = UnloadedMeshExecutable.from_hlo(
[36m(CpuApproximationActor pid=1564673)[0m         self._name, self._hlo, **self.compile_args,
[36m(CpuApproximationActor pid=1564673)[0m         compiler_options_kvs=compiler_options_kvs,
[36m(CpuApproximationActor pid=1564673)[0m         device_list=compilation_device_list)
[36m(CpuApproximationActor pid=1564673)[0m   File "/Users/assmuth/dsnn/.venv/lib/python3.13/site-packages/jax/_src/interpreters/pxla.py", line 1724, in from_hlo
[36m(CpuApproximationActor pid=1564673)[0m     xla_executable = _cached_compilation(
[36m(CpuApproximationActor pid=1564673)[0m         hlo, name, tuple_args, allow_prop_to_inputs, allow_prop_to_outputs,
[36m(CpuApproximationActor pid=1564673)[0m         tuple(host_callbacks), backend, device_list, compiler_options_kvs,
[36m(CpuApproximationActor pid=1564673)[0m         pgle_profiler)
[36m(CpuApproximationActor pid=1564673)[0m   File "/Users/assmuth/dsnn/.venv/lib/python3.13/site-packages/jax/_src/interpreters/pxla.py", line 1507, in _cached_compilation
[36m(CpuApproximationActor pid=1564673)[0m     xla_executable = compiler.compile_or_get_cached(
[36m(CpuApproximationActor pid=1564673)[0m         backend, computation, dev, compile_options, host_callbacks,
[36m(CpuApproximationActor pid=1564673)[0m         da, pgle_profiler)
[36m(CpuApproximationActor pid=1564673)[0m   File "/Users/assmuth/dsnn/.venv/lib/python3.13/site-packages/jax/_src/compiler.py", line 469, in compile_or_get_cached
[36m(CpuApproximationActor pid=1564673)[0m     return _compile_and_write_cache(
[36m(CpuApproximationActor pid=1564673)[0m         backend,
[36m(CpuApproximationActor pid=1564673)[0m         cache_key,
[36m(CpuApproximationActor pid=1564673)[0m   File "/Users/assmuth/dsnn/.venv/lib/python3.13/site-packages/jax/_src/compiler.py", line 737, in _compile_and_write_cache
[36m(CpuApproximationActor pid=1564673)[0m     executable = backend_compile_and_load(
[36m(CpuApproximationActor pid=1564673)[0m         backend, computation, executable_devices, compile_options, host_callbacks
[36m(CpuApproximationActor pid=1564673)[0m   File "/Users/assmuth/dsnn/.venv/lib/python3.13/site-packages/jax/_src/profiler.py", line 384, in wrapper
[36m(CpuApproximationActor pid=1564673)[0m     return func(*args, **kwargs)
[36m(CpuApproximationActor pid=1564673)[0m     raise e
[36m(CpuApproximationActor pid=1564673)[0m     return backend.compile_and_load(
[36m(CpuApproximationActor pid=1564673)[0m            ~~~~~~~~~~~~~~~~~~~~~~~~^
[36m(CpuApproximationActor pid=1564673)[0m         module,
[36m(CpuApproximationActor pid=1564673)[0m         ^^^^^^^
[36m(CpuApproximationActor pid=1564673)[0m         executable_devices=executable_devices,
[36m(CpuApproximationActor pid=1564673)[0m         ^^^^^^^^^^^^^^^^^^^^^^^^^^^^^^^^^^^^^^
[36m(CpuApproximationActor pid=1564673)[0m         compile_options=options,
[36m(CpuApproximationActor pid=1564673)[0m         ^^^^^^^^^^^^^^^^^^^^^^^^
[36m(CpuApproximationActor pid=1564672)[0m [per-face] builds=8000 applied=0 skipped=0 applied_frac=0.000
[36m(CpuApproximationActor pid=1564672)[0m loc("add_any.26.1"): error: 'arith.subf' op requires the same type for all operands and results[32m [repeated 2x across cluster][0m
[36m(CpuApproximationActor pid=1564672)[0m     v0(vertex_id=38): COMPRESS(axis=1,kind=abs_max)
[36m(CpuApproximationActor pid=1564672)[0m     v2(vertex_id=62): COMPRESS(axis=0,kind=abs_max)
[36m(CpuApproximationActor pid=1564672)[0m     v3(vertex_id=95): COMPRESS(axis=1,kind=abs_max)
[36m(CpuApproximationActor pid=1564672)[0m     v4(vertex_id=7): COMPRESS(axis=0,kind=abs_max)
[36m(CpuApproximationActor pid=1564672)[0m     v5(vertex_id=74): DIAG(bi1=0,bi2=1,factor=16)
[36m(CpuApproximationActor pid=1564672)[0m     v7(vertex_id=90): COMPRESS(axis=1,kind=abs_max)
[36m(CpuApproximationActor pid=1564672)[0m     v8(vertex_id=33): COMPRESS(axis=1,kind=abs_max)
[36m(CpuApproximationActor pid=1564672)[0m     v9(vertex_id=2): COMPRESS(axis=0,kind=abs_max)
[36m(CpuApproximationActor pid=1564672)[0m     v10(vertex_id=87): COMPRESS(axis=0,kind=abs_max)
[36m(CpuApproximationActor pid=1564672)[0m     v11(vertex_id=39): COMPRESS(axis=0,kind=abs_max)
[36m(CpuApproximationActor pid=1564672)[0m     v21(vertex_id=54): COMPRESS(axis=0,kind=abs_max)
[36m(CpuApproximationActor pid=1564672)[0m     v22(vertex_id=44): COMPRESS(axis=0,kind=abs_max)
[36m(CpuApproximationActor pid=1564672)[0m     v23(vertex_id=5): COMPRESS(axis=1,kind=abs_max)
[36m(CpuApproximationActor pid=1564672)[0m     v24(vertex_id=42): COMPRESS(axis=0,kind=abs_max)
[36m(CpuApproximationActor pid=1564672)[0m     v25(vertex_id=30): COMPRESS(axis=0,kind=abs_max)
[36m(CpuApproximationActor pid=1564672)[0m     v26(vertex_id=107): COMPRESS(axis=1,kind=abs_max)
[36m(CpuApproximationActor pid=1564672)[0m     v27(vertex_id=10): COMPRESS(axis=1,kind=abs_max)
[36m(CpuApproximationActor pid=1564672)[0m     v29(vertex_id=110): COMPRESS(axis=0,kind=abs_max)
[36m(CpuApproximationActor pid=1564672)[0m     v30(vertex_id=77): COMPRESS(axis=0,kind=abs_max)
[36m(CpuApproximationActor pid=1564672)[0m     v33(vertex_id=6): COMPRESS(axis=0,kind=abs_max)
[36m(CpuApproximationActor pid=1564672)[0m     v35(vertex_id=14): COMPRESS(axis=1,kind=abs_max)
[36m(CpuApproximationActor pid=1564672)[0m     v36(vertex_id=41): DIAG(bi1=0,bi2=0,factor=2)
[36m(CpuApproximationActor pid=1564672)[0m     v38(vertex_id=11): COMPRESS(axis=0,kind=abs_max)
[36m(CpuApproximationActor pid=1564672)[0m     v41(vertex_id=4): COMPRESS(axis=0,kind=abs_max)
[36m(CpuApproximationActor pid=1564672)[0m     v42(vertex_id=36): COMPRESS(axis=0,kind=abs_max)
[36m(CpuApproximationActor pid=1564672)[0m     v44(vertex_id=80): COMPRESS(axis=0,kind=abs_max)
[36m(CpuApproximationActor pid=1564672)[0m     v45(vertex_id=45): COMPRESS(axis=1,kind=abs_max)
[36m(CpuApproximationActor pid=1564672)[0m     v49(vertex_id=52): COMPRESS(axis=0,kind=abs_max)
[36m(CpuApproximationActor pid=1564672)[0m     v50(vertex_id=100): COMPRESS(axis=0,kind=abs_max)
[36m(CpuApproximationActor pid=1564672)[0m     v51(vertex_id=109): COMPRESS(axis=1,kind=abs_max)
[36m(CpuApproximationActor pid=1564672)[0m     v52(vertex_id=84): COMPRESS(axis=1,kind=abs_max)
[36m(CpuApproximationActor pid=1564672)[0m     v53(vertex_id=102): COMPRESS(axis=1,kind=abs_max)
[36m(CpuApproximationActor pid=1564672)[0m     v54(vertex_id=91): COMPRESS(axis=0,kind=abs_max)
[36m(CpuApproximationActor pid=1564672)[0m     v55(vertex_id=83): COMPRESS(axis=0,kind=abs_max)
[36m(CpuApproximationActor pid=1564672)[0m     v57(vertex_id=68): COMPRESS(axis=1,kind=abs_max)
[36m(CpuApproximationActor pid=1564672)[0m     v58(vertex_id=27): COMPRESS(axis=0,kind=abs_max)
[36m(CpuApproximationActor pid=1564672)[0m     v61(vertex_id=76): COMPRESS(axis=0,kind=abs_max)
[36m(CpuApproximationActor pid=1564672)[0m     v62(vertex_id=96): COMPRESS(axis=0,kind=abs_max)
[36m(CpuApproximationActor pid=1564672)[0m     v63(vertex_id=108): COMPRESS(axis=0,kind=abs_max)
[36m(CpuApproximationActor pid=1564672)[0m     v64(vertex_id=65): COMPRESS(axis=0,kind=abs_max)
[36m(CpuApproximationActor pid=1564672)[0m     v65(vertex_id=20): COMPRESS(axis=0,kind=abs_max)
[36m(CpuApproximationActor pid=1564672)[0m     v66(vertex_id=98): COMPRESS(axis=1,kind=abs_max)
[36m(CpuApproximationActor pid=1564672)[0m     v68(vertex_id=61): COMPRESS(axis=0,kind=abs_max)
[36m(CpuApproximationActor pid=1564672)[0m     v69(vertex_id=32): COMPRESS(axis=1,kind=abs_max)
[36m(CpuApproximationActor pid=1564672)[0m     v72(vertex_id=82): COMPRESS(axis=1,kind=abs_max)
[36m(CpuApproximationActor pid=1564672)[0m     v73(vertex_id=106): COMPRESS(axis=1,kind=abs_max)
[36m(CpuApproximationActor pid=1564672)[0m     v76(vertex_id=3): COMPRESS(axis=1,kind=abs_max)
[36m(CpuApproximationActor pid=1564672)[0m     v77(vertex_id=97): COMPRESS(axis=0,kind=abs_max)
[36m(CpuApproximationActor pid=1564672)[0m     v78(vertex_id=73): COMPRESS(axis=2,kind=abs_max)
[36m(CpuApproximationActor pid=1564672)[0m     v81(vertex_id=50): COMPRESS(axis=3,kind=abs_max)
[36m(CpuApproximationActor pid=1564672)[0m     v84(vertex_id=94): COMPRESS(axis=0,kind=abs_max)
[36m(CpuApproximationActor pid=1564672)[0m     v85(vertex_id=67): COMPRESS(axis=0,kind=abs_max)
[36m(CpuApproximationActor pid=1564672)[0m     v86(vertex_id=17): COMPRESS(axis=0,kind=abs_max)
[36m(CpuApproximationActor pid=1564672)[0m     v87(vertex_id=75): COMPRESS(axis=1,kind=abs_max)
[36m(CpuApproximationActor pid=1564672)[0m     v88(vertex_id=37): COMPRESS(axis=2,kind=abs_max)
[36m(CpuApproximationActor pid=1564672)[0m     v89(vertex_id=103): COMPRESS(axis=2,kind=abs_max)
[36m(CpuApproximationActor pid=1564672)[0m     v90(vertex_id=1): COMPRESS(axis=2,kind=abs_max)
[36m(CpuApproximationActor pid=1564672)[0m     v91(vertex_id=26): COMPRESS(axis=0,kind=abs_max)
[36m(CpuApproximationActor pid=1564672)[0m     v92(vertex_id=22): COMPRESS(axis=0,kind=abs_max)
[36m(CpuApproximationActor pid=1564672)[0m     v94(vertex_id=28): COMPRESS(axis=0,kind=abs_max)
[36m(CpuApproximationActor pid=1564672)[0m     v96(vertex_id=43): COMPRESS(axis=0,kind=abs_max)
[36m(CpuApproximationActor pid=1564672)[0m     v98(vertex_id=53): COMPRESS(axis=1,kind=abs_max)
[36m(CpuApproximationActor pid=1564672)[0m     v99(vertex_id=85): COMPRESS(axis=2,kind=abs_max)
[36m(CpuApproximationActor pid=1564672)[0m     v100(vertex_id=112): COMPRESS(axis=1,kind=abs_max)
[36m(CpuApproximationActor pid=1564672)[0m     v101(vertex_id=25): COMPRESS(axis=0,kind=abs_max)
[36m(CpuApproximationActor pid=1564672)[0m     v103(vertex_id=35): COMPRESS(axis=0,kind=abs_max)
[36m(CpuApproximationActor pid=1564672)[0m     v104(vertex_id=72): COMPRESS(axis=1,kind=abs_max)
[36m(CpuApproximationActor pid=1564672)[0m     v105(vertex_id=81): COMPRESS(axis=0,kind=abs_max)
[36m(CpuApproximationActor pid=1564672)[0m     v106(vertex_id=13): COMPRESS(axis=1,kind=max)
[36m(CpuApproximationActor pid=1564672)[0m     v107(vertex_id=57): COMPRESS(axis=2,kind=abs_max)
[36m(CpuApproximationActor pid=1564672)[0m     v108(vertex_id=60): COMPRESS(axis=0,kind=abs_max)
[36m(CpuApproximationActor pid=1564672)[0m     v109(vertex_id=66): COMPRESS(axis=0,kind=abs_max)
[36m(CpuApproximationActor pid=1564672)[0m     v110(vertex_id=21): COMPRESS(axis=2,kind=abs_max)
[36m(CpuApproximationActor pid=1564672)[0m     v111(vertex_id=51): COMPRESS(axis=0,kind=abs_max)
[36m(CpuApproximationActor pid=1564672)[0m [SENTINEL] measure-exception step=112 order_len=112 terminal=True: JaxRuntimeError: INTERNAL: Failed to compile Triton kernel. Context: [Fusion: fusion.77 = f32[4096,64,64]{2,1,0} fusion(gemm_fusion_dot, gamma2.1, gemm_fusion_dot_general.49, beta1.1, fusion.119, g[32m [repeated 2x across cluster][0m
[36m(CpuApproximationActor pid=1564672)[0m [SENTINEL-VERBOSE] EXC JaxRuntimeError: INTERNAL: Failed to compile Triton kernel. Context: [Fusion: fusion.77 = f32[4096,64,64]{2,1,0} fusion(gemm_fusion_dot, gamma2.1, gemm_fusion_dot_general.49, beta1.1, fusion.119, gamma1.1), kind=kCustom, calls=fused_computation.33, backend_config={"operation_queue_id":"0","fusion_backend_config":{"kind":"__triton","block_level_fusion_config":{"num_warps":"8","output_tiles":[{"sizes":["16","16","64"]}],"num_ctas":1,"num_stages":1,"is_tma_allowed":false,"is_warp_specialization_allowed":false,"waves_per_eu":0}},"force_earliest_schedule":false,"reification_cost":[],"device_type":"DEVICE_TYPE_INVALID"}Computation: fused_computation.33 {[32m [repeated 2x across cluster][0m
[36m(CpuApproximationActor pid=1564672)[0m     compiled_exact = _inproc_lru_cached_compile(b"exact:" + exact_cache_key, _do_compile_exact)[32m [repeated 2x across cluster][0m
[36m(CpuApproximationActor pid=1564672)[0m   File "/Users/assmuth/dsnn/alphagrad/src/alphagrad/approx/env.py", line 3437, in _do_compile_exact[32m [repeated 2x across cluster][0m
[36m(CpuApproximationActor pid=1564672)[0m jax.errors.JaxRuntimeError: INTERNAL: Failed to compile Triton kernel. Context: [Fusion: fusion.77 = f32[4096,64,64]{2,1,0} fusion(gemm_fusion_dot, gamma2.1, gemm_fusion_dot_general.49, beta1.1, fusion.119, gamma1.1), kind=kCustom, calls=fused_computation.33, backend_config={"operation_queue_id":"0","fusion_backend_config":{"kind":"__triton","block_level_fusion_config":{"num_warps":"8","output_tiles":[{"sizes":["16","16","64"]}],"num_ctas":1,"num_stages":1,"is_tma_allowed":false,"is_warp_specialization_allowed":false,"waves_per_eu":0}},"force_earliest_schedule":false,"reification_cost":[],"device_type":"DEVICE_TYPE_INVALID"}Computation: fused_computation.33 {[32m [repeated 2x across cluster][0m
[36m(CpuApproximationActor pid=1564672)[0m [SENTINEL-VERBOSE] ==================================================[32m [repeated 4x across cluster][0m
[36m(CpuApproximationActor pid=1564672)[0m   broadcast_in_dim.100.1 = f32[4096,64,64]{2,1,0} broadcast(multiply.22.3), dimensions={0,1}[32m [repeated 236x across cluster][0m
[36m(CpuApproximationActor pid=1564672)[0m   broadcast.12.2 = f32[64,64]{1,0} broadcast(constant_16_3), dimensions={}[32m [repeated 24x across cluster][0m
[36m(CpuApproximationActor pid=1564672)[0m   ROOT add_any.26.1 = f32[4096,64,64]{2,1,0} add(add_any.24.3, broadcast_in_dim.100.1)[32m [repeated 4x across cluster][0m
[36m(CpuApproximationActor pid=1564672)[0m }][32m [repeated 4x across cluster][0m
[36m(CpuApproximationActor pid=1564672)[0m     ...<5 lines>...[32m [repeated 4x across cluster][0m
[36m(CpuApproximationActor pid=1564672)[0m     )[32m [repeated 8x across cluster][0m
[36m(CpuApproximationActor pid=1564672)[0m     ^[32m [repeated 4x across cluster][0m
[36m(CpuApproximationActor pid=1564672)[0m   File "/Users/assmuth/dsnn/.venv/lib/python3.13/site-packages/jax/_src/interpreters/pxla.py", line 1226, in compile[32m [repeated 4x across cluster][0m
[36m(CpuApproximationActor pid=1564672)[0m   File "/Users/assmuth/dsnn/.venv/lib/python3.13/site-packages/jax/_src/compiler.py", line 353, in backend_compile_and_load[32m [repeated 4x across cluster][0m
[36m(CpuApproximationActor pid=1564672)[0m [SENTINEL-VERBOSE] step=112 order_len=112 terminal=True init=False point_idx=-1
[36m(CpuApproximationActor pid=1564672)[0m [SENTINEL-VERBOSE] ORDER (112): [38, 63, 62, 95, 7, 74, 31, 90, 33, 2, 87, 39, 40, 56, 48, 19, 9, 69, 70, 58, 99, 54, 44, 5, 42, 30, 107, 10, 29, 110, 77, 18, 88, 6, 105, 14, 41, 64, 11, 24, 16, 4, 36, 49, 80, 45, 47, 23, 79, 52, 100, 109, 84, 102, 91, 83, 101, 68, 27, 59, 15, 76, 96, 108, 65, 20, 98, 12, 61, 32, 111, 71, 82, 106, 104, 86, 3, 97, 73, 8, 92, 50, 34, 93, 94, 67, 17, 75, 37, 103, 1, 26, 22, 89, 28, 55, 43, 46, 53, 85, 112, 25, 78, 35, 72, 81, 13, 57, 60, 66, 21, 51]
[36m(CpuApproximationActor pid=1564672)[0m [SENTINEL-VERBOSE] MICRO-ACTIONS (per vertex, in elimination order):
[36m(CpuApproximationActor pid=1564672)[0m [SENTINEL-VERBOSE] TRACEBACK:
[36m(CpuApproximationActor pid=1564672)[0m Traceback (most recent call last):
[36m(CpuApproximationActor pid=1564672)[0m   File "/Users/assmuth/dsnn/alphagrad/src/alphagrad/approx/cpu_approx_worker.py", line 257, in evaluate
[36m(CpuApproximationActor pid=1564672)[0m     tokens, eqn_ids, reward = _callback(
[36m(CpuApproximationActor pid=1564672)[0m                               ~~~~~~~~~^
[36m(CpuApproximationActor pid=1564672)[0m         self._config,
[36m(CpuApproximationActor pid=1564672)[0m         ^^^^^^^^^^^^^
[36m(CpuApproximationActor pid=1564672)[0m         point_idx=int(point_idx),
[36m(CpuApproximationActor pid=1564672)[0m         ^^^^^^^^^^^^^^^^^^^^^^^^^
[36m(CpuApproximationActor pid=1564672)[0m   File "/Users/assmuth/dsnn/alphagrad/src/alphagrad/approx/env.py", line 3655, in _callback
[36m(CpuApproximationActor pid=1564672)[0m   File "/Users/assmuth/dsnn/alphagrad/src/alphagrad/approx/env.py", line 286, in _inproc_lru_cached_compile
[36m(CpuApproximationActor pid=1564672)[0m     return _cc(key, compile_fn)
[36m(CpuApproximationActor pid=1564672)[0m   File "/Users/assmuth/dsnn/alphagrad/src/alphagrad/approx/common/compile_cache.py", line 150, in cached_compile
[36m(CpuApproximationActor pid=1564672)[0m     compiled = compile_fn()
[36m(CpuApproximationActor pid=1564672)[0m     return jax.jit(fn, keep_unused=True).lower(*args_for_lower).compile()
[36m(CpuApproximationActor pid=1564672)[0m            ~~~~~~~~~~~~~~~~~~~~~~~~~~~~~~~~~~~~~~~~~~~~~~~~~~~~~~~~~~~~^^
[36m(CpuApproximationActor pid=1564672)[0m     return Compiled(self._lowering.compile(**kw), self._lowering.const_args,
[36m(CpuApproximationActor pid=1564672)[0m                     ~~~~~~~~~~~~~~~~~~~~~~^^^^^^
[36m(CpuApproximationActor pid=1564672)[0m     executable = UnloadedMeshExecutable.from_hlo(
[36m(CpuApproximationActor pid=1564672)[0m         self._name, self._hlo, **self.compile_args,
[36m(CpuApproximationActor pid=1564672)[0m         compiler_options_kvs=compiler_options_kvs,
[36m(CpuApproximationActor pid=1564672)[0m         device_list=compilation_device_list)
[36m(CpuApproximationActor pid=1564672)[0m   File "/Users/assmuth/dsnn/.venv/lib/python3.13/site-packages/jax/_src/interpreters/pxla.py", line 1724, in from_hlo
[36m(CpuApproximationActor pid=1564672)[0m     xla_executable = _cached_compilation(
[36m(CpuApproximationActor pid=1564672)[0m         hlo, name, tuple_args, allow_prop_to_inputs, allow_prop_to_outputs,
[36m(CpuApproximationActor pid=1564672)[0m         tuple(host_callbacks), backend, device_list, compiler_options_kvs,
[36m(CpuApproximationActor pid=1564672)[0m         pgle_profiler)
[36m(CpuApproximationActor pid=1564672)[0m   File "/Users/assmuth/dsnn/.venv/lib/python3.13/site-packages/jax/_src/interpreters/pxla.py", line 1507, in _cached_compilation
[36m(CpuApproximationActor pid=1564672)[0m     xla_executable = compiler.compile_or_get_cached(
[36m(CpuApproximationActor pid=1564672)[0m         backend, computation, dev, compile_options, host_callbacks,
[36m(CpuApproximationActor pid=1564672)[0m         da, pgle_profiler)
[36m(CpuApproximationActor pid=1564672)[0m   File "/Users/assmuth/dsnn/.venv/lib/python3.13/site-packages/jax/_src/compiler.py", line 469, in compile_or_get_cached
[36m(CpuApproximationActor pid=1564672)[0m     return _compile_and_write_cache(
[36m(CpuApproximationActor pid=1564672)[0m         backend,
[36m(CpuApproximationActor pid=1564672)[0m         cache_key,
[36m(CpuApproximationActor pid=1564672)[0m   File "/Users/assmuth/dsnn/.venv/lib/python3.13/site-packages/jax/_src/compiler.py", line 737, in _compile_and_write_cache
[36m(CpuApproximationActor pid=1564672)[0m     executable = backend_compile_and_load(
[36m(CpuApproximationActor pid=1564672)[0m         backend, computation, executable_devices, compile_options, host_callbacks
[36m(CpuApproximationActor pid=1564672)[0m   File "/Users/assmuth/dsnn/.venv/lib/python3.13/site-packages/jax/_src/profiler.py", line 384, in wrapper
[36m(CpuApproximationActor pid=1564672)[0m     return func(*args, **kwargs)
[36m(CpuApproximationActor pid=1564672)[0m     raise e
[36m(CpuApproximationActor pid=1564672)[0m     return backend.compile_and_load(
[36m(CpuApproximationActor pid=1564672)[0m            ~~~~~~~~~~~~~~~~~~~~~~~~^
[36m(CpuApproximationActor pid=1564672)[0m         module,
[36m(CpuApproximationActor pid=1564672)[0m         ^^^^^^^
[36m(CpuApproximationActor pid=1564672)[0m         executable_devices=executable_devices,
[36m(CpuApproximationActor pid=1564672)[0m         ^^^^^^^^^^^^^^^^^^^^^^^^^^^^^^^^^^^^^^
[36m(CpuApproximationActor pid=1564672)[0m         compile_options=options,
[36m(CpuApproximationActor pid=1564672)[0m         ^^^^^^^^^^^^^^^^^^^^^^^^
[36m(PPOActor pid=1564671)[0m [per-face] builds=16000 applied=0 skipped=0 applied_frac=0.000
[36m(PPOActor pid=1564671)[0m [per-face] builds=16200 applied=0 skipped=0 applied_frac=0.000
[36m(PPOActor pid=1564671)[0m [ppo_ray] 4/448 failed/sentinel transitions this episode (pool timeout / mem-gate / shape-storm); zeroing raw rewards, forcing dones.
[36m(PPOActor pid=1564671)[0m [ppo_ray][popart] ep=0 ev=-2740673.167 adv(mean/std/absmax)=+0.026/0.192/0.390 latency_ns: mu=+0 sig=1 peak_memory: mu=+0 sig=1 frob_residual: mu=+0 sig=1
[36m(PPOActor pid=1564671)[0m W0723 15:22:00.048658 1564671 hlo_rematerialization.cc:3233] Can't reduce memory use below 17.83GiB (19144916043 bytes) by rematerialization; only reduced to 88.44GiB (94961809553 bytes), down from 108.61GiB (116616989461 bytes) originally
[36m(PPOActor pid=1564671)[0m E0723 15:22:19.147718 1564671 cuda_executor.cc:1210] [0] Failed to allocate device memory: INTERNAL: [0] Failed to allocate 88.38GiB (94903032368 bytes) of device memory: : CUDA_ERROR_OUT_OF_MEMORY: out of memory
Traceback (most recent call last):
  File "/Users/assmuth/dsnn/alphagrad/src/alphagrad/approx/ppo_ray.py", line 776, in <module>
    sys.exit(main())
             ~~~~^^
  File "/Users/assmuth/dsnn/alphagrad/src/alphagrad/approx/ppo_ray.py", line 770, in main
    rc = _run(args)
  File "/Users/assmuth/dsnn/alphagrad/src/alphagrad/approx/ppo_ray.py", line 561, in _run
    stats = ray.get(actor.run_rollout_and_train.remote(seed_counter))
  File "/Users/assmuth/dsnn/.venv/lib/python3.13/site-packages/ray/_private/auto_init_hook.py", line 22, in auto_init_wrapper
    return fn(*args, **kwargs)
  File "/Users/assmuth/dsnn/.venv/lib/python3.13/site-packages/ray/_private/client_mode_hook.py", line 107, in wrapper
    return func(*args, **kwargs)
  File "/Users/assmuth/dsnn/.venv/lib/python3.13/site-packages/ray/_private/worker.py", line 2980, in get
    values, debugger_breakpoint = worker.get_objects(
                                  ~~~~~~~~~~~~~~~~~~^
        object_refs, timeout, use_object_store=_use_object_store
        ^^^^^^^^^^^^^^^^^^^^^^^^^^^^^^^^^^^^^^^^^^^^^^^^^^^^^^^^
    )
    ^
  File "/Users/assmuth/dsnn/.venv/lib/python3.13/site-packages/ray/_private/worker.py", line 1023, in get_objects
    raise value.as_instanceof_cause()
ray.exceptions.RayTaskError(JaxRuntimeError): [36mray::PPOActor.run_rollout_and_train()[39m (pid=1564671, ip=192.168.15.10, actor_id=67ebff8cb5a51cdcc734da3401000000, repr=<alphagrad.approx.ppo_ray_actors.PPOActor object at 0x76f5593c1550>)
  File "/Users/assmuth/dsnn/alphagrad/src/alphagrad/approx/ppo_ray_actors.py", line 71, in run_rollout_and_train
    return self._impl.run_rollout_and_train(int(rng_seed))
           ~~~~~~~~~~~~~~~~~~~~~~~~~~~~~~~~^^^^^^^^^^^^^^^
  File "/Users/assmuth/dsnn/alphagrad/src/alphagrad/approx/ppo_ray_worker.py", line 3186, in run_rollout_and_train
    agent, opt_state, aux = self._update_step(
                            ~~~~~~~~~~~~~~~~~^
        agent, opt_state, batch,
        ^^^^^^^^^^^^^^^^^^^^^^^^
    ...<2 lines>...
        _ent_coef_j,
        ^^^^^^^^^^^^
    )
    ^
  File "/Users/assmuth/dsnn/.venv/lib/python3.13/site-packages/equinox/_jit.py", line 209, in __call__
    return _call(self, False, args, kwargs)
  File "/Users/assmuth/dsnn/.venv/lib/python3.13/site-packages/equinox/_jit.py", line 271, in _call
    marker.block_until_ready()
    ~~~~~~~~~~~~~~~~~~~~~~~~^^
jax.errors.JaxRuntimeError: RESOURCE_EXHAUSTED: Failed to allocate request for 88.38GiB (94903032368B) on device ordinal 0 [executable_name='jit_update_step']
Traceback (most recent call last):
  File "/Users/assmuth/dsnn/alphagrad/src/alphagrad/approx/ppo_ray.py", line 776, in <module>
    sys.exit(main())
             ~~~~^^
  File "/Users/assmuth/dsnn/alphagrad/src/alphagrad/approx/ppo_ray.py", line 770, in main
    rc = _run(args)
  File "/Users/assmuth/dsnn/alphagrad/src/alphagrad/approx/ppo_ray.py", line 561, in _run
    stats = ray.get(actor.run_rollout_and_train.remote(seed_counter))
  File "/Users/assmuth/dsnn/.venv/lib/python3.13/site-packages/ray/_private/auto_init_hook.py", line 22, in auto_init_wrapper
    return fn(*args, **kwargs)
  File "/Users/assmuth/dsnn/.venv/lib/python3.13/site-packages/ray/_private/client_mode_hook.py", line 107, in wrapper
    return func(*args, **kwargs)
  File "/Users/assmuth/dsnn/.venv/lib/python3.13/site-packages/ray/_private/worker.py", line 2980, in get
    values, debugger_breakpoint = worker.get_objects(
                                  ~~~~~~~~~~~~~~~~~~^
        object_refs, timeout, use_object_store=_use_object_store
        ^^^^^^^^^^^^^^^^^^^^^^^^^^^^^^^^^^^^^^^^^^^^^^^^^^^^^^^^
    )
    ^
  File "/Users/assmuth/dsnn/.venv/lib/python3.13/site-packages/ray/_private/worker.py", line 1023, in get_objects
    raise value.as_instanceof_cause()
ray.exceptions.RayTaskError(JaxRuntimeError): [36mray::PPOActor.run_rollout_and_train()[39m (pid=1564671, ip=192.168.15.10, actor_id=67ebff8cb5a51cdcc734da3401000000, repr=<alphagrad.approx.ppo_ray_actors.PPOActor object at 0x76f5593c1550>)
  File "/Users/assmuth/dsnn/alphagrad/src/alphagrad/approx/ppo_ray_actors.py", line 71, in run_rollout_and_train
    return self._impl.run_rollout_and_train(int(rng_seed))
           ~~~~~~~~~~~~~~~~~~~~~~~~~~~~~~~~^^^^^^^^^^^^^^^
  File "/Users/assmuth/dsnn/alphagrad/src/alphagrad/approx/ppo_ray_worker.py", line 3186, in run_rollout_and_train
    agent, opt_state, aux = self._update_step(
                            ~~~~~~~~~~~~~~~~~^
        agent, opt_state, batch,
        ^^^^^^^^^^^^^^^^^^^^^^^^
    ...<2 lines>...
        _ent_coef_j,
        ^^^^^^^^^^^^
    )
    ^
  File "/Users/assmuth/dsnn/.venv/lib/python3.13/site-packages/equinox/_jit.py", line 209, in __call__
    return _call(self, False, args, kwargs)
  File "/Users/assmuth/dsnn/.venv/lib/python3.13/site-packages/equinox/_jit.py", line 271, in _call
    marker.block_until_ready()
    ~~~~~~~~~~~~~~~~~~~~~~~~^^
jax.errors.JaxRuntimeError: RESOURCE_EXHAUSTED: Failed to allocate request for 88.38GiB (94903032368B) on device ordinal 0 [executable_name='jit_update_step']
[1;34mwandb[0m: 
[1;34mwandb[0m: 🚀 View run [33mexact_encdec_lat_mem[0m at: [34mhttps://wandb.ai/dll-streetview/dsnn-vertex/runs/g6vle6jw[0m
[1;34mwandb[0m: Find logs at: [1;35mwandb/run-20260723_151323-g6vle6jw/logs[0m
=== PHASE lat_mem RC=1 Thu Jul 23 03:22:59 PM UTC 2026 ===
[log_to_csv] campaign_exp/exact_encdec_lat_mem/run.log -> campaign_exp/exact_encdec_lat_mem/metrics.csv: 0 rows (of 1 episodes, warmup=50, drop_zeros=True), 1 columns
=== PHASE flops START Thu Jul 23 03:22:59 PM UTC 2026 ===
2026-07-23 15:23:02,586	INFO worker.py:2012 -- Started a local Ray instance.
/Users/assmuth/dsnn/.venv/lib/python3.13/site-packages/ray/_private/worker.py:2051: FutureWarning: Tip: In future versions of Ray, Ray will no longer override accelerator visible devices env var if num_gpus=0 or num_gpus=None (default). To enable this behavior and turn off this error message, set RAY_ACCEL_ENV_VAR_OVERRIDE_ON_ZERO=0
  warnings.warn(
wandb: Loading settings from /Users/assmuth/.config/wandb/settings
wandb: [wandb.login()] Loaded credentials for https://api.wandb.ai from /Users/assmuth/.netrc.
wandb: Currently logged in as: florian-assmuth (dll-streetview) to https://api.wandb.ai. Use `wandb login --relogin` to force relogin
wandb: WARNING Using a boolean value for 'reinit' is deprecated. Use 'return_previous' or 'finish_previous' instead.
wandb: setting up run l0tz2oax
wandb: Tracking run with wandb version 0.25.0
wandb: Run data is saved locally in /Users/assmuth/dsnn/alphagrad/wandb/run-20260723_152303-l0tz2oax
wandb: Run `wandb offline` to turn off syncing.
wandb: Syncing run exact_encdec_flops
wandb: ⭐️ View project at https://wandb.ai/dll-streetview/dsnn-vertex
wandb: 🚀 View run at https://wandb.ai/dll-streetview/dsnn-vertex/runs/l0tz2oax
[33m(raylet)[0m It looks like you're creating a detached actor in an anonymous namespace. In order to access this actor in the future, you will need to explicitly connect to this namespace with ray.init(namespace="3b5eeb0c-b0d7-4fa3-a433-9a1e4179106d", ...)
[36m(CpuApproximationActor pid=1574092)[0m W0723 15:23:10.238444 1574092 text_format.cc:393] Warning parsing text-format xla.TritonGemmConfigsProto: 15:53 (N = 1): text format contains deprecated field "split_k"
[36m(CpuApproximationActor pid=1574092)[0m W0723 15:23:10.238472 1574092 text_format.cc:393] Warning parsing text-format xla.TritonGemmConfigsProto: 16:53 (N = 2): text format contains deprecated field "split_k"
[36m(CpuApproximationActor pid=1574092)[0m W0723 15:23:10.238480 1574092 text_format.cc:393] Warning parsing text-format xla.TritonGemmConfigsProto: 18:53 (N = 4): text format contains deprecated field "split_k"
[36m(CpuApproximationActor pid=1574092)[0m W0723 15:23:10.238489 1574092 text_format.cc:393] Warning parsing text-format xla.TritonGemmConfigsProto: 22:53 (N = 8): text format contains deprecated field "split_k"
[36m(CpuApproximationActor pid=1574092)[0m W0723 15:23:10.238503 1574092 text_format.cc:393] Warning parsing text-format xla.TritonGemmConfigsProto: 30:53 (N = 16): text format contains deprecated field "split_k"
[36m(CpuApproximationActor pid=1574092)[0m W0723 15:23:10.238533 1574092 text_format.cc:393] Warning parsing text-format xla.TritonGemmConfigsProto: 16:52 (N = 32): text format contains deprecated field "split_k"
[36m(CpuApproximationActor pid=1574092)[0m W0723 15:23:10.238616 1574092 text_format.cc:393] Warning parsing text-format xla.TritonGemmConfigsProto: 48:53 (N = 64): text format contains deprecated field "split_k"
[36m(CpuApproximationActor pid=1574092)[0m W0723 15:23:10.238720 1574092 text_format.cc:393] Warning parsing text-format xla.TritonGemmConfigsProto: 78:53 (N = 128): text format contains deprecated field "split_k"
[36m(CpuApproximationActor pid=1574092)[0m W0723 15:23:10.238906 1574092 text_format.cc:393] Warning parsing text-format xla.TritonGemmConfigsProto: 36:55 (N = 256): text format contains deprecated field "split_k"
[36m(PPOActor pid=1574090)[0m W0723 15:23:10.626503 1574090 text_format.cc:393] Warning parsing text-format xla.AutotuneResult: 5:10 (N = 1): text format contains deprecated field "split_k"
[36m(PPOActor pid=1574090)[0m [ppo_ray] ADDITIVE failed/sentinel penalty = -2.0 (bounded-negative, INCLUDED in advantage+loss -- replaces the failed-row mask; failed rows are repulsive, never a zero-gradient no-op).
[36m(PPOActor pid=1574090)[0m [ppo_ray] V2 anti-hack: failed_adv_stamp=1.0 (post-z-score advantage overwrite on failed rows), cost_symlog_cap=0.0 (symlog'd cost channels clipped to +/-cap).
[36m(PPOActor pid=1574090)[0m [ppo_ray] PopArt value norm ON: beta=0.01 sigma_min(base=0.1, quality[6,9]=0.2) sigma_max=1e+12 robust_std=True (winsor k=5.0) — replaces the rollout advantage z-score; under pure-PopArt advantage a failed row is truly-neutral (A==0), no constant stamp.
[36m(PPOActor pid=1574090)[0m [ppo_ray] DYNAMIC SENTINEL ON: failed/sentinel terminals get per-channel mu_c - 2.0*sigma_c (EMA beta=0.01) instead of -1e10. The additive failed_penalty stamp AND the post-z-score failed_adv_stamp are DISABLED (dynamic value supersedes them); failed_transitions logging + PopArt exclusion unchanged.
[36m(PPOActor pid=1574090)[0m [ppo_ray] RAW COSSIM THREAD ON: env emits full-range cosine_sim in idx6; worker applies guide cap=None into the GAE buffer only, logs reward/cosine_sim_raw from the uncapped value.
[33m(raylet)[0m It looks like you're creating a detached actor in an anonymous namespace. In order to access this actor in the future, you will need to explicitly connect to this namespace with ray.init(namespace="3b5eeb0c-b0d7-4fa3-a433-9a1e4179106d", ...)
[36m(CpuApproximationActor pid=1574092)[0m [cpu_approx_worker pid=1574092] env: ALPHAGRAD_EXACT_ONLY=1 ALPHAGRAD_EXAMPLE_WIDTH=64 ALPHAGRAD_FACE_TRANSFORMS=0 ALPHAGRAD_MEASURE_VIA_AOJ=0 ALPHAGRAD_PER_FACE_MVP=0 ALPHAGRAD_POLICY=palimpsa JAX_COMPILATION_CACHE_DIR=/tmp/dsnn-jax-cache-55198-pgi15-gpu10
[36m(CpuApproximationActor pid=1574092)[0m [measure-actor 1] host=pgi15-gpu10.iff.kfa-juelich.de CUDA_VISIBLE_DEVICES=2 jax_devices=[CudaDevice(id=0)]
[36m(PPOActor pid=1574090)[0m [ppo_ray_worker] POLICY V2 ACTIVE: MicroPPOAgent = PALIMPSA backbone + PointerVertexPolicy + MicroActionPolicy(max_substeps=1) + separate value pool; factor tables up to axis size 64 (observed max 64).
[36m(PPOActor pid=1574090)[0m [ppo_ray_worker] V2 policy heads scaled by 0.1 (near-uniform initial policy).
[36m(CpuApproximationActor pid=1574093)[0m [cpu_approx_worker pid=1574093] env: ALPHAGRAD_EXACT_ONLY=1 ALPHAGRAD_EXAMPLE_WIDTH=64 ALPHAGRAD_FACE_TRANSFORMS=0 ALPHAGRAD_MEASURE_VIA_AOJ=0 ALPHAGRAD_PER_FACE_MVP=0 ALPHAGRAD_POLICY=palimpsa JAX_COMPILATION_CACHE_DIR=/tmp/dsnn-jax-cache-55198-pgi15-gpu10[32m [repeated 2x across cluster] (Ray deduplicates logs by default. Set RAY_DEDUP_LOGS=0 to disable log deduplication, or see https://docs.ray.io/en/master/ray-observability/user-guides/configure-logging.html#log-deduplication for more options.)[0m
[36m(CpuApproximationActor pid=1574093)[0m [measure-actor 2] host=pgi15-gpu10.iff.kfa-juelich.de CUDA_VISIBLE_DEVICES=3 jax_devices=[CudaDevice(id=0)][32m [repeated 2x across cluster][0m
  actors spawned + JIT-warm in 27.3s
ppo_ray:   0%|                                                                                                                                             | 0/1000 [00:00<?, ?it/s][36m(PPOActor pid=1574090)[0m W0723 15:23:30.200022 1574090 text_format.cc:393] Warning parsing text-format xla.AutotuneResult: 5:10 (N = 2): text format contains deprecated field "split_k"
[36m(PPOActor pid=1574090)[0m W0723 15:23:30.200097 1574090 text_format.cc:393] Warning parsing text-format xla.AutotuneResult: 5:10 (N = 4): text format contains deprecated field "split_k"
[36m(PPOActor pid=1574090)[0m W0723 15:23:30.200175 1574090 text_format.cc:393] Warning parsing text-format xla.AutotuneResult: 5:10 (N = 8): text format contains deprecated field "split_k"
[36m(PPOActor pid=1574090)[0m W0723 15:23:30.200318 1574090 text_format.cc:393] Warning parsing text-format xla.AutotuneResult: 5:10 (N = 16): text format contains deprecated field "split_k"
[36m(CpuApproximationActor pid=1574091)[0m W0723 15:23:10.361433 1574091 text_format.cc:393] Warning parsing text-format xla.TritonGemmConfigsProto: 36:55 (N = 256): text format contains deprecated field "split_k"[32m [repeated 18x across cluster][0m
[36m(PPOActor pid=1574090)[0m [per-face] builds=200 applied=0 skipped=0 applied_frac=0.000
[36m(CpuApproximationActor pid=1574091)[0m [per-face] builds=200 applied=0 skipped=0 applied_frac=0.000
[36m(PPOActor pid=1574090)[0m [per-face] builds=400 applied=0 skipped=0 applied_frac=0.000
[36m(PPOActor pid=1574090)[0m [per-face] builds=600 applied=0 skipped=0 applied_frac=0.000
[36m(CpuApproximationActor pid=1574092)[0m /Users/assmuth/dsnn/graphax/src/graphax/jaxpr.py:779: UserWarning: jaxpr tokenizer: uncaptured value rendered as '?': 'jit'
[36m(CpuApproximationActor pid=1574092)[0m   warnings.warn(
[36m(CpuApproximationActor pid=1574092)[0m /Users/assmuth/dsnn/graphax/src/graphax/jaxpr.py:779: UserWarning: jaxpr tokenizer: uncaptured value rendered as '?': 'compiler_options_kvs'
[36m(CpuApproximationActor pid=1574092)[0m   warnings.warn(
[36m(CpuApproximationActor pid=1574092)[0m /Users/assmuth/dsnn/graphax/src/graphax/jaxpr.py:779: UserWarning: jaxpr tokenizer: uncaptured value rendered as '?': 'donated_invars'
[36m(CpuApproximationActor pid=1574092)[0m   warnings.warn(
[36m(CpuApproximationActor pid=1574092)[0m /Users/assmuth/dsnn/graphax/src/graphax/jaxpr.py:779: UserWarning: jaxpr tokenizer: uncaptured value rendered as '?': 'in_layouts'
[36m(CpuApproximationActor pid=1574092)[0m   warnings.warn(
[36m(CpuApproximationActor pid=1574092)[0m /Users/assmuth/dsnn/graphax/src/graphax/jaxpr.py:779: UserWarning: jaxpr tokenizer: uncaptured value rendered as '?': 'None'
[36m(CpuApproximationActor pid=1574092)[0m   warnings.warn(
[36m(CpuApproximationActor pid=1574092)[0m /Users/assmuth/dsnn/graphax/src/graphax/jaxpr.py:779: UserWarning: jaxpr tokenizer: uncaptured value rendered as '?': 'in_shardings'
[36m(CpuApproximationActor pid=1574092)[0m   warnings.warn(
[36m(CpuApproximationActor pid=1574092)[0m /Users/assmuth/dsnn/graphax/src/graphax/jaxpr.py:779: UserWarning: jaxpr tokenizer: uncaptured value rendered as '?': 'UnspecifiedValue'
[36m(CpuApproximationActor pid=1574092)[0m   warnings.warn(
[36m(CpuApproximationActor pid=1574092)[0m /Users/assmuth/dsnn/graphax/src/graphax/jaxpr.py:779: UserWarning: jaxpr tokenizer: uncaptured value rendered as '?': 'inline'
[36m(CpuApproximationActor pid=1574092)[0m   warnings.warn(
[36m(CpuApproximationActor pid=1574092)[0m /Users/assmuth/dsnn/graphax/src/graphax/jaxpr.py:779: UserWarning: jaxpr tokenizer: uncaptured value rendered as '?': 'keep_unused'
[36m(CpuApproximationActor pid=1574092)[0m   warnings.warn(
[36m(CpuApproximationActor pid=1574092)[0m /Users/assmuth/dsnn/graphax/src/graphax/jaxpr.py:779: UserWarning: jaxpr tokenizer: uncaptured value rendered as '?': 'name'
[36m(CpuApproximationActor pid=1574092)[0m   warnings.warn(
[36m(CpuApproximationActor pid=1574092)[0m /Users/assmuth/dsnn/graphax/src/graphax/jaxpr.py:779: UserWarning: jaxpr tokenizer: uncaptured value rendered as '?': '_where'
[36m(CpuApproximationActor pid=1574092)[0m   warnings.warn(
[36m(CpuApproximationActor pid=1574092)[0m /Users/assmuth/dsnn/graphax/src/graphax/jaxpr.py:779: UserWarning: jaxpr tokenizer: uncaptured value rendered as '?': 'out_layouts'
[36m(CpuApproximationActor pid=1574092)[0m   warnings.warn(
[36m(CpuApproximationActor pid=1574092)[0m /Users/assmuth/dsnn/graphax/src/graphax/jaxpr.py:779: UserWarning: jaxpr tokenizer: uncaptured value rendered as '?': 'out_shardings'
[36m(CpuApproximationActor pid=1574092)[0m   warnings.warn(
[36m(CpuApproximationActor pid=1574092)[0m [per-face] builds=200 applied=0 skipped=0 applied_frac=0.000
[36m(CpuApproximationActor pid=1574092)[0m /Users/assmuth/dsnn/alphagrad/src/alphagrad/approx/env.py:3127: UserWarning: [alphagrad.approx.env] jaxpr tokenization truncated: raw_len=16573 > MAX_TOKENS=16384 (overflow=189). The policy will see a clipped observation for this step. Subsequent truncations are silent but counted (see ``tokenization/{truncated_count, overflow_sum_this_ep}`` in the wandb log).
[36m(CpuApproximationActor pid=1574092)[0m   _record_tokenization_truncation(int(raw_tokens.shape[0]))
[36m(CpuApproximationActor pid=1574091)[0m /Users/assmuth/dsnn/graphax/src/graphax/jaxpr.py:779: UserWarning: jaxpr tokenizer: uncaptured value rendered as '?': 'jit'
[36m(CpuApproximationActor pid=1574091)[0m   warnings.warn([32m [repeated 13x across cluster][0m
[36m(CpuApproximationActor pid=1574091)[0m /Users/assmuth/dsnn/graphax/src/graphax/jaxpr.py:779: UserWarning: jaxpr tokenizer: uncaptured value rendered as '?': 'compiler_options_kvs'
[36m(CpuApproximationActor pid=1574091)[0m /Users/assmuth/dsnn/graphax/src/graphax/jaxpr.py:779: UserWarning: jaxpr tokenizer: uncaptured value rendered as '?': 'donated_invars'
[36m(CpuApproximationActor pid=1574091)[0m /Users/assmuth/dsnn/graphax/src/graphax/jaxpr.py:779: UserWarning: jaxpr tokenizer: uncaptured value rendered as '?': 'in_layouts'
[36m(CpuApproximationActor pid=1574091)[0m /Users/assmuth/dsnn/graphax/src/graphax/jaxpr.py:779: UserWarning: jaxpr tokenizer: uncaptured value rendered as '?': 'None'
[36m(CpuApproximationActor pid=1574091)[0m /Users/assmuth/dsnn/graphax/src/graphax/jaxpr.py:779: UserWarning: jaxpr tokenizer: uncaptured value rendered as '?': 'in_shardings'
[36m(CpuApproximationActor pid=1574091)[0m /Users/assmuth/dsnn/graphax/src/graphax/jaxpr.py:779: UserWarning: jaxpr tokenizer: uncaptured value rendered as '?': 'UnspecifiedValue'
[36m(CpuApproximationActor pid=1574091)[0m /Users/assmuth/dsnn/graphax/src/graphax/jaxpr.py:779: UserWarning: jaxpr tokenizer: uncaptured value rendered as '?': 'inline'
[36m(CpuApproximationActor pid=1574091)[0m /Users/assmuth/dsnn/graphax/src/graphax/jaxpr.py:779: UserWarning: jaxpr tokenizer: uncaptured value rendered as '?': 'keep_unused'
[36m(CpuApproximationActor pid=1574091)[0m /Users/assmuth/dsnn/graphax/src/graphax/jaxpr.py:779: UserWarning: jaxpr tokenizer: uncaptured value rendered as '?': 'name'
[36m(CpuApproximationActor pid=1574091)[0m /Users/assmuth/dsnn/graphax/src/graphax/jaxpr.py:779: UserWarning: jaxpr tokenizer: uncaptured value rendered as '?': '_where'
[36m(CpuApproximationActor pid=1574091)[0m /Users/assmuth/dsnn/graphax/src/graphax/jaxpr.py:779: UserWarning: jaxpr tokenizer: uncaptured value rendered as '?': 'out_layouts'
[36m(CpuApproximationActor pid=1574091)[0m /Users/assmuth/dsnn/graphax/src/graphax/jaxpr.py:779: UserWarning: jaxpr tokenizer: uncaptured value rendered as '?': 'out_shardings'
[36m(CpuApproximationActor pid=1574091)[0m [per-face] builds=600 applied=0 skipped=0 applied_frac=0.000[32m [repeated 5x across cluster][0m
[36m(CpuApproximationActor pid=1574093)[0m   _record_tokenization_truncation(int(raw_tokens.shape[0]))
[36m(CpuApproximationActor pid=1574093)[0m /Users/assmuth/dsnn/alphagrad/src/alphagrad/approx/env.py:3127: UserWarning: [alphagrad.approx.env] jaxpr tokenization truncated: raw_len=16489 > MAX_TOKENS=16384 (overflow=105). The policy will see a clipped observation for this step. Subsequent truncations are silent but counted (see ``tokenization/{truncated_count, overflow_sum_this_ep}`` in the wandb log).
[36m(CpuApproximationActor pid=1574091)[0m /Users/assmuth/dsnn/alphagrad/src/alphagrad/approx/env.py:3127: UserWarning: [alphagrad.approx.env] jaxpr tokenization truncated: raw_len=16437 > MAX_TOKENS=16384 (overflow=53). The policy will see a clipped observation for this step. Subsequent truncations are silent but counted (see ``tokenization/{truncated_count, overflow_sum_this_ep}`` in the wandb log).
[36m(CpuApproximationActor pid=1574091)[0m   _record_tokenization_truncation(int(raw_tokens.shape[0]))
[36m(CpuApproximationActor pid=1574093)[0m /Users/assmuth/dsnn/graphax/src/graphax/jaxpr.py:779: UserWarning: jaxpr tokenizer: uncaptured value rendered as '?': 'jit'
[36m(CpuApproximationActor pid=1574093)[0m   warnings.warn(
[36m(CpuApproximationActor pid=1574093)[0m /Users/assmuth/dsnn/graphax/src/graphax/jaxpr.py:779: UserWarning: jaxpr tokenizer: uncaptured value rendered as '?': 'compiler_options_kvs'
[36m(CpuApproximationActor pid=1574093)[0m   warnings.warn(
[36m(CpuApproximationActor pid=1574093)[0m /Users/assmuth/dsnn/graphax/src/graphax/jaxpr.py:779: UserWarning: jaxpr tokenizer: uncaptured value rendered as '?': 'donated_invars'
[36m(CpuApproximationActor pid=1574093)[0m   warnings.warn(
[36m(CpuApproximationActor pid=1574093)[0m /Users/assmuth/dsnn/graphax/src/graphax/jaxpr.py:779: UserWarning: jaxpr tokenizer: uncaptured value rendered as '?': 'in_layouts'
[36m(CpuApproximationActor pid=1574093)[0m   warnings.warn(
[36m(CpuApproximationActor pid=1574093)[0m /Users/assmuth/dsnn/graphax/src/graphax/jaxpr.py:779: UserWarning: jaxpr tokenizer: uncaptured value rendered as '?': 'None'
[36m(CpuApproximationActor pid=1574093)[0m   warnings.warn(
[36m(CpuApproximationActor pid=1574093)[0m /Users/assmuth/dsnn/graphax/src/graphax/jaxpr.py:779: UserWarning: jaxpr tokenizer: uncaptured value rendered as '?': 'in_shardings'
[36m(CpuApproximationActor pid=1574093)[0m   warnings.warn(
[36m(CpuApproximationActor pid=1574093)[0m /Users/assmuth/dsnn/graphax/src/graphax/jaxpr.py:779: UserWarning: jaxpr tokenizer: uncaptured value rendered as '?': 'UnspecifiedValue'
[36m(CpuApproximationActor pid=1574093)[0m   warnings.warn(
[36m(CpuApproximationActor pid=1574093)[0m /Users/assmuth/dsnn/graphax/src/graphax/jaxpr.py:779: UserWarning: jaxpr tokenizer: uncaptured value rendered as '?': 'inline'
[36m(CpuApproximationActor pid=1574093)[0m   warnings.warn(
[36m(CpuApproximationActor pid=1574093)[0m /Users/assmuth/dsnn/graphax/src/graphax/jaxpr.py:779: UserWarning: jaxpr tokenizer: uncaptured value rendered as '?': 'keep_unused'
[36m(CpuApproximationActor pid=1574093)[0m   warnings.warn(
[36m(CpuApproximationActor pid=1574093)[0m /Users/assmuth/dsnn/graphax/src/graphax/jaxpr.py:779: UserWarning: jaxpr tokenizer: uncaptured value rendered as '?': 'name'
[36m(CpuApproximationActor pid=1574093)[0m   warnings.warn(
[36m(CpuApproximationActor pid=1574093)[0m /Users/assmuth/dsnn/graphax/src/graphax/jaxpr.py:779: UserWarning: jaxpr tokenizer: uncaptured value rendered as '?': '_where'
[36m(CpuApproximationActor pid=1574093)[0m   warnings.warn(
[36m(CpuApproximationActor pid=1574093)[0m /Users/assmuth/dsnn/graphax/src/graphax/jaxpr.py:779: UserWarning: jaxpr tokenizer: uncaptured value rendered as '?': 'out_layouts'
[36m(CpuApproximationActor pid=1574093)[0m   warnings.warn(
[36m(CpuApproximationActor pid=1574093)[0m /Users/assmuth/dsnn/graphax/src/graphax/jaxpr.py:779: UserWarning: jaxpr tokenizer: uncaptured value rendered as '?': 'out_shardings'
[36m(CpuApproximationActor pid=1574093)[0m   warnings.warn(
[36m(CpuApproximationActor pid=1574092)[0m [per-face] builds=400 applied=0 skipped=0 applied_frac=0.000[32m [repeated 3x across cluster][0m
[36m(CpuApproximationActor pid=1574091)[0m [per-face] builds=1000 applied=0 skipped=0 applied_frac=0.000[32m [repeated 5x across cluster][0m
[36m(CpuApproximationActor pid=1574091)[0m [per-face] builds=1200 applied=0 skipped=0 applied_frac=0.000[32m [repeated 5x across cluster][0m
[36m(CpuApproximationActor pid=1574091)[0m [per-face] builds=1400 applied=0 skipped=0 applied_frac=0.000[32m [repeated 4x across cluster][0m
[36m(CpuApproximationActor pid=1574091)[0m [per-face] builds=1600 applied=0 skipped=0 applied_frac=0.000[32m [repeated 5x across cluster][0m
[36m(CpuApproximationActor pid=1574091)[0m [per-face] builds=1800 applied=0 skipped=0 applied_frac=0.000[32m [repeated 2x across cluster][0m
[36m(CpuApproximationActor pid=1574091)[0m [per-face] builds=2000 applied=0 skipped=0 applied_frac=0.000[32m [repeated 6x across cluster][0m
[36m(CpuApproximationActor pid=1574091)[0m [per-face] builds=2200 applied=0 skipped=0 applied_frac=0.000[32m [repeated 3x across cluster][0m
[36m(CpuApproximationActor pid=1574091)[0m [per-face] builds=2400 applied=0 skipped=0 applied_frac=0.000[32m [repeated 5x across cluster][0m
[36m(CpuApproximationActor pid=1574093)[0m [per-face] builds=1400 applied=0 skipped=0 applied_frac=0.000[32m [repeated 5x across cluster][0m
[36m(PPOActor pid=1574090)[0m [per-face] builds=6000 applied=0 skipped=0 applied_frac=0.000[32m [repeated 5x across cluster][0m
[36m(CpuApproximationActor pid=1574091)[0m [per-face] builds=3200 applied=0 skipped=0 applied_frac=0.000[32m [repeated 6x across cluster][0m
[36m(CpuApproximationActor pid=1574093)[0m [per-face] builds=1800 applied=0 skipped=0 applied_frac=0.000[32m [repeated 6x across cluster][0m
[36m(CpuApproximationActor pid=1574092)[0m [per-face] builds=2000 applied=0 skipped=0 applied_frac=0.000[32m [repeated 4x across cluster][0m
[36m(PPOActor pid=1574090)[0m [per-face] builds=8200 applied=0 skipped=0 applied_frac=0.000[32m [repeated 7x across cluster][0m
[36m(CpuApproximationActor pid=1574091)[0m [per-face] builds=4400 applied=0 skipped=0 applied_frac=0.000[32m [repeated 7x across cluster][0m
[36m(PPOActor pid=1574090)[0m [per-face] builds=9600 applied=0 skipped=0 applied_frac=0.000[32m [repeated 7x across cluster][0m
[36m(CpuApproximationActor pid=1574091)[0m [per-face] builds=5000 applied=0 skipped=0 applied_frac=0.000[32m [repeated 5x across cluster][0m
[36m(CpuApproximationActor pid=1574093)[0m [per-face] builds=2800 applied=0 skipped=0 applied_frac=0.000[32m [repeated 8x across cluster][0m
[36m(PPOActor pid=1574090)[0m [per-face] builds=11400 applied=0 skipped=0 applied_frac=0.000[32m [repeated 5x across cluster][0m
[36m(PPOActor pid=1574090)[0m [per-face] builds=12000 applied=0 skipped=0 applied_frac=0.000[32m [repeated 6x across cluster][0m
[36m(CpuApproximationActor pid=1574091)[0m [per-face] builds=6200 applied=0 skipped=0 applied_frac=0.000[32m [repeated 7x across cluster][0m
[36m(PPOActor pid=1574090)[0m [per-face] builds=13200 applied=0 skipped=0 applied_frac=0.000[32m [repeated 6x across cluster][0m
[36m(PPOActor pid=1574090)[0m [per-face] builds=14000 applied=0 skipped=0 applied_frac=0.000[32m [repeated 8x across cluster][0m
[36m(PPOActor pid=1574090)[0m [per-face] builds=15000 applied=0 skipped=0 applied_frac=0.000[32m [repeated 9x across cluster][0m
[36m(PPOActor pid=1574090)[0m [per-face] builds=15800 applied=0 skipped=0 applied_frac=0.000[32m [repeated 8x across cluster][0m
[36m(CpuApproximationActor pid=1574092)[0m loc("add_any.26.1"): error: 'arith.subf' op requires the same type for all operands and results
[36m(CpuApproximationActor pid=1574092)[0m [SENTINEL] measure-exception step=112 order_len=112 terminal=True: JaxRuntimeError: INTERNAL: Failed to compile Triton kernel. Context: [Fusion: fusion.77 = f32[4096,64,64]{2,1,0} fusion(gemm_fusion_dot, gamma2.1, gemm_fusion_dot_general.49, beta1.1, fusion.119, g
[36m(CpuApproximationActor pid=1574092)[0m [SENTINEL-VERBOSE] ==================================================
[36m(CpuApproximationActor pid=1574092)[0m [SENTINEL-VERBOSE] step=112 order_len=112 terminal=True init=False point_idx=-1
[36m(CpuApproximationActor pid=1574092)[0m [SENTINEL-VERBOSE] EXC JaxRuntimeError: INTERNAL: Failed to compile Triton kernel. Context: [Fusion: fusion.77 = f32[4096,64,64]{2,1,0} fusion(gemm_fusion_dot, gamma2.1, gemm_fusion_dot_general.49, beta1.1, fusion.119, gamma1.1), kind=kCustom, calls=fused_computation.33, backend_config={"operation_queue_id":"0","fusion_backend_config":{"kind":"__triton","block_level_fusion_config":{"num_warps":"8","output_tiles":[{"sizes":["16","16","64"]}],"num_ctas":1,"num_stages":1,"is_tma_allowed":false,"is_warp_specialization_allowed":false,"waves_per_eu":0}},"force_earliest_schedule":false,"reification_cost":[],"device_type":"DEVICE_TYPE_INVALID"}Computation: fused_computation.33 {
[36m(CpuApproximationActor pid=1574092)[0m   param_0.408 = f32[262144,64]{1,0} parameter(0)
[36m(CpuApproximationActor pid=1574092)[0m   param_1.527 = f32[64]{0} parameter(1)
[36m(CpuApproximationActor pid=1574092)[0m   broadcast.50.5 = f32[4096,64,64]{2,1,0} broadcast(param_1.527), dimensions={1}
[36m(CpuApproximationActor pid=1574092)[0m   bitcast.2.5 = f32[262144,64]{1,0} bitcast(broadcast.50.5)
[36m(CpuApproximationActor pid=1574092)[0m   mul.13.5 = f32[262144,64]{1,0} multiply(param_0.408, bitcast.2.5)
[36m(CpuApproximationActor pid=1574092)[0m   param_4.297 = f32[64,64]{1,0} parameter(4)
[36m(CpuApproximationActor pid=1574092)[0m   param_5.193 = f32[64]{0} parameter(5)
[36m(CpuApproximationActor pid=1574092)[0m   mul.175.5 = f32[64,64]{1,0} broadcast(param_5.193), dimensions={1}
[36m(CpuApproximationActor pid=1574092)[0m   mul.176.5 = f32[64,64]{1,0} multiply(param_4.297, mul.175.5)
[36m(CpuApproximationActor pid=1574092)[0m   param_3.336 = f32[64]{0} parameter(3)
[36m(CpuApproximationActor pid=1574092)[0m   add.43.5 = f32[64,64]{1,0} broadcast(param_3.336), dimensions={1}
[36m(CpuApproximationActor pid=1574092)[0m   add.44.5 = f32[64,64]{1,0} add(mul.176.5, add.43.5)
[36m(CpuApproximationActor pid=1574092)[0m   param_2.452 = f32[64,64]{1,0} parameter(2)
[36m(CpuApproximationActor pid=1574092)[0m   add.45.3 = f32[64,64]{1,0} add(add.44.5, param_2.452)
[36m(CpuApproximationActor pid=1574092)[0m   constant_128 = f32[] constant(0)
[36m(CpuApproximationActor pid=1574092)[0m   reduce_sum.286 = f32[64]{0} reduce(add.45.3, constant_128), dimensions={1}, to_apply=region_1.2.clone.6
[36m(CpuApproximationActor pid=1574092)[0m   constant_127 = f32[] constant(0.015625)
[36m(CpuApproximationActor pid=1574092)[0m   broadcast.219 = f32[64]{0} broadcast(constant_127), dimensions={}
[36m(CpuApproximationActor pid=1574092)[0m   multiply.137 = f32[64]{0} multiply(reduce_sum.286, broadcast.219)
[36m(CpuApproximationActor pid=1574092)[0m   sub.356 = f32[64,64]{1,0} broadcast(multiply.137), dimensions={0}
[36m(CpuApproximationActor pid=1574092)[0m   sub.355 = f32[64,64]{1,0} subtract(add.45.3, sub.356)
[36m(CpuApproximationActor pid=1574092)[0m   integer_pow.5.9 = f32[64,64]{1,0} multiply(sub.355, sub.355)
[36m(CpuApproximationActor pid=1574092)[0m   reduce_sum.218.7 = f32[64]{0} reduce(integer_pow.5.9, constant_128), dimensions={1}, to_apply=region_1.2.clone.7
[36m(CpuApproximationActor pid=1574092)[0m   multiply.19.5 = f32[64]{0} multiply(reduce_sum.218.7, broadcast.219)
[36m(CpuApproximationActor pid=1574092)[0m   constant_15_1 = f32[] constant(1e-06)
[36m(CpuApproximationActor pid=1574092)[0m   broadcast.73.4 = f32[64]{0} broadcast(constant_15_1), dimensions={}
[36m(CpuApproximationActor pid=1574092)[0m   add.2.3 = f32[64]{0} add(multiply.19.5, broadcast.73.4)
[36m(CpuApproximationActor pid=1574092)[0m   sqrt.2.2 = f32[64]{0} sqrt(add.2.3)
[36m(CpuApproximationActor pid=1574092)[0m   broadcast.96.5 = f32[262144,64]{1,0} broadcast(sqrt.2.2), dimensions={1}
[36m(CpuApproximationActor pid=1574092)[0m   div.11.5 = f32[262144,64]{1,0} divide(mul.13.5, broadcast.96.5)
[36m(CpuApproximationActor pid=1574092)[0m   bitcast.3.6 = f32[4096,64,64]{2,1,0} bitcast(div.11.5)
[36m(CpuApproximationActor pid=1574092)[0m   transpose.57.5 = f32[4096,64,64]{2,1,0} transpose(bitcast.3.6), dimensions={0,2,1}
[36m(CpuApproximationActor pid=1574092)[0m   constant_13_6 = f32[] constant(1)
[36m(CpuApproximationActor pid=1574092)[0m   broadcast.103.10 = f32[64]{0} broadcast(constant_13_6), dimensions={}
[36m(CpuApproximationActor pid=1574092)[0m   mul.14.3 = f32[64]{0} multiply(sqrt.2.2, sqrt.2.2)
[36m(CpuApproximationActor pid=1574092)[0m   div.12.3 = f32[64]{0} divide(broadcast.103.10, mul.14.3)
[36m(CpuApproximationActor pid=1574092)[0m   broadcast.97.11 = f32[262144,64]{1,0} broadcast(div.12.3), dimensions={1}
[36m(CpuApproximationActor pid=1574092)[0m   mul.17.11 = f32[262144,64]{1,0} multiply(mul.13.5, broadcast.97.11)
[36m(CpuApproximationActor pid=1574092)[0m   bitcast.4.11 = f32[4096,64,64]{2,1,0} bitcast(mul.17.11)
[36m(CpuApproximationActor pid=1574092)[0m   transpose.60.11 = f32[4096,64,64]{2,1,0} transpose(bitcast.4.11), dimensions={0,2,1}
[36m(CpuApproximationActor pid=1574092)[0m   mul.218.9 = f32[4096,64,64]{2,1,0} broadcast(sub.355), dimensions={1,2}
[36m(CpuApproximationActor pid=1574092)[0m   mul.219.9 = f32[4096,64,64]{2,1,0} multiply(transpose.60.11, mul.218.9)
[36m(CpuApproximationActor pid=1574092)[0m   reduce_sum.219.7 = f32[4096,64]{1,0} reduce(mul.219.9, constant_128), dimensions={2}, to_apply=region_1.2.clone.8
[36m(CpuApproximationActor pid=1574092)[0m   neg.0.5 = f32[4096,64]{1,0} negate(reduce_sum.219.7)
[36m(CpuApproximationActor pid=1574092)[0m   constant_12_2 = f32[] constant(0.5)
[36m(CpuApproximationActor pid=1574092)[0m   broadcast.98.7 = f32[64]{0} broadcast(constant_12_2), dimensions={}
[36m(CpuApproximationActor pid=1574092)[0m   div.8.3 = f32[64]{0} divide(broadcast.98.7, sqrt.2.2)
[36m(CpuApproximationActor pid=1574092)[0m   broadcast.77.3 = f32[4096,64]{1,0} broadcast(div.8.3), dimensions={1}
[36m(CpuApproximationActor pid=1574092)[0m   mul.6.3 = f32[4096,64]{1,0} multiply(neg.0.5, broadcast.77.3)
[36m(CpuApproximationActor pid=1574092)[0m   broadcast.88.24 = f32[4096,64]{1,0} broadcast(constant_127), dimensions={}
[36m(CpuApproximationActor pid=1574092)[0m   multiply.25.5 = f32[4096,64]{1,0} multiply(mul.6.3, broadcast.88.24)
[36m(CpuApproximationActor pid=1574092)[0m   broadcast_in_dim.98.3 = f32[4096,64,64]{2,1,0} broadcast(multiply.25.5), dimensions={0,1}
[36m(CpuApproximationActor pid=1574092)[0m   constant_16_3 = f32[] constant(2)
[36m(CpuApproximationActor pid=1574092)[0m   broadcast.12.2 = f32[64,64]{1,0} broadcast(constant_16_3), dimensions={}
[36m(CpuApproximationActor pid=1574092)[0m   mul.178.5 = f32[64,64]{1,0} multiply(sub.355, broadcast.12.2)
[36m(CpuApproximationActor pid=1574092)[0m   mul.226.3 = f32[4096,64,64]{2,1,0} broadcast(mul.178.5), dimensions={1,2}
[36m(CpuApproximationActor pid=1574092)[0m   mul.227.3 = f32[4096,64,64]{2,1,0} multiply(broadcast_in_dim.98.3, mul.226.3)
[36m(CpuApproximationActor pid=1574092)[0m   add_any.24.3 = f32[4096,64,64]{2,1,0} add(transpose.57.5, mul.227.3)
[36m(CpuApproximationActor pid=1574092)[0m   reduce_sum.220.5 = f32[4096,64]{1,0} reduce(bitcast.3.6, constant_128), dimensions={1}, to_apply=region_1.2.clone.18
[36m(CpuApproximationActor pid=1574092)[0m   negate.12 = f32[4096,64]{1,0} negate(reduce_sum.220.5)
[36m(CpuApproximationActor pid=1574092)[0m   reduce_sum.222.7 = f32[4096,64]{1,0} reduce(mul.227.3, constant_128), dimensions={2}, to_apply=region_1.2.clone.9
[36m(CpuApproximationActor pid=1574092)[0m   negate.1.5 = f32[4096,64]{1,0} negate(reduce_sum.222.7)
[36m(CpuApproximationActor pid=1574092)[0m   add_any.0.3 = f32[4096,64]{1,0} add(negate.12, negate.1.5)
[36m(CpuApproximationActor pid=1574092)[0m   multiply.22.3 = f32[4096,64]{1,0} multiply(add_any.0.3, broadcast.88.24)
[36m(CpuApproximationActor pid=1574092)[0m   broadcast_in_dim.100.1 = f32[4096,64,64]{2,1,0} broadcast(multiply.22.3), dimensions={0,1}
[36m(CpuApproximationActor pid=1574092)[0m   ROOT add_any.26.1 = f32[4096,64,64]{2,1,0} add(add_any.24.3, broadcast_in_dim.100.1)
[36m(CpuApproximationActor pid=1574092)[0m }]
[36m(CpuApproximationActor pid=1574092)[0m [SENTINEL-VERBOSE] ORDER (112): [1, 56, 91, 92, 65, 40, 35, 106, 62, 71, 63, 78, 49, 94, 13, 53, 26, 61, 37, 22, 69, 18, 6, 90, 45, 5, 109, 84, 11, 98, 110, 93, 24, 2, 103, 36, 14, 32, 42, 51, 17, 3, 8, 67, 108, 86, 48, 16, 102, 52, 73, 104, 68, 96, 75, 19, 27, 31, 83, 57, 66, 64, 105, 29, 9, 82, 44, 88, 77, 97, 25, 15, 34, 76, 74, 30, 99, 79, 20, 41, 10, 38, 80, 21, 39, 23, 85, 7, 72, 101, 28, 107, 47, 54, 4, 95, 46, 55, 50, 112, 100, 58, 70, 33, 59, 60, 87, 81, 43, 89, 111, 12]
[36m(CpuApproximationActor pid=1574092)[0m [SENTINEL-VERBOSE] MICRO-ACTIONS (per vertex, in elimination order):
[36m(CpuApproximationActor pid=1574092)[0m     v0(vertex_id=1): DIAG(bi1=1,bi2=1,factor=2)
[36m(CpuApproximationActor pid=1574092)[0m     v2(vertex_id=91): COMPRESS(axis=0,kind=abs_max)
[36m(CpuApproximationActor pid=1574092)[0m     v3(vertex_id=92): COMPRESS(axis=0,kind=abs_max)
[36m(CpuApproximationActor pid=1574092)[0m     v4(vertex_id=65): COMPRESS(axis=1,kind=abs_max)
[36m(CpuApproximationActor pid=1574092)[0m     v5(vertex_id=40): COMPRESS(axis=0,kind=abs_max)
[36m(CpuApproximationActor pid=1574092)[0m     v7(vertex_id=106): COMPRESS(axis=1,kind=abs_max)
[36m(CpuApproximationActor pid=1574092)[0m     v8(vertex_id=62): COMPRESS(axis=0,kind=abs_max)
[36m(CpuApproximationActor pid=1574092)[0m     v14(vertex_id=13): COMPRESS(axis=1,kind=abs_max)
[36m(CpuApproximationActor pid=1574092)[0m     v15(vertex_id=53): COMPRESS(axis=0,kind=abs_max)
[36m(CpuApproximationActor pid=1574092)[0m     v16(vertex_id=26): COMPRESS(axis=0,kind=abs_max)
[36m(CpuApproximationActor pid=1574092)[0m     v17(vertex_id=61): COMPRESS(axis=1,kind=abs_max)
[36m(CpuApproximationActor pid=1574092)[0m     v18(vertex_id=37): COMPRESS(axis=1,kind=abs_max)
[36m(CpuApproximationActor pid=1574092)[0m     v19(vertex_id=22): COMPRESS(axis=0,kind=abs_max)
[36m(CpuApproximationActor pid=1574092)[0m     v22(vertex_id=6): COMPRESS(axis=0,kind=abs_max)
[36m(CpuApproximationActor pid=1574092)[0m     v25(vertex_id=5): COMPRESS(axis=0,kind=abs_max)
[36m(CpuApproximationActor pid=1574092)[0m     v26(vertex_id=109): COMPRESS(axis=0,kind=abs_max)
[36m(CpuApproximationActor pid=1574092)[0m     v27(vertex_id=84): COMPRESS(axis=0,kind=abs_max)
[36m(CpuApproximationActor pid=1574092)[0m     v28(vertex_id=11): COMPRESS(axis=0,kind=abs_max)
[36m(CpuApproximationActor pid=1574092)[0m     v29(vertex_id=98): COMPRESS(axis=1,kind=abs_max)
[36m(CpuApproximationActor pid=1574092)[0m     v30(vertex_id=110): COMPRESS(axis=0,kind=abs_max)
[36m(CpuApproximationActor pid=1574092)[0m     v32(vertex_id=24): COMPRESS(axis=0,kind=abs_max)
[36m(CpuApproximationActor pid=1574092)[0m     v33(vertex_id=2): COMPRESS(axis=0,kind=abs_max)
[36m(CpuApproximationActor pid=1574092)[0m     v34(vertex_id=103): COMPRESS(axis=1,kind=abs_max)
[36m(CpuApproximationActor pid=1574092)[0m     v35(vertex_id=36): COMPRESS(axis=0,kind=abs_max)
[36m(CpuApproximationActor pid=1574092)[0m     v36(vertex_id=14): COMPRESS(axis=0,kind=abs_max)
[36m(CpuApproximationActor pid=1574092)[0m     v37(vertex_id=32): COMPRESS(axis=1,kind=abs_max)
[36m(CpuApproximationActor pid=1574092)[0m     v38(vertex_id=42): DIAG(bi1=0,bi2=1,factor=16)
[36m(CpuApproximationActor pid=1574092)[0m     v39(vertex_id=51): COMPRESS(axis=0,kind=abs_max)
[36m(CpuApproximationActor pid=1574092)[0m     v40(vertex_id=17): COMPRESS(axis=0,kind=abs_max)
[36m(CpuApproximationActor pid=1574092)[0m     v41(vertex_id=3): COMPRESS(axis=3,kind=abs_max)
[36m(CpuApproximationActor pid=1574092)[0m     v43(vertex_id=67): COMPRESS(axis=0,kind=abs_max)
[36m(CpuApproximationActor pid=1574092)[0m     v48(vertex_id=102): COMPRESS(axis=0,kind=abs_max)
[36m(CpuApproximationActor pid=1574092)[0m     v49(vertex_id=52): COMPRESS(axis=0,kind=abs_max)
[36m(CpuApproximationActor pid=1574092)[0m     v50(vertex_id=73): DIAG(bi1=1,bi2=1,factor=2)
[36m(CpuApproximationActor pid=1574092)[0m     v51(vertex_id=104): QUANT(dtype=float8_e8m0fnu)
[36m(CpuApproximationActor pid=1574092)[0m     v53(vertex_id=96): COMPRESS(axis=0,kind=abs_max)
[36m(CpuApproximationActor pid=1574092)[0m     v54(vertex_id=75): DIAG(bi1=0,bi2=0,factor=2)
[36m(CpuApproximationActor pid=1574092)[0m     v58(vertex_id=83): COMPRESS(axis=0,kind=abs_max)
[36m(CpuApproximationActor pid=1574092)[0m     v59(vertex_id=57): COMPRESS(axis=0,kind=abs_max)
[36m(CpuApproximationActor pid=1574092)[0m     v60(vertex_id=66): COMPRESS(axis=0,kind=abs_max)
[36m(CpuApproximationActor pid=1574092)[0m     v61(vertex_id=64): COMPRESS(axis=1,kind=abs_max)
[36m(CpuApproximationActor pid=1574092)[0m     v62(vertex_id=105): COMPRESS(axis=0,kind=abs_max)
[36m(CpuApproximationActor pid=1574092)[0m     v65(vertex_id=82): COMPRESS(axis=2,kind=abs_max)
[36m(CpuApproximationActor pid=1574092)[0m     v66(vertex_id=44): COMPRESS(axis=0,kind=abs_max)
[36m(CpuApproximationActor pid=1574092)[0m     v69(vertex_id=97): COMPRESS(axis=0,kind=abs_max)
[36m(CpuApproximationActor pid=1574092)[0m     v70(vertex_id=25): COMPRESS(axis=0,kind=abs_max)
[36m(CpuApproximationActor pid=1574092)[0m     v71(vertex_id=15): COMPRESS(axis=0,kind=abs_max)
[36m(CpuApproximationActor pid=1574092)[0m     v73(vertex_id=76): QUANT(dtype=float8_e8m0fnu)
[36m(CpuApproximationActor pid=1574092)[0m     v74(vertex_id=74): COMPRESS(axis=3,kind=abs_max)
[36m(CpuApproximationActor pid=1574092)[0m     v75(vertex_id=30): COMPRESS(axis=2,kind=abs_max)
[36m(CpuApproximationActor pid=1574092)[0m     v78(vertex_id=20): COMPRESS(axis=1,kind=abs_max)
[36m(CpuApproximationActor pid=1574092)[0m     v79(vertex_id=41): COMPRESS(axis=2,kind=abs_max)
[36m(CpuApproximationActor pid=1574092)[0m     v80(vertex_id=10): COMPRESS(axis=0,kind=abs_max)
[36m(CpuApproximationActor pid=1574092)[0m     v81(vertex_id=38): COMPRESS(axis=0,kind=abs_max)
[36m(CpuApproximationActor pid=1574092)[0m     v82(vertex_id=80): COMPRESS(axis=2,kind=abs_max)
[36m(CpuApproximationActor pid=1574092)[0m     v83(vertex_id=21): COMPRESS(axis=0,kind=abs_max)
[36m(CpuApproximationActor pid=1574092)[0m     v84(vertex_id=39): COMPRESS(axis=0,kind=abs_max)
[36m(CpuApproximationActor pid=1574092)[0m     v85(vertex_id=23): COMPRESS(axis=1,kind=abs_max)
[36m(CpuApproximationActor pid=1574092)[0m     v86(vertex_id=85): COMPRESS(axis=0,kind=abs_max)
[36m(CpuApproximationActor pid=1574092)[0m     v90(vertex_id=28): COMPRESS(axis=0,kind=abs_max)
[36m(CpuApproximationActor pid=1574092)[0m     v91(vertex_id=107): DIAG(bi1=0,bi2=0,factor=2)
[36m(CpuApproximationActor pid=1574092)[0m     v93(vertex_id=54): COMPRESS(axis=1,kind=abs_max)
[36m(CpuApproximationActor pid=1574092)[0m     v94(vertex_id=4): COMPRESS(axis=2,kind=abs_max)
[36m(CpuApproximationActor pid=1574092)[0m     v95(vertex_id=95): COMPRESS(axis=2,kind=abs_max)
[36m(CpuApproximationActor pid=1574092)[0m     v98(vertex_id=50): COMPRESS(axis=1,kind=abs_max)
[36m(CpuApproximationActor pid=1574092)[0m     v99(vertex_id=112): COMPRESS(axis=0,kind=abs_max)
[36m(CpuApproximationActor pid=1574092)[0m     v100(vertex_id=100): COMPRESS(axis=1,kind=abs_max)
[36m(CpuApproximationActor pid=1574092)[0m     v101(vertex_id=58): DIAG(bi1=0,bi2=0,factor=2)
[36m(CpuApproximationActor pid=1574092)[0m     v102(vertex_id=70): COMPRESS(axis=0,kind=abs_max)
[36m(CpuApproximationActor pid=1574092)[0m     v103(vertex_id=33): COMPRESS(axis=0,kind=abs_max)
[36m(CpuApproximationActor pid=1574092)[0m     v105(vertex_id=60): COMPRESS(axis=1,kind=abs_max)
[36m(CpuApproximationActor pid=1574092)[0m     v107(vertex_id=81): COMPRESS(axis=2,kind=abs_max)
[36m(CpuApproximationActor pid=1574092)[0m     v108(vertex_id=43): COMPRESS(axis=1,kind=abs_max)
[36m(CpuApproximationActor pid=1574092)[0m     v109(vertex_id=89): COMPRESS(axis=1,kind=abs_max)
[36m(CpuApproximationActor pid=1574092)[0m     v110(vertex_id=111): COMPRESS(axis=1,kind=abs_max)
[36m(CpuApproximationActor pid=1574092)[0m     v111(vertex_id=12): DIAG(bi1=0,bi2=1,factor=2)
[36m(CpuApproximationActor pid=1574092)[0m [SENTINEL-VERBOSE] TRACEBACK:
[36m(CpuApproximationActor pid=1574092)[0m Traceback (most recent call last):
[36m(CpuApproximationActor pid=1574092)[0m   File "/Users/assmuth/dsnn/alphagrad/src/alphagrad/approx/cpu_approx_worker.py", line 257, in evaluate
[36m(CpuApproximationActor pid=1574092)[0m     tokens, eqn_ids, reward = _callback(
[36m(CpuApproximationActor pid=1574092)[0m                               ~~~~~~~~~^
[36m(CpuApproximationActor pid=1574092)[0m         self._config,
[36m(CpuApproximationActor pid=1574092)[0m         ^^^^^^^^^^^^^
[36m(CpuApproximationActor pid=1574092)[0m     ...<7 lines>...
[36m(CpuApproximationActor pid=1574092)[0m         point_idx=int(point_idx),
[36m(CpuApproximationActor pid=1574092)[0m         ^^^^^^^^^^^^^^^^^^^^^^^^^
[36m(CpuApproximationActor pid=1574092)[0m     )
[36m(CpuApproximationActor pid=1574092)[0m     ^
[36m(CpuApproximationActor pid=1574092)[0m   File "/Users/assmuth/dsnn/alphagrad/src/alphagrad/approx/env.py", line 3655, in _callback
[36m(CpuApproximationActor pid=1574092)[0m     compiled_exact = _inproc_lru_cached_compile(b"exact:" + exact_cache_key, _do_compile_exact)
[36m(CpuApproximationActor pid=1574092)[0m   File "/Users/assmuth/dsnn/alphagrad/src/alphagrad/approx/env.py", line 286, in _inproc_lru_cached_compile
[36m(CpuApproximationActor pid=1574092)[0m     return _cc(key, compile_fn)
[36m(CpuApproximationActor pid=1574092)[0m   File "/Users/assmuth/dsnn/alphagrad/src/alphagrad/approx/common/compile_cache.py", line 150, in cached_compile
[36m(CpuApproximationActor pid=1574092)[0m     compiled = compile_fn()
[36m(CpuApproximationActor pid=1574092)[0m   File "/Users/assmuth/dsnn/alphagrad/src/alphagrad/approx/env.py", line 3437, in _do_compile_exact
[36m(CpuApproximationActor pid=1574092)[0m     return jax.jit(fn, keep_unused=True).lower(*args_for_lower).compile()
[36m(CpuApproximationActor pid=1574092)[0m            ~~~~~~~~~~~~~~~~~~~~~~~~~~~~~~~~~~~~~~~~~~~~~~~~~~~~~~~~~~~~^^
[36m(CpuApproximationActor pid=1574092)[0m   File "/Users/assmuth/dsnn/.venv/lib/python3.13/site-packages/jax/_src/stages.py", line 586, in compile
[36m(CpuApproximationActor pid=1574092)[0m     return Compiled(self._lowering.compile(**kw), self._lowering.const_args,
[36m(CpuApproximationActor pid=1574092)[0m                     ~~~~~~~~~~~~~~~~~~~~~~^^^^^^
[36m(CpuApproximationActor pid=1574092)[0m   File "/Users/assmuth/dsnn/.venv/lib/python3.13/site-packages/jax/_src/interpreters/pxla.py", line 1226, in compile
[36m(CpuApproximationActor pid=1574092)[0m     executable = UnloadedMeshExecutable.from_hlo(
[36m(CpuApproximationActor pid=1574092)[0m         self._name, self._hlo, **self.compile_args,
[36m(CpuApproximationActor pid=1574092)[0m         compiler_options_kvs=compiler_options_kvs,
[36m(CpuApproximationActor pid=1574092)[0m         device_list=compilation_device_list)
[36m(CpuApproximationActor pid=1574092)[0m   File "/Users/assmuth/dsnn/.venv/lib/python3.13/site-packages/jax/_src/interpreters/pxla.py", line 1724, in from_hlo
[36m(CpuApproximationActor pid=1574092)[0m     xla_executable = _cached_compilation(
[36m(CpuApproximationActor pid=1574092)[0m         hlo, name, tuple_args, allow_prop_to_inputs, allow_prop_to_outputs,
[36m(CpuApproximationActor pid=1574092)[0m         tuple(host_callbacks), backend, device_list, compiler_options_kvs,
[36m(CpuApproximationActor pid=1574092)[0m         pgle_profiler)
[36m(CpuApproximationActor pid=1574092)[0m   File "/Users/assmuth/dsnn/.venv/lib/python3.13/site-packages/jax/_src/interpreters/pxla.py", line 1507, in _cached_compilation
[36m(CpuApproximationActor pid=1574092)[0m     xla_executable = compiler.compile_or_get_cached(
[36m(CpuApproximationActor pid=1574092)[0m         backend, computation, dev, compile_options, host_callbacks,
[36m(CpuApproximationActor pid=1574092)[0m         da, pgle_profiler)
[36m(CpuApproximationActor pid=1574092)[0m   File "/Users/assmuth/dsnn/.venv/lib/python3.13/site-packages/jax/_src/compiler.py", line 469, in compile_or_get_cached
[36m(CpuApproximationActor pid=1574092)[0m     return _compile_and_write_cache(
[36m(CpuApproximationActor pid=1574092)[0m         backend,
[36m(CpuApproximationActor pid=1574092)[0m     ...<5 lines>...
[36m(CpuApproximationActor pid=1574092)[0m         cache_key,
[36m(CpuApproximationActor pid=1574092)[0m     )
[36m(CpuApproximationActor pid=1574092)[0m   File "/Users/assmuth/dsnn/.venv/lib/python3.13/site-packages/jax/_src/compiler.py", line 737, in _compile_and_write_cache
[36m(CpuApproximationActor pid=1574092)[0m     executable = backend_compile_and_load(
[36m(CpuApproximationActor pid=1574092)[0m         backend, computation, executable_devices, compile_options, host_callbacks
[36m(CpuApproximationActor pid=1574092)[0m     )
[36m(CpuApproximationActor pid=1574092)[0m   File "/Users/assmuth/dsnn/.venv/lib/python3.13/site-packages/jax/_src/profiler.py", line 384, in wrapper
[36m(CpuApproximationActor pid=1574092)[0m     return func(*args, **kwargs)
[36m(CpuApproximationActor pid=1574092)[0m   File "/Users/assmuth/dsnn/.venv/lib/python3.13/site-packages/jax/_src/compiler.py", line 363, in backend_compile_and_load
[36m(CpuApproximationActor pid=1574092)[0m     raise e
[36m(CpuApproximationActor pid=1574092)[0m   File "/Users/assmuth/dsnn/.venv/lib/python3.13/site-packages/jax/_src/compiler.py", line 353, in backend_compile_and_load
[36m(CpuApproximationActor pid=1574092)[0m     return backend.compile_and_load(
[36m(CpuApproximationActor pid=1574092)[0m            ~~~~~~~~~~~~~~~~~~~~~~~~^
[36m(CpuApproximationActor pid=1574092)[0m         module,
[36m(CpuApproximationActor pid=1574092)[0m         ^^^^^^^
[36m(CpuApproximationActor pid=1574092)[0m         executable_devices=executable_devices,
[36m(CpuApproximationActor pid=1574092)[0m         ^^^^^^^^^^^^^^^^^^^^^^^^^^^^^^^^^^^^^^
[36m(CpuApproximationActor pid=1574092)[0m         compile_options=options,
[36m(CpuApproximationActor pid=1574092)[0m         ^^^^^^^^^^^^^^^^^^^^^^^^
[36m(CpuApproximationActor pid=1574092)[0m     )
[36m(CpuApproximationActor pid=1574092)[0m     ^
[36m(CpuApproximationActor pid=1574092)[0m jax.errors.JaxRuntimeError: INTERNAL: Failed to compile Triton kernel. Context: [Fusion: fusion.77 = f32[4096,64,64]{2,1,0} fusion(gemm_fusion_dot, gamma2.1, gemm_fusion_dot_general.49, beta1.1, fusion.119, gamma1.1), kind=kCustom, calls=fused_computation.33, backend_config={"operation_queue_id":"0","fusion_backend_config":{"kind":"__triton","block_level_fusion_config":{"num_warps":"8","output_tiles":[{"sizes":["16","16","64"]}],"num_ctas":1,"num_stages":1,"is_tma_allowed":false,"is_warp_specialization_allowed":false,"waves_per_eu":0}},"force_earliest_schedule":false,"reification_cost":[],"device_type":"DEVICE_TYPE_INVALID"}Computation: fused_computation.33 {
[36m(CpuApproximationActor pid=1574092)[0m   param_0.408 = f32[262144,64]{1,0} parameter(0)
[36m(CpuApproximationActor pid=1574092)[0m   param_1.527 = f32[64]{0} parameter(1)
[36m(CpuApproximationActor pid=1574092)[0m   broadcast.50.5 = f32[4096,64,64]{2,1,0} broadcast(param_1.527), dimensions={1}
[36m(CpuApproximationActor pid=1574092)[0m   bitcast.2.5 = f32[262144,64]{1,0} bitcast(broadcast.50.5)
[36m(CpuApproximationActor pid=1574092)[0m   mul.13.5 = f32[262144,64]{1,0} multiply(param_0.408, bitcast.2.5)
[36m(CpuApproximationActor pid=1574092)[0m   param_4.297 = f32[64,64]{1,0} parameter(4)
[36m(CpuApproximationActor pid=1574092)[0m   param_5.193 = f32[64]{0} parameter(5)
[36m(CpuApproximationActor pid=1574092)[0m   mul.175.5 = f32[64,64]{1,0} broadcast(param_5.193), dimensions={1}
[36m(CpuApproximationActor pid=1574092)[0m   mul.176.5 = f32[64,64]{1,0} multiply(param_4.297, mul.175.5)
[36m(CpuApproximationActor pid=1574092)[0m   param_3.336 = f32[64]{0} parameter(3)
[36m(CpuApproximationActor pid=1574092)[0m   add.43.5 = f32[64,64]{1,0} broadcast(param_3.336), dimensions={1}
[36m(CpuApproximationActor pid=1574092)[0m   add.44.5 = f32[64,64]{1,0} add(mul.176.5, add.43.5)
[36m(CpuApproximationActor pid=1574092)[0m   param_2.452 = f32[64,64]{1,0} parameter(2)
[36m(CpuApproximationActor pid=1574092)[0m   add.45.3 = f32[64,64]{1,0} add(add.44.5, param_2.452)
[36m(CpuApproximationActor pid=1574092)[0m   constant_128 = f32[] constant(0)
[36m(CpuApproximationActor pid=1574092)[0m   reduce_sum.286 = f32[64]{0} reduce(add.45.3, constant_128), dimensions={1}, to_apply=region_1.2.clone.6
[36m(CpuApproximationActor pid=1574092)[0m   constant_127 = f32[] constant(0.015625)
[36m(CpuApproximationActor pid=1574092)[0m   broadcast.219 = f32[64]{0} broadcast(constant_127), dimensions={}
[36m(CpuApproximationActor pid=1574092)[0m   multiply.137 = f32[64]{0} multiply(reduce_sum.286, broadcast.219)
[36m(CpuApproximationActor pid=1574092)[0m   sub.356 = f32[64,64]{1,0} broadcast(multiply.137), dimensions={0}
[36m(CpuApproximationActor pid=1574092)[0m   sub.355 = f32[64,64]{1,0} subtract(add.45.3, sub.356)
[36m(CpuApproximationActor pid=1574092)[0m   integer_pow.5.9 = f32[64,64]{1,0} multiply(sub.355, sub.355)
[36m(CpuApproximationActor pid=1574092)[0m   reduce_sum.218.7 = f32[64]{0} reduce(integer_pow.5.9, constant_128), dimensions={1}, to_apply=region_1.2.clone.7
[36m(CpuApproximationActor pid=1574092)[0m   multiply.19.5 = f32[64]{0} multiply(reduce_sum.218.7, broadcast.219)
[36m(CpuApproximationActor pid=1574092)[0m   constant_15_1 = f32[] constant(1e-06)
[36m(CpuApproximationActor pid=1574092)[0m   broadcast.73.4 = f32[64]{0} broadcast(constant_15_1), dimensions={}
[36m(CpuApproximationActor pid=1574092)[0m   add.2.3 = f32[64]{0} add(multiply.19.5, broadcast.73.4)
[36m(CpuApproximationActor pid=1574092)[0m   sqrt.2.2 = f32[64]{0} sqrt(add.2.3)
[36m(CpuApproximationActor pid=1574092)[0m   broadcast.96.5 = f32[262144,64]{1,0} broadcast(sqrt.2.2), dimensions={1}
[36m(CpuApproximationActor pid=1574092)[0m   div.11.5 = f32[262144,64]{1,0} divide(mul.13.5, broadcast.96.5)
[36m(CpuApproximationActor pid=1574092)[0m   bitcast.3.6 = f32[4096,64,64]{2,1,0} bitcast(div.11.5)
[36m(CpuApproximationActor pid=1574092)[0m   transpose.57.5 = f32[4096,64,64]{2,1,0} transpose(bitcast.3.6), dimensions={0,2,1}
[36m(CpuApproximationActor pid=1574092)[0m   constant_13_6 = f32[] constant(1)
[36m(CpuApproximationActor pid=1574092)[0m   broadcast.103.10 = f32[64]{0} broadcast(constant_13_6), dimensions={}
[36m(CpuApproximationActor pid=1574092)[0m   mul.14.3 = f32[64]{0} multiply(sqrt.2.2, sqrt.2.2)
[36m(CpuApproximationActor pid=1574092)[0m   div.12.3 = f32[64]{0} divide(broadcast.103.10, mul.14.3)
[36m(CpuApproximationActor pid=1574092)[0m   broadcast.97.11 = f32[262144,64]{1,0} broadcast(div.12.3), dimensions={1}
[36m(CpuApproximationActor pid=1574092)[0m   mul.17.11 = f32[262144,64]{1,0} multiply(mul.13.5, broadcast.97.11)
[36m(CpuApproximationActor pid=1574092)[0m   bitcast.4.11 = f32[4096,64,64]{2,1,0} bitcast(mul.17.11)
[36m(CpuApproximationActor pid=1574092)[0m   transpose.60.11 = f32[4096,64,64]{2,1,0} transpose(bitcast.4.11), dimensions={0,2,1}
[36m(CpuApproximationActor pid=1574092)[0m   mul.218.9 = f32[4096,64,64]{2,1,0} broadcast(sub.355), dimensions={1,2}
[36m(CpuApproximationActor pid=1574092)[0m   mul.219.9 = f32[4096,64,64]{2,1,0} multiply(transpose.60.11, mul.218.9)
[36m(CpuApproximationActor pid=1574092)[0m   reduce_sum.219.7 = f32[4096,64]{1,0} reduce(mul.219.9, constant_128), dimensions={2}, to_apply=region_1.2.clone.8
[36m(CpuApproximationActor pid=1574092)[0m   neg.0.5 = f32[4096,64]{1,0} negate(reduce_sum.219.7)
[36m(CpuApproximationActor pid=1574092)[0m   constant_12_2 = f32[] constant(0.5)
[36m(CpuApproximationActor pid=1574092)[0m   broadcast.98.7 = f32[64]{0} broadcast(constant_12_2), dimensions={}
[36m(CpuApproximationActor pid=1574092)[0m   div.8.3 = f32[64]{0} divide(broadcast.98.7, sqrt.2.2)
[36m(CpuApproximationActor pid=1574092)[0m   broadcast.77.3 = f32[4096,64]{1,0} broadcast(div.8.3), dimensions={1}
[36m(CpuApproximationActor pid=1574092)[0m   mul.6.3 = f32[4096,64]{1,0} multiply(neg.0.5, broadcast.77.3)
[36m(CpuApproximationActor pid=1574092)[0m   broadcast.88.24 = f32[4096,64]{1,0} broadcast(constant_127), dimensions={}
[36m(CpuApproximationActor pid=1574092)[0m   multiply.25.5 = f32[4096,64]{1,0} multiply(mul.6.3, broadcast.88.24)
[36m(CpuApproximationActor pid=1574092)[0m   broadcast_in_dim.98.3 = f32[4096,64,64]{2,1,0} broadcast(multiply.25.5), dimensions={0,1}
[36m(CpuApproximationActor pid=1574092)[0m   constant_16_3 = f32[] constant(2)
[36m(CpuApproximationActor pid=1574092)[0m   broadcast.12.2 = f32[64,64]{1,0} broadcast(constant_16_3), dimensions={}
[36m(CpuApproximationActor pid=1574092)[0m   mul.178.5 = f32[64,64]{1,0} multiply(sub.355, broadcast.12.2)
[36m(CpuApproximationActor pid=1574092)[0m   mul.226.3 = f32[4096,64,64]{2,1,0} broadcast(mul.178.5), dimensions={1,2}
[36m(CpuApproximationActor pid=1574092)[0m   mul.227.3 = f32[4096,64,64]{2,1,0} multiply(broadcast_in_dim.98.3, mul.226.3)
[36m(CpuApproximationActor pid=1574092)[0m   add_any.24.3 = f32[4096,64,64]{2,1,0} add(transpose.57.5, mul.227.3)
[36m(CpuApproximationActor pid=1574092)[0m   reduce_sum.220.5 = f32[4096,64]{1,0} reduce(bitcast.3.6, constant_128), dimensions={1}, to_apply=region_1.2.clone.18
[36m(CpuApproximationActor pid=1574092)[0m   negate.12 = f32[4096,64]{1,0} negate(reduce_sum.220.5)
[36m(CpuApproximationActor pid=1574092)[0m   reduce_sum.222.7 = f32[4096,64]{1,0} reduce(mul.227.3, constant_128), dimensions={2}, to_apply=region_1.2.clone.9
[36m(CpuApproximationActor pid=1574092)[0m   negate.1.5 = f32[4096,64]{1,0} negate(reduce_sum.222.7)
[36m(CpuApproximationActor pid=1574092)[0m   add_any.0.3 = f32[4096,64]{1,0} add(negate.12, negate.1.5)
[36m(CpuApproximationActor pid=1574092)[0m   multiply.22.3 = f32[4096,64]{1,0} multiply(add_any.0.3, broadcast.88.24)
[36m(CpuApproximationActor pid=1574092)[0m   broadcast_in_dim.100.1 = f32[4096,64,64]{2,1,0} broadcast(multiply.22.3), dimensions={0,1}
[36m(CpuApproximationActor pid=1574092)[0m   ROOT add_any.26.1 = f32[4096,64,64]{2,1,0} add(add_any.24.3, broadcast_in_dim.100.1)
[36m(CpuApproximationActor pid=1574092)[0m }]
[36m(CpuApproximationActor pid=1574092)[0m [SENTINEL-VERBOSE] ==================================================
[36m(CpuApproximationActor pid=1574091)[0m [per-face] builds=7800 applied=0 skipped=0 applied_frac=0.000
[36m(CpuApproximationActor pid=1574091)[0m [SENTINEL] measure-exception step=112 order_len=112 terminal=True: JaxRuntimeError: RESOURCE_EXHAUSTED: Shared memory size limit exceeded: requested 131072, available: 101376, context: [Fusion: fusion.83 = f32[64,64,64]{1,0,2} fusion(gemm_fusion_dot_general.297, g
[36m(CpuApproximationActor pid=1574091)[0m [SENTINEL-VERBOSE] EXC JaxRuntimeError: RESOURCE_EXHAUSTED: Shared memory size limit exceeded: requested 131072, available: 101376, context: [Fusion: fusion.83 = f32[64,64,64]{1,0,2} fusion(gemm_fusion_dot_general.297, gemm_fusion_dot.370), kind=kCustom, calls=fused_computation.26, backend_config={"operation_queue_id":"0","fusion_backend_config":{"kind":"__triton","block_level_fusion_config":{"num_warps":"8","output_tiles":[{"sizes":["2","16","64"]}],"num_ctas":1,"num_stages":1,"is_tma_allowed":false,"is_warp_specialization_allowed":false,"waves_per_eu":0}},"force_earliest_schedule":false,"reification_cost":[],"device_type":"DEVICE_TYPE_INVALID"}Computation: fused_computation.26 {
[36m(CpuApproximationActor pid=1574091)[0m   constant_987 = f32[] constant(-inf)
[36m(CpuApproximationActor pid=1574091)[0m   iota.57 = s32[64,64]{1,0} iota(), iota_dimension=0
[36m(CpuApproximationActor pid=1574091)[0m   iota.1.3 = s32[64,64]{1,0} iota(), iota_dimension=1
[36m(CpuApproximationActor pid=1574091)[0m   eq.46.3 = pred[64,64]{1,0} compare(iota.57, iota.1.3), direction=EQ
[36m(CpuApproximationActor pid=1574091)[0m     v0(vertex_id=102): COMPRESS(axis=1,kind=abs_max)
[36m(CpuApproximationActor pid=1574091)[0m     v1(vertex_id=77): COMPRESS(axis=0,kind=abs_max)
[36m(CpuApproximationActor pid=1574091)[0m     v2(vertex_id=91): COMPRESS(axis=1,kind=abs_max)
[36m(CpuApproximationActor pid=1574091)[0m     v3(vertex_id=103): COMPRESS(axis=0,kind=abs_max)
[36m(CpuApproximationActor pid=1574091)[0m     v4(vertex_id=25): COMPRESS(axis=0,kind=abs_max)
[36m(CpuApproximationActor pid=1574091)[0m     v5(vertex_id=21): COMPRESS(axis=1,kind=abs_max)
[36m(CpuApproximationActor pid=1574091)[0m     v6(vertex_id=28): COMPRESS(axis=0,kind=abs_max)
[36m(CpuApproximationActor pid=1574091)[0m     v8(vertex_id=47): COMPRESS(axis=0,kind=abs_max)
[36m(CpuApproximationActor pid=1574091)[0m     v10(vertex_id=71): QUANT(dtype=float8_e8m0fnu)
[36m(CpuApproximationActor pid=1574091)[0m     v16(vertex_id=85): COMPRESS(axis=0,kind=abs_max)
[36m(CpuApproximationActor pid=1574091)[0m     v17(vertex_id=111): COMPRESS(axis=1,kind=abs_max)
[36m(CpuApproximationActor pid=1574091)[0m     v20(vertex_id=60): COMPRESS(axis=0,kind=abs_max)
[36m(CpuApproximationActor pid=1574091)[0m     v21(vertex_id=97): COMPRESS(axis=1,kind=abs_max)
[36m(CpuApproximationActor pid=1574091)[0m     v22(vertex_id=36): COMPRESS(axis=0,kind=abs_max)
[36m(CpuApproximationActor pid=1574091)[0m     v23(vertex_id=40): COMPRESS(axis=1,kind=abs_max)
[36m(CpuApproximationActor pid=1574091)[0m     v24(vertex_id=109): COMPRESS(axis=1,kind=abs_max)
[36m(CpuApproximationActor pid=1574091)[0m     v25(vertex_id=57): COMPRESS(axis=0,kind=abs_max)
[36m(CpuApproximationActor pid=1574091)[0m     v26(vertex_id=44): COMPRESS(axis=0,kind=abs_max)
[36m(CpuApproximationActor pid=1574091)[0m     v29(vertex_id=112): COMPRESS(axis=0,kind=abs_max)
[36m(CpuApproximationActor pid=1574091)[0m     v31(vertex_id=81): COMPRESS(axis=0,kind=abs_max)
[36m(CpuApproximationActor pid=1574091)[0m     v32(vertex_id=90): COMPRESS(axis=0,kind=abs_max)
[36m(CpuApproximationActor pid=1574091)[0m     v33(vertex_id=96): COMPRESS(axis=0,kind=abs_max)
[36m(CpuApproximationActor pid=1574091)[0m     v34(vertex_id=67): COMPRESS(axis=0,kind=abs_max)
[36m(CpuApproximationActor pid=1574091)[0m     v35(vertex_id=84): COMPRESS(axis=0,kind=abs_max)
[36m(CpuApproximationActor pid=1574091)[0m     v36(vertex_id=50): COMPRESS(axis=0,kind=abs_max)
[36m(CpuApproximationActor pid=1574091)[0m     v37(vertex_id=53): COMPRESS(axis=0,kind=abs_max)
[36m(CpuApproximationActor pid=1574091)[0m     v39(vertex_id=110): COMPRESS(axis=0,kind=abs_max)
[36m(CpuApproximationActor pid=1574091)[0m     v41(vertex_id=17): COMPRESS(axis=0,kind=abs_max)
[36m(CpuApproximationActor pid=1574091)[0m     v45(vertex_id=20): COMPRESS(axis=0,kind=abs_max)
[36m(CpuApproximationActor pid=1574091)[0m     v46(vertex_id=15): COMPRESS(axis=0,kind=abs_max)
[36m(CpuApproximationActor pid=1574091)[0m     v47(vertex_id=35): COMPRESS(axis=0,kind=abs_max)
[36m(CpuApproximationActor pid=1574091)[0m     v49(vertex_id=74): DIAG(bi1=0,bi2=1,factor=2)
[36m(CpuApproximationActor pid=1574091)[0m     v52(vertex_id=51): COMPRESS(axis=0,kind=abs_max)
[36m(CpuApproximationActor pid=1574091)[0m     v53(vertex_id=5): COMPRESS(axis=0,kind=abs_max)
[36m(CpuApproximationActor pid=1574091)[0m     v54(vertex_id=66): COMPRESS(axis=0,kind=abs_max)
[36m(CpuApproximationActor pid=1574091)[0m     v55(vertex_id=73): COMPRESS(axis=0,kind=abs_max)
[36m(CpuApproximationActor pid=1574091)[0m     v57(vertex_id=10): COMPRESS(axis=1,kind=abs_max)
[36m(CpuApproximationActor pid=1574091)[0m     v59(vertex_id=106): COMPRESS(axis=0,kind=abs_max)
[36m(CpuApproximationActor pid=1574091)[0m     v60(vertex_id=105): COMPRESS(axis=0,kind=abs_max)
[36m(CpuApproximationActor pid=1574091)[0m     v61(vertex_id=12): COMPRESS(axis=0,kind=abs_max)
[36m(CpuApproximationActor pid=1574091)[0m     v62(vertex_id=38): COMPRESS(axis=0,kind=abs_max)
[36m(CpuApproximationActor pid=1574091)[0m     v65(vertex_id=95): COMPRESS(axis=0,kind=abs_max)
[36m(CpuApproximationActor pid=1574091)[0m     v66(vertex_id=26): COMPRESS(axis=0,kind=abs_max)
[36m(CpuApproximationActor pid=1574091)[0m     v67(vertex_id=54): COMPRESS(axis=0,kind=abs_max)
[36m(CpuApproximationActor pid=1574091)[0m     v68(vertex_id=43): COMPRESS(axis=0,kind=abs_max)
[36m(CpuApproximationActor pid=1574091)[0m     v69(vertex_id=104): QUANT(dtype=float8_e8m0fnu)
[36m(CpuApproximationActor pid=1574091)[0m     v70(vertex_id=39): COMPRESS(axis=0,kind=abs_max)
[36m(CpuApproximationActor pid=1574091)[0m     v71(vertex_id=62): COMPRESS(axis=0,kind=abs_max)
[36m(CpuApproximationActor pid=1574091)[0m     v72(vertex_id=100): COMPRESS(axis=0,kind=abs_max)
[36m(CpuApproximationActor pid=1574091)[0m     v73(vertex_id=27): COMPRESS(axis=0,kind=abs_max)
[36m(CpuApproximationActor pid=1574091)[0m     v75(vertex_id=75): COMPRESS(axis=0,kind=abs_max)
[36m(CpuApproximationActor pid=1574091)[0m     v78(vertex_id=11): COMPRESS(axis=0,kind=abs_max)
[36m(CpuApproximationActor pid=1574091)[0m     v79(vertex_id=80): COMPRESS(axis=0,kind=abs_max)
[36m(CpuApproximationActor pid=1574091)[0m     v80(vertex_id=107): DIAG(bi1=0,bi2=0,factor=16)
[36m(CpuApproximationActor pid=1574091)[0m     v81(vertex_id=4): COMPRESS(axis=0,kind=abs_max)
[36m(CpuApproximationActor pid=1574091)[0m     v82(vertex_id=68): COMPRESS(axis=1,kind=abs_max)
[36m(CpuApproximationActor pid=1574091)[0m     v84(vertex_id=32): COMPRESS(axis=0,kind=abs_max)
[36m(CpuApproximationActor pid=1574091)[0m     v85(vertex_id=42): COMPRESS(axis=0,kind=abs_max)
[36m(CpuApproximationActor pid=1574091)[0m     v93(vertex_id=13): COMPRESS(axis=1,kind=abs_max)
[36m(CpuApproximationActor pid=1574091)[0m     v97(vertex_id=14): COMPRESS(axis=0,kind=abs_max)
[36m(CpuApproximationActor pid=1574091)[0m     v98(vertex_id=89): COMPRESS(axis=0,kind=abs_max)
[36m(CpuApproximationActor pid=1574091)[0m     v100(vertex_id=41): COMPRESS(axis=2,kind=abs_max)
[36m(CpuApproximationActor pid=1574091)[0m     v101(vertex_id=37): COMPRESS(axis=2,kind=abs_max)
[36m(CpuApproximationActor pid=1574091)[0m     v102(vertex_id=92): COMPRESS(axis=1,kind=abs_max)
[36m(CpuApproximationActor pid=1574091)[0m     v103(vertex_id=65): COMPRESS(axis=2,kind=abs_max)
[36m(CpuApproximationActor pid=1574091)[0m     v104(vertex_id=1): COMPRESS(axis=2,kind=abs_max)
[36m(CpuApproximationActor pid=1574091)[0m     v105(vertex_id=2): COMPRESS(axis=0,kind=abs_max)
[36m(CpuApproximationActor pid=1574091)[0m     v106(vertex_id=19): COMPRESS(axis=1,kind=max)
[36m(CpuApproximationActor pid=1574091)[0m     v108(vertex_id=82): COMPRESS(axis=2,kind=abs_max)
[36m(CpuApproximationActor pid=1574091)[0m     v109(vertex_id=98): COMPRESS(axis=0,kind=abs_max)
[36m(CpuApproximationActor pid=1574091)[0m     v110(vertex_id=70): COMPRESS(axis=1,kind=abs_max)
[36m(CpuApproximationActor pid=1574091)[0m     v111(vertex_id=45): COMPRESS(axis=0,kind=abs_max)
[36m(CpuApproximationActor pid=1574091)[0m     compiled_approx = _inproc_lru_cached_compile(b"approx:" + cache_key, _do_compile_approx)
[36m(CpuApproximationActor pid=1574091)[0m   File "/Users/assmuth/dsnn/alphagrad/src/alphagrad/approx/env.py", line 3406, in _do_compile_approx
[36m(CpuApproximationActor pid=1574091)[0m jax.errors.JaxRuntimeError: RESOURCE_EXHAUSTED: Shared memory size limit exceeded: requested 131072, available: 101376, context: [Fusion: fusion.83 = f32[64,64,64]{1,0,2} fusion(gemm_fusion_dot_general.297, gemm_fusion_dot.370), kind=kCustom, calls=fused_computation.26, backend_config={"operation_queue_id":"0","fusion_backend_config":{"kind":"__triton","block_level_fusion_config":{"num_warps":"8","output_tiles":[{"sizes":["2","16","64"]}],"num_ctas":1,"num_stages":1,"is_tma_allowed":false,"is_warp_specialization_allowed":false,"waves_per_eu":0}},"force_earliest_schedule":false,"reification_cost":[],"device_type":"DEVICE_TYPE_INVALID"}Computation: fused_computation.26 {
[36m(CpuApproximationActor pid=1574091)[0m   constant_987 = f32[] constant(-inf)
[36m(CpuApproximationActor pid=1574091)[0m   iota.57 = s32[64,64]{1,0} iota(), iota_dimension=0
[36m(CpuApproximationActor pid=1574091)[0m   iota.1.3 = s32[64,64]{1,0} iota(), iota_dimension=1
[36m(CpuApproximationActor pid=1574091)[0m   eq.46.3 = pred[64,64]{1,0} compare(iota.57, iota.1.3), direction=EQ
[36m(CpuApproximationActor pid=1574091)[0m [SENTINEL-VERBOSE] ==================================================[32m [repeated 2x across cluster][0m
[36m(CpuApproximationActor pid=1574091)[0m [SENTINEL-VERBOSE] step=112 order_len=112 terminal=True init=False point_idx=-1
[36m(CpuApproximationActor pid=1574091)[0m   bitcast.3552.1 = f32[64,64,64,64]{3,2,1,0} bitcast(multiply.550.3)[32m [repeated 94x across cluster][0m
[36m(CpuApproximationActor pid=1574091)[0m   broadcast.1498.22 = f32[1,1,1,64,64,64,64]{6,5,4,3,2,1,0} broadcast(constant_48_41), dimensions={}[32m [repeated 4x across cluster][0m
[36m(CpuApproximationActor pid=1574091)[0m   ROOT reduce.327.1 = f32[64,64,64]{1,0,2} reduce(bitcast.3552.1, constant_48_41), dimensions={1}, to_apply=region_1.2.clone.26[32m [repeated 2x across cluster][0m
[36m(CpuApproximationActor pid=1574091)[0m }][32m [repeated 2x across cluster][0m
[36m(CpuApproximationActor pid=1574091)[0m [SENTINEL-VERBOSE] ORDER (112): [102, 77, 91, 103, 25, 21, 28, 52, 47, 58, 71, 78, 24, 34, 31, 86, 85, 111, 93, 72, 60, 97, 36, 40, 109, 57, 44, 48, 88, 112, 8, 81, 90, 96, 67, 84, 50, 53, 18, 110, 94, 17, 6, 83, 76, 20, 15, 35, 64, 74, 56, 87, 51, 5, 66, 73, 99, 10, 29, 106, 105, 12, 38, 79, 22, 95, 26, 54, 43, 104, 39, 62, 100, 27, 55, 75, 108, 61, 11, 80, 107, 4, 68, 101, 32, 42, 49, 46, 7, 9, 16, 30, 63, 13, 33, 3, 69, 14, 89, 59, 41, 37, 92, 65, 1, 2, 19, 23, 82, 98, 70, 45]
[36m(CpuApproximationActor pid=1574091)[0m [SENTINEL-VERBOSE] MICRO-ACTIONS (per vertex, in elimination order):
[36m(CpuApproximationActor pid=1574091)[0m [SENTINEL-VERBOSE] TRACEBACK:
[36m(CpuApproximationActor pid=1574091)[0m Traceback (most recent call last):
[36m(CpuApproximationActor pid=1574091)[0m   File "/Users/assmuth/dsnn/alphagrad/src/alphagrad/approx/cpu_approx_worker.py", line 257, in evaluate
[36m(CpuApproximationActor pid=1574091)[0m     tokens, eqn_ids, reward = _callback(
[36m(CpuApproximationActor pid=1574091)[0m                               ~~~~~~~~~^
[36m(CpuApproximationActor pid=1574091)[0m         self._config,
[36m(CpuApproximationActor pid=1574091)[0m         ^^^^^^^^^^^^^
[36m(CpuApproximationActor pid=1574091)[0m     ...<5 lines>...[32m [repeated 2x across cluster][0m
[36m(CpuApproximationActor pid=1574091)[0m         point_idx=int(point_idx),
[36m(CpuApproximationActor pid=1574091)[0m         ^^^^^^^^^^^^^^^^^^^^^^^^^
[36m(CpuApproximationActor pid=1574091)[0m     )[32m [repeated 4x across cluster][0m
[36m(CpuApproximationActor pid=1574091)[0m     ^[32m [repeated 2x across cluster][0m
[36m(CpuApproximationActor pid=1574091)[0m   File "/Users/assmuth/dsnn/alphagrad/src/alphagrad/approx/env.py", line 3443, in _callback
[36m(CpuApproximationActor pid=1574091)[0m   File "/Users/assmuth/dsnn/alphagrad/src/alphagrad/approx/env.py", line 286, in _inproc_lru_cached_compile
[36m(CpuApproximationActor pid=1574091)[0m     return _cc(key, compile_fn)
[36m(CpuApproximationActor pid=1574091)[0m   File "/Users/assmuth/dsnn/alphagrad/src/alphagrad/approx/common/compile_cache.py", line 150, in cached_compile
[36m(CpuApproximationActor pid=1574091)[0m     compiled = compile_fn()
[36m(CpuApproximationActor pid=1574091)[0m     return jax.jit(fn, keep_unused=True).lower(*args_for_lower).compile()
[36m(CpuApproximationActor pid=1574091)[0m            ~~~~~~~~~~~~~~~~~~~~~~~~~~~~~~~~~~~~~~~~~~~~~~~~~~~~~~~~~~~~^^
[36m(CpuApproximationActor pid=1574091)[0m   File "/Users/assmuth/dsnn/.venv/lib/python3.13/site-packages/jax/_src/interpreters/pxla.py", line 1226, in compile[32m [repeated 2x across cluster][0m
[36m(CpuApproximationActor pid=1574091)[0m     return Compiled(self._lowering.compile(**kw), self._lowering.const_args,
[36m(CpuApproximationActor pid=1574091)[0m                     ~~~~~~~~~~~~~~~~~~~~~~^^^^^^
[36m(CpuApproximationActor pid=1574091)[0m     executable = UnloadedMeshExecutable.from_hlo(
[36m(CpuApproximationActor pid=1574091)[0m         self._name, self._hlo, **self.compile_args,
[36m(CpuApproximationActor pid=1574091)[0m         compiler_options_kvs=compiler_options_kvs,
[36m(CpuApproximationActor pid=1574091)[0m         device_list=compilation_device_list)
[36m(CpuApproximationActor pid=1574091)[0m   File "/Users/assmuth/dsnn/.venv/lib/python3.13/site-packages/jax/_src/interpreters/pxla.py", line 1724, in from_hlo
[36m(CpuApproximationActor pid=1574091)[0m     xla_executable = _cached_compilation(
[36m(CpuApproximationActor pid=1574091)[0m         hlo, name, tuple_args, allow_prop_to_inputs, allow_prop_to_outputs,
[36m(CpuApproximationActor pid=1574091)[0m         tuple(host_callbacks), backend, device_list, compiler_options_kvs,
[36m(CpuApproximationActor pid=1574091)[0m         pgle_profiler)
[36m(CpuApproximationActor pid=1574091)[0m   File "/Users/assmuth/dsnn/.venv/lib/python3.13/site-packages/jax/_src/interpreters/pxla.py", line 1507, in _cached_compilation
[36m(CpuApproximationActor pid=1574091)[0m     xla_executable = compiler.compile_or_get_cached(
[36m(CpuApproximationActor pid=1574091)[0m         backend, computation, dev, compile_options, host_callbacks,
[36m(CpuApproximationActor pid=1574091)[0m         da, pgle_profiler)
[36m(CpuApproximationActor pid=1574091)[0m   File "/Users/assmuth/dsnn/.venv/lib/python3.13/site-packages/jax/_src/compiler.py", line 469, in compile_or_get_cached
[36m(CpuApproximationActor pid=1574091)[0m     return _compile_and_write_cache(
[36m(CpuApproximationActor pid=1574091)[0m         backend,
[36m(CpuApproximationActor pid=1574091)[0m         cache_key,
[36m(CpuApproximationActor pid=1574091)[0m   File "/Users/assmuth/dsnn/.venv/lib/python3.13/site-packages/jax/_src/compiler.py", line 737, in _compile_and_write_cache
[36m(CpuApproximationActor pid=1574091)[0m     executable = backend_compile_and_load(
[36m(CpuApproximationActor pid=1574091)[0m         backend, computation, executable_devices, compile_options, host_callbacks
[36m(CpuApproximationActor pid=1574091)[0m   File "/Users/assmuth/dsnn/.venv/lib/python3.13/site-packages/jax/_src/profiler.py", line 384, in wrapper
[36m(CpuApproximationActor pid=1574091)[0m     return func(*args, **kwargs)
[36m(CpuApproximationActor pid=1574091)[0m   File "/Users/assmuth/dsnn/.venv/lib/python3.13/site-packages/jax/_src/compiler.py", line 353, in backend_compile_and_load[32m [repeated 2x across cluster][0m
[36m(CpuApproximationActor pid=1574091)[0m     raise e
[36m(CpuApproximationActor pid=1574091)[0m     return backend.compile_and_load(
[36m(CpuApproximationActor pid=1574091)[0m            ~~~~~~~~~~~~~~~~~~~~~~~~^
[36m(CpuApproximationActor pid=1574091)[0m         module,
[36m(CpuApproximationActor pid=1574091)[0m         ^^^^^^^
[36m(CpuApproximationActor pid=1574091)[0m         executable_devices=executable_devices,
[36m(CpuApproximationActor pid=1574091)[0m         ^^^^^^^^^^^^^^^^^^^^^^^^^^^^^^^^^^^^^^
[36m(CpuApproximationActor pid=1574091)[0m         compile_options=options,
[36m(CpuApproximationActor pid=1574091)[0m         ^^^^^^^^^^^^^^^^^^^^^^^^
[36m(CpuApproximationActor pid=1574091)[0m [cpu_approx_worker pid=1574091] jax.clear_caches() @ call=223 (every=0, oom=True)
[36m(CpuApproximationActor pid=1574093)[0m loc("add_any.26.1"): error: 'arith.subf' op requires the same type for all operands and results
[36m(CpuApproximationActor pid=1574093)[0m [SENTINEL] measure-exception step=112 order_len=112 terminal=True: JaxRuntimeError: INTERNAL: Failed to compile Triton kernel. Context: [Fusion: fusion.77 = f32[4096,64,64]{2,1,0} fusion(gemm_fusion_dot, gamma2.1, gemm_fusion_dot_general.49, beta1.1, fusion.119, g
[36m(CpuApproximationActor pid=1574093)[0m [SENTINEL-VERBOSE] step=112 order_len=112 terminal=True init=False point_idx=-1
[36m(CpuApproximationActor pid=1574093)[0m [SENTINEL-VERBOSE] EXC JaxRuntimeError: INTERNAL: Failed to compile Triton kernel. Context: [Fusion: fusion.77 = f32[4096,64,64]{2,1,0} fusion(gemm_fusion_dot, gamma2.1, gemm_fusion_dot_general.49, beta1.1, fusion.119, gamma1.1), kind=kCustom, calls=fused_computation.33, backend_config={"operation_queue_id":"0","fusion_backend_config":{"kind":"__triton","block_level_fusion_config":{"num_warps":"8","output_tiles":[{"sizes":["16","16","64"]}],"num_ctas":1,"num_stages":1,"is_tma_allowed":false,"is_warp_specialization_allowed":false,"waves_per_eu":0}},"force_earliest_schedule":false,"reification_cost":[],"device_type":"DEVICE_TYPE_INVALID"}Computation: fused_computation.33 {
[36m(CpuApproximationActor pid=1574093)[0m [SENTINEL-VERBOSE] ORDER (112): [19, 53, 14, 111, 54, 31, 91, 112, 27, 70, 38, 25, 88, 63, 105, 61, 32, 13, 71, 40, 108, 33, 97, 57, 41, 36, 58, 21, 86, 93, 84, 12, 18, 100, 45, 51, 2, 77, 8, 7, 44, 99, 55, 83, 9, 65, 104, 96, 1, 81, 28, 6, 72, 56, 29, 26, 5, 101, 67, 46, 66, 39, 24, 34, 42, 64, 98, 17, 69, 3, 89, 73, 4, 22, 23, 78, 103, 106, 20, 47, 60, 85, 30, 35, 15, 59, 62, 75, 68, 110, 43, 37, 79, 48, 87, 109, 102, 94, 90, 50, 95, 82, 52, 49, 107, 74, 92, 76, 16, 80, 10, 11]
[36m(CpuApproximationActor pid=1574093)[0m [SENTINEL-VERBOSE] MICRO-ACTIONS (per vertex, in elimination order):
[36m(CpuApproximationActor pid=1574093)[0m     v2(vertex_id=14): COMPRESS(axis=1,kind=abs_max)
[36m(CpuApproximationActor pid=1574093)[0m     v3(vertex_id=111): COMPRESS(axis=1,kind=abs_max)
[36m(CpuApproximationActor pid=1574093)[0m     v4(vertex_id=54): COMPRESS(axis=1,kind=abs_max)
[36m(CpuApproximationActor pid=1574093)[0m     v6(vertex_id=91): COMPRESS(axis=0,kind=abs_max)
[36m(CpuApproximationActor pid=1574093)[0m     v8(vertex_id=27): COMPRESS(axis=0,kind=abs_max)
[36m(CpuApproximationActor pid=1574093)[0m     v9(vertex_id=70): COMPRESS(axis=0,kind=abs_max)
[36m(CpuApproximationActor pid=1574093)[0m     v10(vertex_id=38): COMPRESS(axis=0,kind=abs_max)
[36m(CpuApproximationActor pid=1574093)[0m     v11(vertex_id=25): COMPRESS(axis=1,kind=abs_max)
[36m(CpuApproximationActor pid=1574093)[0m     v15(vertex_id=61): COMPRESS(axis=0,kind=abs_max)
[36m(CpuApproximationActor pid=1574093)[0m     v16(vertex_id=32): COMPRESS(axis=1,kind=abs_max)
[36m(CpuApproximationActor pid=1574093)[0m     v17(vertex_id=13): COMPRESS(axis=0,kind=abs_max)
[36m(CpuApproximationActor pid=1574093)[0m     v19(vertex_id=40): COMPRESS(axis=0,kind=abs_max)
[36m(CpuApproximationActor pid=1574093)[0m     v20(vertex_id=108): COMPRESS(axis=0,kind=abs_max)
[36m(CpuApproximationActor pid=1574093)[0m     v21(vertex_id=33): COMPRESS(axis=0,kind=abs_max)
[36m(CpuApproximationActor pid=1574093)[0m     v22(vertex_id=97): COMPRESS(axis=1,kind=abs_max)
[36m(CpuApproximationActor pid=1574093)[0m     v23(vertex_id=57): COMPRESS(axis=0,kind=abs_max)
[36m(CpuApproximationActor pid=1574093)[0m     v24(vertex_id=41): COMPRESS(axis=0,kind=abs_max)
[36m(CpuApproximationActor pid=1574093)[0m     v25(vertex_id=36): COMPRESS(axis=0,kind=abs_max)
[36m(CpuApproximationActor pid=1574093)[0m     v27(vertex_id=21): COMPRESS(axis=1,kind=abs_max)
[36m(CpuApproximationActor pid=1574093)[0m     v30(vertex_id=84): COMPRESS(axis=1,kind=abs_max)
[36m(CpuApproximationActor pid=1574093)[0m     v31(vertex_id=12): COMPRESS(axis=2,kind=abs_max)
[36m(CpuApproximationActor pid=1574093)[0m     v33(vertex_id=100): COMPRESS(axis=0,kind=abs_max)
[36m(CpuApproximationActor pid=1574093)[0m     v34(vertex_id=45): COMPRESS(axis=0,kind=abs_max)
[36m(CpuApproximationActor pid=1574093)[0m     v35(vertex_id=51): COMPRESS(axis=0,kind=abs_max)
[36m(CpuApproximationActor pid=1574093)[0m     v36(vertex_id=2): COMPRESS(axis=1,kind=abs_max)
[36m(CpuApproximationActor pid=1574093)[0m     v37(vertex_id=77): COMPRESS(axis=0,kind=abs_max)
[36m(CpuApproximationActor pid=1574093)[0m     v42(vertex_id=55): COMPRESS(axis=0,kind=abs_max)
[36m(CpuApproximationActor pid=1574093)[0m     v43(vertex_id=83): COMPRESS(axis=0,kind=abs_max)
[36m(CpuApproximationActor pid=1574093)[0m     v45(vertex_id=65): COMPRESS(axis=1,kind=abs_max)
[36m(CpuApproximationActor pid=1574093)[0m     v47(vertex_id=96): COMPRESS(axis=0,kind=abs_max)
[36m(CpuApproximationActor pid=1574093)[0m     v48(vertex_id=1): DIAG(bi1=1,bi2=1,factor=16)
[36m(CpuApproximationActor pid=1574093)[0m     v49(vertex_id=81): COMPRESS(axis=0,kind=abs_max)
[36m(CpuApproximationActor pid=1574093)[0m     v50(vertex_id=28): COMPRESS(axis=0,kind=abs_max)
[36m(CpuApproximationActor pid=1574093)[0m     v52(vertex_id=72): COMPRESS(axis=0,kind=abs_max)
[36m(CpuApproximationActor pid=1574093)[0m     v55(vertex_id=26): COMPRESS(axis=0,kind=abs_max)
[36m(CpuApproximationActor pid=1574093)[0m     v56(vertex_id=5): COMPRESS(axis=1,kind=abs_max)
[36m(CpuApproximationActor pid=1574093)[0m     v58(vertex_id=67): COMPRESS(axis=2,kind=abs_max)
[36m(CpuApproximationActor pid=1574093)[0m     v59(vertex_id=46): COMPRESS(axis=0,kind=abs_max)
[36m(CpuApproximationActor pid=1574093)[0m     v60(vertex_id=66): COMPRESS(axis=0,kind=abs_max)
[36m(CpuApproximationActor pid=1574093)[0m     v61(vertex_id=39): COMPRESS(axis=1,kind=abs_max)
[36m(CpuApproximationActor pid=1574093)[0m     v62(vertex_id=24): QUANT(dtype=float8_e8m0fnu)
[36m(CpuApproximationActor pid=1574093)[0m     v64(vertex_id=42): COMPRESS(axis=2,kind=abs_max)
[36m(CpuApproximationActor pid=1574093)[0m     v65(vertex_id=64): COMPRESS(axis=0,kind=abs_max)
[36m(CpuApproximationActor pid=1574093)[0m     v66(vertex_id=98): COMPRESS(axis=0,kind=abs_max)
[36m(CpuApproximationActor pid=1574093)[0m     v67(vertex_id=17): COMPRESS(axis=1,kind=abs_max)
[36m(CpuApproximationActor pid=1574093)[0m     v69(vertex_id=3): COMPRESS(axis=1,kind=abs_max)
[36m(CpuApproximationActor pid=1574093)[0m     v71(vertex_id=73): COMPRESS(axis=2,kind=abs_max)
[36m(CpuApproximationActor pid=1574093)[0m     v72(vertex_id=4): COMPRESS(axis=1,kind=abs_max)
[36m(CpuApproximationActor pid=1574093)[0m     v73(vertex_id=22): COMPRESS(axis=0,kind=abs_max)
[36m(CpuApproximationActor pid=1574093)[0m     v76(vertex_id=103): COMPRESS(axis=0,kind=abs_max)
[36m(CpuApproximationActor pid=1574093)[0m     v77(vertex_id=106): COMPRESS(axis=2,kind=abs_max)
[36m(CpuApproximationActor pid=1574093)[0m     v78(vertex_id=20): COMPRESS(axis=1,kind=abs_max)
[36m(CpuApproximationActor pid=1574093)[0m     v79(vertex_id=47): COMPRESS(axis=0,kind=abs_max)
[36m(CpuApproximationActor pid=1574093)[0m     v82(vertex_id=30): COMPRESS(axis=0,kind=abs_max)
[36m(CpuApproximationActor pid=1574093)[0m     v83(vertex_id=35): COMPRESS(axis=0,kind=abs_max)
[36m(CpuApproximationActor pid=1574093)[0m     v84(vertex_id=15): COMPRESS(axis=0,kind=abs_max)
[36m(CpuApproximationActor pid=1574093)[0m     v86(vertex_id=62): COMPRESS(axis=1,kind=abs_max)
[36m(CpuApproximationActor pid=1574093)[0m     v87(vertex_id=75): COMPRESS(axis=0,kind=abs_max)
[36m(CpuApproximationActor pid=1574093)[0m     v88(vertex_id=68): COMPRESS(axis=0,kind=abs_max)
[36m(CpuApproximationActor pid=1574093)[0m     v89(vertex_id=110): COMPRESS(axis=0,kind=abs_max)
[36m(CpuApproximationActor pid=1574093)[0m     v90(vertex_id=43): COMPRESS(axis=0,kind=abs_max)
[36m(CpuApproximationActor pid=1574093)[0m     v91(vertex_id=37): COMPRESS(axis=2,kind=abs_max)
[36m(CpuApproximationActor pid=1574093)[0m     v94(vertex_id=87): COMPRESS(axis=0,kind=abs_max)
[36m(CpuApproximationActor pid=1574093)[0m     v95(vertex_id=109): COMPRESS(axis=0,kind=abs_max)
[36m(CpuApproximationActor pid=1574093)[0m     v96(vertex_id=102): COMPRESS(axis=0,kind=abs_max)
[36m(CpuApproximationActor pid=1574093)[0m     v100(vertex_id=95): COMPRESS(axis=1,kind=abs_max)
[36m(CpuApproximationActor pid=1574093)[0m     v101(vertex_id=82): COMPRESS(axis=0,kind=abs_max)
[36m(CpuApproximationActor pid=1574093)[0m     v102(vertex_id=52): COMPRESS(axis=1,kind=abs_max)
[36m(CpuApproximationActor pid=1574093)[0m     v105(vertex_id=74): COMPRESS(axis=0,kind=abs_max)
[36m(CpuApproximationActor pid=1574093)[0m     v106(vertex_id=92): COMPRESS(axis=2,kind=abs_max)
[36m(CpuApproximationActor pid=1574093)[0m     v109(vertex_id=80): COMPRESS(axis=0,kind=abs_max)
[36m(CpuApproximationActor pid=1574093)[0m     v110(vertex_id=10): COMPRESS(axis=3,kind=abs_max)
[36m(CpuApproximationActor pid=1574093)[0m     v111(vertex_id=11): COMPRESS(axis=2,kind=abs_max)
[36m(CpuApproximationActor pid=1574093)[0m [SENTINEL-VERBOSE] TRACEBACK:
[36m(CpuApproximationActor pid=1574093)[0m Traceback (most recent call last):
[36m(CpuApproximationActor pid=1574093)[0m   File "/Users/assmuth/dsnn/alphagrad/src/alphagrad/approx/cpu_approx_worker.py", line 257, in evaluate
[36m(CpuApproximationActor pid=1574093)[0m     tokens, eqn_ids, reward = _callback(
[36m(CpuApproximationActor pid=1574093)[0m                               ~~~~~~~~~^
[36m(CpuApproximationActor pid=1574093)[0m         self._config,
[36m(CpuApproximationActor pid=1574093)[0m         ^^^^^^^^^^^^^
[36m(CpuApproximationActor pid=1574093)[0m         point_idx=int(point_idx),
[36m(CpuApproximationActor pid=1574093)[0m         ^^^^^^^^^^^^^^^^^^^^^^^^^
[36m(CpuApproximationActor pid=1574093)[0m   File "/Users/assmuth/dsnn/alphagrad/src/alphagrad/approx/env.py", line 3655, in _callback
[36m(CpuApproximationActor pid=1574093)[0m     compiled_exact = _inproc_lru_cached_compile(b"exact:" + exact_cache_key, _do_compile_exact)
[36m(CpuApproximationActor pid=1574093)[0m   File "/Users/assmuth/dsnn/alphagrad/src/alphagrad/approx/env.py", line 286, in _inproc_lru_cached_compile
[36m(CpuApproximationActor pid=1574093)[0m     return _cc(key, compile_fn)
[36m(CpuApproximationActor pid=1574093)[0m   File "/Users/assmuth/dsnn/alphagrad/src/alphagrad/approx/common/compile_cache.py", line 150, in cached_compile
[36m(CpuApproximationActor pid=1574093)[0m     compiled = compile_fn()
[36m(CpuApproximationActor pid=1574093)[0m   File "/Users/assmuth/dsnn/alphagrad/src/alphagrad/approx/env.py", line 3437, in _do_compile_exact
[36m(CpuApproximationActor pid=1574093)[0m     return jax.jit(fn, keep_unused=True).lower(*args_for_lower).compile()
[36m(CpuApproximationActor pid=1574093)[0m            ~~~~~~~~~~~~~~~~~~~~~~~~~~~~~~~~~~~~~~~~~~~~~~~~~~~~~~~~~~~~^^
[36m(CpuApproximationActor pid=1574093)[0m     return Compiled(self._lowering.compile(**kw), self._lowering.const_args,
[36m(CpuApproximationActor pid=1574093)[0m                     ~~~~~~~~~~~~~~~~~~~~~~^^^^^^
[36m(CpuApproximationActor pid=1574093)[0m     executable = UnloadedMeshExecutable.from_hlo(
[36m(CpuApproximationActor pid=1574093)[0m         self._name, self._hlo, **self.compile_args,
[36m(CpuApproximationActor pid=1574093)[0m         compiler_options_kvs=compiler_options_kvs,
[36m(CpuApproximationActor pid=1574093)[0m         device_list=compilation_device_list)
[36m(CpuApproximationActor pid=1574093)[0m   File "/Users/assmuth/dsnn/.venv/lib/python3.13/site-packages/jax/_src/interpreters/pxla.py", line 1724, in from_hlo
[36m(CpuApproximationActor pid=1574093)[0m     xla_executable = _cached_compilation(
[36m(CpuApproximationActor pid=1574093)[0m         hlo, name, tuple_args, allow_prop_to_inputs, allow_prop_to_outputs,
[36m(CpuApproximationActor pid=1574093)[0m         tuple(host_callbacks), backend, device_list, compiler_options_kvs,
[36m(CpuApproximationActor pid=1574093)[0m         pgle_profiler)
[36m(CpuApproximationActor pid=1574093)[0m   File "/Users/assmuth/dsnn/.venv/lib/python3.13/site-packages/jax/_src/interpreters/pxla.py", line 1507, in _cached_compilation
[36m(CpuApproximationActor pid=1574093)[0m     xla_executable = compiler.compile_or_get_cached(
[36m(CpuApproximationActor pid=1574093)[0m         backend, computation, dev, compile_options, host_callbacks,
[36m(CpuApproximationActor pid=1574093)[0m         da, pgle_profiler)
[36m(CpuApproximationActor pid=1574093)[0m   File "/Users/assmuth/dsnn/.venv/lib/python3.13/site-packages/jax/_src/compiler.py", line 469, in compile_or_get_cached
[36m(CpuApproximationActor pid=1574093)[0m     return _compile_and_write_cache(
[36m(CpuApproximationActor pid=1574093)[0m         backend,
[36m(CpuApproximationActor pid=1574093)[0m         cache_key,
[36m(CpuApproximationActor pid=1574093)[0m   File "/Users/assmuth/dsnn/.venv/lib/python3.13/site-packages/jax/_src/compiler.py", line 737, in _compile_and_write_cache
[36m(CpuApproximationActor pid=1574093)[0m     executable = backend_compile_and_load(
[36m(CpuApproximationActor pid=1574093)[0m         backend, computation, executable_devices, compile_options, host_callbacks
[36m(CpuApproximationActor pid=1574093)[0m   File "/Users/assmuth/dsnn/.venv/lib/python3.13/site-packages/jax/_src/profiler.py", line 384, in wrapper
[36m(CpuApproximationActor pid=1574093)[0m     return func(*args, **kwargs)
[36m(CpuApproximationActor pid=1574093)[0m     raise e
[36m(CpuApproximationActor pid=1574093)[0m     return backend.compile_and_load(
[36m(CpuApproximationActor pid=1574093)[0m            ~~~~~~~~~~~~~~~~~~~~~~~~^
[36m(CpuApproximationActor pid=1574093)[0m         module,
[36m(CpuApproximationActor pid=1574093)[0m         ^^^^^^^
[36m(CpuApproximationActor pid=1574093)[0m         executable_devices=executable_devices,
[36m(CpuApproximationActor pid=1574093)[0m         ^^^^^^^^^^^^^^^^^^^^^^^^^^^^^^^^^^^^^^
[36m(CpuApproximationActor pid=1574093)[0m         compile_options=options,
[36m(CpuApproximationActor pid=1574093)[0m         ^^^^^^^^^^^^^^^^^^^^^^^^
[36m(CpuApproximationActor pid=1574093)[0m jax.errors.JaxRuntimeError: INTERNAL: Failed to compile Triton kernel. Context: [Fusion: fusion.77 = f32[4096,64,64]{2,1,0} fusion(gemm_fusion_dot, gamma2.1, gemm_fusion_dot_general.49, beta1.1, fusion.119, gamma1.1), kind=kCustom, calls=fused_computation.33, backend_config={"operation_queue_id":"0","fusion_backend_config":{"kind":"__triton","block_level_fusion_config":{"num_warps":"8","output_tiles":[{"sizes":["16","16","64"]}],"num_ctas":1,"num_stages":1,"is_tma_allowed":false,"is_warp_specialization_allowed":false,"waves_per_eu":0}},"force_earliest_schedule":false,"reification_cost":[],"device_type":"DEVICE_TYPE_INVALID"}Computation: fused_computation.33 {
[36m(CpuApproximationActor pid=1574093)[0m [SENTINEL-VERBOSE] ==================================================[32m [repeated 2x across cluster][0m
[36m(CpuApproximationActor pid=1574093)[0m   broadcast_in_dim.100.1 = f32[4096,64,64]{2,1,0} broadcast(multiply.22.3), dimensions={0,1}[32m [repeated 118x across cluster][0m
[36m(CpuApproximationActor pid=1574093)[0m   broadcast.12.2 = f32[64,64]{1,0} broadcast(constant_16_3), dimensions={}[32m [repeated 12x across cluster][0m
[36m(CpuApproximationActor pid=1574093)[0m   ROOT add_any.26.1 = f32[4096,64,64]{2,1,0} add(add_any.24.3, broadcast_in_dim.100.1)[32m [repeated 2x across cluster][0m
[36m(CpuApproximationActor pid=1574093)[0m }][32m [repeated 2x across cluster][0m
[36m(CpuApproximationActor pid=1574093)[0m     ...<5 lines>...[32m [repeated 2x across cluster][0m
[36m(CpuApproximationActor pid=1574093)[0m     )[32m [repeated 4x across cluster][0m
[36m(CpuApproximationActor pid=1574093)[0m     ^[32m [repeated 2x across cluster][0m
[36m(CpuApproximationActor pid=1574093)[0m   File "/Users/assmuth/dsnn/.venv/lib/python3.13/site-packages/jax/_src/interpreters/pxla.py", line 1226, in compile[32m [repeated 2x across cluster][0m
[36m(CpuApproximationActor pid=1574093)[0m   File "/Users/assmuth/dsnn/.venv/lib/python3.13/site-packages/jax/_src/compiler.py", line 353, in backend_compile_and_load[32m [repeated 2x across cluster][0m
[36m(CpuApproximationActor pid=1574091)[0m loc("add_any.26.1"): error: 'arith.subf' op requires the same type for all operands and results
[36m(CpuApproximationActor pid=1574091)[0m     v0(vertex_id=38): COMPRESS(axis=1,kind=abs_max)
[36m(CpuApproximationActor pid=1574091)[0m     v2(vertex_id=62): COMPRESS(axis=0,kind=abs_max)
[36m(CpuApproximationActor pid=1574091)[0m     v3(vertex_id=95): COMPRESS(axis=1,kind=abs_max)
[36m(CpuApproximationActor pid=1574091)[0m     v4(vertex_id=7): COMPRESS(axis=0,kind=abs_max)
[36m(CpuApproximationActor pid=1574091)[0m     v5(vertex_id=74): DIAG(bi1=0,bi2=1,factor=16)
[36m(CpuApproximationActor pid=1574091)[0m     v7(vertex_id=90): COMPRESS(axis=1,kind=abs_max)
[36m(CpuApproximationActor pid=1574091)[0m     v8(vertex_id=33): COMPRESS(axis=1,kind=abs_max)
[36m(CpuApproximationActor pid=1574091)[0m     v9(vertex_id=2): COMPRESS(axis=0,kind=abs_max)
[36m(CpuApproximationActor pid=1574091)[0m     v10(vertex_id=87): COMPRESS(axis=0,kind=abs_max)
[36m(CpuApproximationActor pid=1574091)[0m     v11(vertex_id=39): COMPRESS(axis=0,kind=abs_max)
[36m(CpuApproximationActor pid=1574091)[0m     v21(vertex_id=54): COMPRESS(axis=0,kind=abs_max)
[36m(CpuApproximationActor pid=1574091)[0m     v22(vertex_id=44): COMPRESS(axis=0,kind=abs_max)
[36m(CpuApproximationActor pid=1574091)[0m     v23(vertex_id=5): COMPRESS(axis=1,kind=abs_max)
[36m(CpuApproximationActor pid=1574091)[0m     v25(vertex_id=30): COMPRESS(axis=0,kind=abs_max)
[36m(CpuApproximationActor pid=1574091)[0m     v26(vertex_id=107): COMPRESS(axis=1,kind=abs_max)
[36m(CpuApproximationActor pid=1574091)[0m     v27(vertex_id=10): COMPRESS(axis=1,kind=abs_max)
[36m(CpuApproximationActor pid=1574091)[0m     v28(vertex_id=6): COMPRESS(axis=0,kind=abs_max)
[36m(CpuApproximationActor pid=1574091)[0m     v29(vertex_id=110): COMPRESS(axis=0,kind=abs_max)
[36m(CpuApproximationActor pid=1574091)[0m     v30(vertex_id=77): COMPRESS(axis=0,kind=abs_max)
[36m(CpuApproximationActor pid=1574091)[0m     v35(vertex_id=14): COMPRESS(axis=1,kind=abs_max)
[36m(CpuApproximationActor pid=1574091)[0m     v36(vertex_id=41): DIAG(bi1=1,bi2=1,factor=2)
[36m(CpuApproximationActor pid=1574091)[0m     v38(vertex_id=11): COMPRESS(axis=0,kind=abs_max)
[36m(CpuApproximationActor pid=1574091)[0m     v41(vertex_id=4): COMPRESS(axis=0,kind=abs_max)
[36m(CpuApproximationActor pid=1574091)[0m     v42(vertex_id=36): COMPRESS(axis=0,kind=abs_max)
[36m(CpuApproximationActor pid=1574091)[0m     v44(vertex_id=80): COMPRESS(axis=0,kind=abs_max)
[36m(CpuApproximationActor pid=1574091)[0m     v45(vertex_id=45): COMPRESS(axis=0,kind=abs_max)
[36m(CpuApproximationActor pid=1574091)[0m     v49(vertex_id=52): COMPRESS(axis=0,kind=abs_max)
[36m(CpuApproximationActor pid=1574091)[0m     v50(vertex_id=100): COMPRESS(axis=0,kind=abs_max)
[36m(CpuApproximationActor pid=1574091)[0m     v51(vertex_id=109): COMPRESS(axis=1,kind=abs_max)
[36m(CpuApproximationActor pid=1574091)[0m     v52(vertex_id=84): COMPRESS(axis=1,kind=abs_max)
[36m(CpuApproximationActor pid=1574091)[0m     v53(vertex_id=102): COMPRESS(axis=1,kind=abs_max)
[36m(CpuApproximationActor pid=1574091)[0m     v54(vertex_id=91): COMPRESS(axis=0,kind=abs_max)
[36m(CpuApproximationActor pid=1574091)[0m     v55(vertex_id=83): COMPRESS(axis=0,kind=abs_max)
[36m(CpuApproximationActor pid=1574091)[0m     v57(vertex_id=68): COMPRESS(axis=1,kind=abs_max)
[36m(CpuApproximationActor pid=1574091)[0m     v58(vertex_id=27): COMPRESS(axis=0,kind=abs_max)
[36m(CpuApproximationActor pid=1574091)[0m     v61(vertex_id=76): COMPRESS(axis=0,kind=abs_max)
[36m(CpuApproximationActor pid=1574091)[0m     v62(vertex_id=96): COMPRESS(axis=0,kind=abs_max)
[36m(CpuApproximationActor pid=1574091)[0m     v63(vertex_id=108): COMPRESS(axis=0,kind=abs_max)
[36m(CpuApproximationActor pid=1574091)[0m     v64(vertex_id=65): COMPRESS(axis=0,kind=abs_max)
[36m(CpuApproximationActor pid=1574091)[0m     v65(vertex_id=20): COMPRESS(axis=0,kind=abs_max)
[36m(CpuApproximationActor pid=1574091)[0m     v66(vertex_id=98): COMPRESS(axis=1,kind=abs_max)
[36m(CpuApproximationActor pid=1574091)[0m     v68(vertex_id=61): COMPRESS(axis=0,kind=abs_max)
[36m(CpuApproximationActor pid=1574091)[0m     v69(vertex_id=32): COMPRESS(axis=1,kind=abs_max)
[36m(CpuApproximationActor pid=1574091)[0m     v72(vertex_id=82): COMPRESS(axis=1,kind=abs_max)
[36m(CpuApproximationActor pid=1574091)[0m     v73(vertex_id=106): COMPRESS(axis=1,kind=abs_max)
[36m(CpuApproximationActor pid=1574091)[0m     v75(vertex_id=51): COMPRESS(axis=1,kind=abs_max)
[36m(CpuApproximationActor pid=1574091)[0m     v76(vertex_id=3): COMPRESS(axis=1,kind=abs_max)
[36m(CpuApproximationActor pid=1574091)[0m     v77(vertex_id=97): COMPRESS(axis=0,kind=abs_max)
[36m(CpuApproximationActor pid=1574091)[0m     v78(vertex_id=73): COMPRESS(axis=2,kind=abs_max)
[36m(CpuApproximationActor pid=1574091)[0m     v81(vertex_id=50): COMPRESS(axis=0,kind=abs_max)
[36m(CpuApproximationActor pid=1574091)[0m     v84(vertex_id=94): COMPRESS(axis=0,kind=abs_max)
[36m(CpuApproximationActor pid=1574091)[0m     v85(vertex_id=67): COMPRESS(axis=0,kind=abs_max)
[36m(CpuApproximationActor pid=1574091)[0m     v86(vertex_id=17): COMPRESS(axis=0,kind=abs_max)
[36m(CpuApproximationActor pid=1574091)[0m     v87(vertex_id=75): COMPRESS(axis=1,kind=abs_max)
[36m(CpuApproximationActor pid=1574091)[0m     v88(vertex_id=37): COMPRESS(axis=2,kind=abs_max)
[36m(CpuApproximationActor pid=1574091)[0m     v89(vertex_id=103): COMPRESS(axis=2,kind=abs_max)
[36m(CpuApproximationActor pid=1574091)[0m     v90(vertex_id=1): COMPRESS(axis=2,kind=abs_max)
[36m(CpuApproximationActor pid=1574091)[0m     v91(vertex_id=26): COMPRESS(axis=0,kind=abs_max)
[36m(CpuApproximationActor pid=1574091)[0m     v92(vertex_id=22): COMPRESS(axis=0,kind=abs_max)
[36m(CpuApproximationActor pid=1574091)[0m     v94(vertex_id=28): COMPRESS(axis=0,kind=abs_max)
[36m(CpuApproximationActor pid=1574091)[0m     v96(vertex_id=43): COMPRESS(axis=0,kind=abs_max)
[36m(CpuApproximationActor pid=1574091)[0m     v98(vertex_id=53): COMPRESS(axis=1,kind=abs_max)
[36m(CpuApproximationActor pid=1574091)[0m     v99(vertex_id=85): COMPRESS(axis=2,kind=abs_max)
[36m(CpuApproximationActor pid=1574091)[0m     v100(vertex_id=112): COMPRESS(axis=1,kind=abs_max)
[36m(CpuApproximationActor pid=1574091)[0m     v101(vertex_id=25): COMPRESS(axis=0,kind=abs_max)
[36m(CpuApproximationActor pid=1574091)[0m     v103(vertex_id=35): COMPRESS(axis=0,kind=abs_max)
[36m(CpuApproximationActor pid=1574091)[0m     v104(vertex_id=72): COMPRESS(axis=1,kind=abs_max)
[36m(CpuApproximationActor pid=1574091)[0m     v105(vertex_id=81): COMPRESS(axis=0,kind=abs_max)
[36m(CpuApproximationActor pid=1574091)[0m     v106(vertex_id=13): COMPRESS(axis=1,kind=max)
[36m(CpuApproximationActor pid=1574091)[0m     v107(vertex_id=57): COMPRESS(axis=2,kind=abs_max)
[36m(CpuApproximationActor pid=1574091)[0m     v108(vertex_id=60): COMPRESS(axis=0,kind=abs_max)
[36m(CpuApproximationActor pid=1574091)[0m     v109(vertex_id=66): COMPRESS(axis=0,kind=abs_max)
[36m(CpuApproximationActor pid=1574091)[0m     v110(vertex_id=21): COMPRESS(axis=2,kind=abs_max)
[36m(CpuApproximationActor pid=1574091)[0m     v111(vertex_id=42): COMPRESS(axis=0,kind=abs_max)
[36m(CpuApproximationActor pid=1574091)[0m [SENTINEL] measure-exception step=112 order_len=112 terminal=True: JaxRuntimeError: INTERNAL: Failed to compile Triton kernel. Context: [Fusion: fusion.77 = f32[4096,64,64]{2,1,0} fusion(gemm_fusion_dot, gamma2.1, gemm_fusion_dot_general.49, beta1.1, fusion.119, g
[36m(CpuApproximationActor pid=1574091)[0m [SENTINEL-VERBOSE] step=112 order_len=112 terminal=True init=False point_idx=-1
[36m(CpuApproximationActor pid=1574091)[0m [SENTINEL-VERBOSE] EXC JaxRuntimeError: INTERNAL: Failed to compile Triton kernel. Context: [Fusion: fusion.77 = f32[4096,64,64]{2,1,0} fusion(gemm_fusion_dot, gamma2.1, gemm_fusion_dot_general.49, beta1.1, fusion.119, gamma1.1), kind=kCustom, calls=fused_computation.33, backend_config={"operation_queue_id":"0","fusion_backend_config":{"kind":"__triton","block_level_fusion_config":{"num_warps":"8","output_tiles":[{"sizes":["16","16","64"]}],"num_ctas":1,"num_stages":1,"is_tma_allowed":false,"is_warp_specialization_allowed":false,"waves_per_eu":0}},"force_earliest_schedule":false,"reification_cost":[],"device_type":"DEVICE_TYPE_INVALID"}Computation: fused_computation.33 {
[36m(CpuApproximationActor pid=1574091)[0m [SENTINEL-VERBOSE] ORDER (112): [38, 63, 62, 95, 7, 74, 31, 90, 33, 2, 87, 39, 40, 56, 48, 19, 9, 69, 70, 58, 99, 54, 44, 5, 29, 30, 107, 10, 6, 110, 77, 18, 88, 86, 105, 14, 41, 64, 11, 24, 16, 4, 36, 49, 80, 45, 47, 23, 79, 52, 100, 109, 84, 102, 91, 83, 101, 68, 27, 59, 15, 76, 96, 108, 65, 20, 98, 12, 61, 32, 111, 71, 82, 106, 104, 51, 3, 97, 73, 8, 92, 50, 34, 93, 94, 67, 17, 75, 37, 103, 1, 26, 22, 89, 28, 55, 43, 46, 53, 85, 112, 25, 78, 35, 72, 81, 13, 57, 60, 66, 21, 42]
[36m(CpuApproximationActor pid=1574091)[0m [SENTINEL-VERBOSE] MICRO-ACTIONS (per vertex, in elimination order):
[36m(CpuApproximationActor pid=1574091)[0m [SENTINEL-VERBOSE] TRACEBACK:
[36m(CpuApproximationActor pid=1574091)[0m Traceback (most recent call last):
[36m(CpuApproximationActor pid=1574091)[0m   File "/Users/assmuth/dsnn/alphagrad/src/alphagrad/approx/cpu_approx_worker.py", line 257, in evaluate
[36m(CpuApproximationActor pid=1574091)[0m     tokens, eqn_ids, reward = _callback(
[36m(CpuApproximationActor pid=1574091)[0m                               ~~~~~~~~~^
[36m(CpuApproximationActor pid=1574091)[0m         self._config,
[36m(CpuApproximationActor pid=1574091)[0m         ^^^^^^^^^^^^^
[36m(CpuApproximationActor pid=1574091)[0m         point_idx=int(point_idx),
[36m(CpuApproximationActor pid=1574091)[0m         ^^^^^^^^^^^^^^^^^^^^^^^^^
[36m(CpuApproximationActor pid=1574091)[0m   File "/Users/assmuth/dsnn/alphagrad/src/alphagrad/approx/env.py", line 3655, in _callback
[36m(CpuApproximationActor pid=1574091)[0m     compiled_exact = _inproc_lru_cached_compile(b"exact:" + exact_cache_key, _do_compile_exact)
[36m(CpuApproximationActor pid=1574091)[0m   File "/Users/assmuth/dsnn/alphagrad/src/alphagrad/approx/env.py", line 286, in _inproc_lru_cached_compile
[36m(CpuApproximationActor pid=1574091)[0m     return _cc(key, compile_fn)
[36m(CpuApproximationActor pid=1574091)[0m   File "/Users/assmuth/dsnn/alphagrad/src/alphagrad/approx/common/compile_cache.py", line 150, in cached_compile
[36m(CpuApproximationActor pid=1574091)[0m     compiled = compile_fn()
[36m(CpuApproximationActor pid=1574091)[0m   File "/Users/assmuth/dsnn/alphagrad/src/alphagrad/approx/env.py", line 3437, in _do_compile_exact
[36m(CpuApproximationActor pid=1574091)[0m     return jax.jit(fn, keep_unused=True).lower(*args_for_lower).compile()
[36m(CpuApproximationActor pid=1574091)[0m            ~~~~~~~~~~~~~~~~~~~~~~~~~~~~~~~~~~~~~~~~~~~~~~~~~~~~~~~~~~~~^^
[36m(CpuApproximationActor pid=1574091)[0m     return Compiled(self._lowering.compile(**kw), self._lowering.const_args,
[36m(CpuApproximationActor pid=1574091)[0m                     ~~~~~~~~~~~~~~~~~~~~~~^^^^^^
[36m(CpuApproximationActor pid=1574091)[0m     executable = UnloadedMeshExecutable.from_hlo(
[36m(CpuApproximationActor pid=1574091)[0m         self._name, self._hlo, **self.compile_args,
[36m(CpuApproximationActor pid=1574091)[0m         compiler_options_kvs=compiler_options_kvs,
[36m(CpuApproximationActor pid=1574091)[0m         device_list=compilation_device_list)
[36m(CpuApproximationActor pid=1574091)[0m   File "/Users/assmuth/dsnn/.venv/lib/python3.13/site-packages/jax/_src/interpreters/pxla.py", line 1724, in from_hlo
[36m(CpuApproximationActor pid=1574091)[0m     xla_executable = _cached_compilation(
[36m(CpuApproximationActor pid=1574091)[0m         hlo, name, tuple_args, allow_prop_to_inputs, allow_prop_to_outputs,
[36m(CpuApproximationActor pid=1574091)[0m         tuple(host_callbacks), backend, device_list, compiler_options_kvs,
[36m(CpuApproximationActor pid=1574091)[0m         pgle_profiler)
[36m(CpuApproximationActor pid=1574091)[0m   File "/Users/assmuth/dsnn/.venv/lib/python3.13/site-packages/jax/_src/interpreters/pxla.py", line 1507, in _cached_compilation
[36m(CpuApproximationActor pid=1574091)[0m     xla_executable = compiler.compile_or_get_cached(
[36m(CpuApproximationActor pid=1574091)[0m         backend, computation, dev, compile_options, host_callbacks,
[36m(CpuApproximationActor pid=1574091)[0m         da, pgle_profiler)
[36m(CpuApproximationActor pid=1574091)[0m   File "/Users/assmuth/dsnn/.venv/lib/python3.13/site-packages/jax/_src/compiler.py", line 469, in compile_or_get_cached
[36m(CpuApproximationActor pid=1574091)[0m     return _compile_and_write_cache(
[36m(CpuApproximationActor pid=1574091)[0m         backend,
[36m(CpuApproximationActor pid=1574091)[0m         cache_key,
[36m(CpuApproximationActor pid=1574091)[0m   File "/Users/assmuth/dsnn/.venv/lib/python3.13/site-packages/jax/_src/compiler.py", line 737, in _compile_and_write_cache
[36m(CpuApproximationActor pid=1574091)[0m     executable = backend_compile_and_load(
[36m(CpuApproximationActor pid=1574091)[0m         backend, computation, executable_devices, compile_options, host_callbacks
[36m(CpuApproximationActor pid=1574091)[0m   File "/Users/assmuth/dsnn/.venv/lib/python3.13/site-packages/jax/_src/profiler.py", line 384, in wrapper
[36m(CpuApproximationActor pid=1574091)[0m     return func(*args, **kwargs)
[36m(CpuApproximationActor pid=1574091)[0m     raise e
[36m(CpuApproximationActor pid=1574091)[0m     return backend.compile_and_load(
[36m(CpuApproximationActor pid=1574091)[0m            ~~~~~~~~~~~~~~~~~~~~~~~~^
[36m(CpuApproximationActor pid=1574091)[0m         module,
[36m(CpuApproximationActor pid=1574091)[0m         ^^^^^^^
[36m(CpuApproximationActor pid=1574091)[0m         executable_devices=executable_devices,
[36m(CpuApproximationActor pid=1574091)[0m         ^^^^^^^^^^^^^^^^^^^^^^^^^^^^^^^^^^^^^^
[36m(CpuApproximationActor pid=1574091)[0m         compile_options=options,
[36m(CpuApproximationActor pid=1574091)[0m         ^^^^^^^^^^^^^^^^^^^^^^^^
[36m(CpuApproximationActor pid=1574091)[0m jax.errors.JaxRuntimeError: INTERNAL: Failed to compile Triton kernel. Context: [Fusion: fusion.77 = f32[4096,64,64]{2,1,0} fusion(gemm_fusion_dot, gamma2.1, gemm_fusion_dot_general.49, beta1.1, fusion.119, gamma1.1), kind=kCustom, calls=fused_computation.33, backend_config={"operation_queue_id":"0","fusion_backend_config":{"kind":"__triton","block_level_fusion_config":{"num_warps":"8","output_tiles":[{"sizes":["16","16","64"]}],"num_ctas":1,"num_stages":1,"is_tma_allowed":false,"is_warp_specialization_allowed":false,"waves_per_eu":0}},"force_earliest_schedule":false,"reification_cost":[],"device_type":"DEVICE_TYPE_INVALID"}Computation: fused_computation.33 {
[36m(CpuApproximationActor pid=1574091)[0m [SENTINEL-VERBOSE] ==================================================[32m [repeated 2x across cluster][0m
[36m(CpuApproximationActor pid=1574091)[0m   broadcast_in_dim.100.1 = f32[4096,64,64]{2,1,0} broadcast(multiply.22.3), dimensions={0,1}[32m [repeated 118x across cluster][0m
[36m(CpuApproximationActor pid=1574091)[0m   broadcast.12.2 = f32[64,64]{1,0} broadcast(constant_16_3), dimensions={}[32m [repeated 12x across cluster][0m
[36m(CpuApproximationActor pid=1574091)[0m   ROOT add_any.26.1 = f32[4096,64,64]{2,1,0} add(add_any.24.3, broadcast_in_dim.100.1)[32m [repeated 2x across cluster][0m
[36m(CpuApproximationActor pid=1574091)[0m }][32m [repeated 2x across cluster][0m
[36m(CpuApproximationActor pid=1574091)[0m     ...<5 lines>...[32m [repeated 2x across cluster][0m
[36m(CpuApproximationActor pid=1574091)[0m     )[32m [repeated 4x across cluster][0m
[36m(CpuApproximationActor pid=1574091)[0m     ^[32m [repeated 2x across cluster][0m
[36m(CpuApproximationActor pid=1574091)[0m   File "/Users/assmuth/dsnn/.venv/lib/python3.13/site-packages/jax/_src/interpreters/pxla.py", line 1226, in compile[32m [repeated 2x across cluster][0m
[36m(CpuApproximationActor pid=1574091)[0m   File "/Users/assmuth/dsnn/.venv/lib/python3.13/site-packages/jax/_src/compiler.py", line 353, in backend_compile_and_load[32m [repeated 2x across cluster][0m
[36m(PPOActor pid=1574090)[0m [per-face] builds=16000 applied=0 skipped=0 applied_frac=0.000
[36m(PPOActor pid=1574090)[0m W0723 15:30:51.558473 1574090 text_format.cc:393] Warning parsing text-format xla.AutotuneResult: 5:10 (N = 32): text format contains deprecated field "split_k"
[36m(PPOActor pid=1574090)[0m [ppo_ray] 4/448 failed/sentinel transitions this episode (pool timeout / mem-gate / shape-storm); zeroing raw rewards, forcing dones.
[36m(PPOActor pid=1574090)[0m [ppo_ray][popart] ep=0 ev=-279064.167 adv(mean/std/absmax)=-0.057/0.021/0.104 flops: mu=+0 sig=1 frob_residual: mu=+0 sig=1
[36m(PPOActor pid=1574090)[0m W0723 15:31:00.207577 1574090 text_format.cc:393] Warning parsing text-format xla.AutotuneResult: 5:10 (N = 64): text format contains deprecated field "split_k"
[36m(PPOActor pid=1574090)[0m W0723 15:31:06.972759 1574090 hlo_rematerialization.cc:3233] Can't reduce memory use below 17.83GiB (19144916043 bytes) by rematerialization; only reduced to 88.44GiB (94961809553 bytes), down from 108.61GiB (116616989461 bytes) originally
[36m(PPOActor pid=1574090)[0m E0723 15:31:26.086737 1574090 cuda_executor.cc:1210] [0] Failed to allocate device memory: INTERNAL: [0] Failed to allocate 88.38GiB (94903032368 bytes) of device memory: : CUDA_ERROR_OUT_OF_MEMORY: out of memory
Traceback (most recent call last):
  File "/Users/assmuth/dsnn/alphagrad/src/alphagrad/approx/ppo_ray.py", line 776, in <module>
    sys.exit(main())
             ~~~~^^
  File "/Users/assmuth/dsnn/alphagrad/src/alphagrad/approx/ppo_ray.py", line 770, in main
    rc = _run(args)
  File "/Users/assmuth/dsnn/alphagrad/src/alphagrad/approx/ppo_ray.py", line 561, in _run
    stats = ray.get(actor.run_rollout_and_train.remote(seed_counter))
  File "/Users/assmuth/dsnn/.venv/lib/python3.13/site-packages/ray/_private/auto_init_hook.py", line 22, in auto_init_wrapper
    return fn(*args, **kwargs)
  File "/Users/assmuth/dsnn/.venv/lib/python3.13/site-packages/ray/_private/client_mode_hook.py", line 107, in wrapper
    return func(*args, **kwargs)
  File "/Users/assmuth/dsnn/.venv/lib/python3.13/site-packages/ray/_private/worker.py", line 2980, in get
    values, debugger_breakpoint = worker.get_objects(
                                  ~~~~~~~~~~~~~~~~~~^
        object_refs, timeout, use_object_store=_use_object_store
        ^^^^^^^^^^^^^^^^^^^^^^^^^^^^^^^^^^^^^^^^^^^^^^^^^^^^^^^^
    )
    ^
  File "/Users/assmuth/dsnn/.venv/lib/python3.13/site-packages/ray/_private/worker.py", line 1023, in get_objects
    raise value.as_instanceof_cause()
ray.exceptions.RayTaskError(JaxRuntimeError): [36mray::PPOActor.run_rollout_and_train()[39m (pid=1574090, ip=192.168.15.10, actor_id=1313afd6da3abda124377c7d01000000, repr=<alphagrad.approx.ppo_ray_actors.PPOActor object at 0x7644b9325550>)
  File "/Users/assmuth/dsnn/alphagrad/src/alphagrad/approx/ppo_ray_actors.py", line 71, in run_rollout_and_train
    return self._impl.run_rollout_and_train(int(rng_seed))
           ~~~~~~~~~~~~~~~~~~~~~~~~~~~~~~~~^^^^^^^^^^^^^^^
  File "/Users/assmuth/dsnn/alphagrad/src/alphagrad/approx/ppo_ray_worker.py", line 3186, in run_rollout_and_train
    agent, opt_state, aux = self._update_step(
                            ~~~~~~~~~~~~~~~~~^
        agent, opt_state, batch,
        ^^^^^^^^^^^^^^^^^^^^^^^^
    ...<2 lines>...
        _ent_coef_j,
        ^^^^^^^^^^^^
    )
    ^
  File "/Users/assmuth/dsnn/.venv/lib/python3.13/site-packages/equinox/_jit.py", line 209, in __call__
    return _call(self, False, args, kwargs)
  File "/Users/assmuth/dsnn/.venv/lib/python3.13/site-packages/equinox/_jit.py", line 271, in _call
    marker.block_until_ready()
    ~~~~~~~~~~~~~~~~~~~~~~~~^^
jax.errors.JaxRuntimeError: RESOURCE_EXHAUSTED: Failed to allocate request for 88.38GiB (94903032368B) on device ordinal 0 [executable_name='jit_update_step']
Traceback (most recent call last):
  File "/Users/assmuth/dsnn/alphagrad/src/alphagrad/approx/ppo_ray.py", line 776, in <module>
    sys.exit(main())
             ~~~~^^
  File "/Users/assmuth/dsnn/alphagrad/src/alphagrad/approx/ppo_ray.py", line 770, in main
    rc = _run(args)
  File "/Users/assmuth/dsnn/alphagrad/src/alphagrad/approx/ppo_ray.py", line 561, in _run
    stats = ray.get(actor.run_rollout_and_train.remote(seed_counter))
  File "/Users/assmuth/dsnn/.venv/lib/python3.13/site-packages/ray/_private/auto_init_hook.py", line 22, in auto_init_wrapper
    return fn(*args, **kwargs)
  File "/Users/assmuth/dsnn/.venv/lib/python3.13/site-packages/ray/_private/client_mode_hook.py", line 107, in wrapper
    return func(*args, **kwargs)
  File "/Users/assmuth/dsnn/.venv/lib/python3.13/site-packages/ray/_private/worker.py", line 2980, in get
    values, debugger_breakpoint = worker.get_objects(
                                  ~~~~~~~~~~~~~~~~~~^
        object_refs, timeout, use_object_store=_use_object_store
        ^^^^^^^^^^^^^^^^^^^^^^^^^^^^^^^^^^^^^^^^^^^^^^^^^^^^^^^^
    )
    ^
  File "/Users/assmuth/dsnn/.venv/lib/python3.13/site-packages/ray/_private/worker.py", line 1023, in get_objects
    raise value.as_instanceof_cause()
ray.exceptions.RayTaskError(JaxRuntimeError): [36mray::PPOActor.run_rollout_and_train()[39m (pid=1574090, ip=192.168.15.10, actor_id=1313afd6da3abda124377c7d01000000, repr=<alphagrad.approx.ppo_ray_actors.PPOActor object at 0x7644b9325550>)
  File "/Users/assmuth/dsnn/alphagrad/src/alphagrad/approx/ppo_ray_actors.py", line 71, in run_rollout_and_train
    return self._impl.run_rollout_and_train(int(rng_seed))
           ~~~~~~~~~~~~~~~~~~~~~~~~~~~~~~~~^^^^^^^^^^^^^^^
  File "/Users/assmuth/dsnn/alphagrad/src/alphagrad/approx/ppo_ray_worker.py", line 3186, in run_rollout_and_train
    agent, opt_state, aux = self._update_step(
                            ~~~~~~~~~~~~~~~~~^
        agent, opt_state, batch,
        ^^^^^^^^^^^^^^^^^^^^^^^^
    ...<2 lines>...
        _ent_coef_j,
        ^^^^^^^^^^^^
    )
    ^
  File "/Users/assmuth/dsnn/.venv/lib/python3.13/site-packages/equinox/_jit.py", line 209, in __call__
    return _call(self, False, args, kwargs)
  File "/Users/assmuth/dsnn/.venv/lib/python3.13/site-packages/equinox/_jit.py", line 271, in _call
    marker.block_until_ready()
    ~~~~~~~~~~~~~~~~~~~~~~~~^^
jax.errors.JaxRuntimeError: RESOURCE_EXHAUSTED: Failed to allocate request for 88.38GiB (94903032368B) on device ordinal 0 [executable_name='jit_update_step']
[1;34mwandb[0m: 
[1;34mwandb[0m: 🚀 View run [33mexact_encdec_flops[0m at: [34mhttps://wandb.ai/dll-streetview/dsnn-vertex/runs/l0tz2oax[0m
[1;34mwandb[0m: Find logs at: [1;35mwandb/run-20260723_152303-l0tz2oax/logs[0m
=== PHASE flops RC=1 Thu Jul 23 03:32:18 PM UTC 2026 ===
[log_to_csv] campaign_exp/exact_encdec_flops/run.log -> campaign_exp/exact_encdec_flops/metrics.csv: 0 rows (of 1 episodes, warmup=50, drop_zeros=True), 1 columns
=== ALL PHASES DONE Thu Jul 23 03:32:18 PM UTC 2026 ===
