=== node=pgi15-gpu10.iff.kfa-juelich.de gpu=NVIDIA GeForce RTX 4090 Thu Jul 23 03:35:22 PM UTC 2026 ===
=== TAG=exact_encdec MODE=exact EXAMPLE=EncoderDecoder WIDTH=64 SNN_STEPS=unset ===
=== graphax=30441f6 examples: ADALIF_SNN_SEQ, a fully-unrolled temporal adaptive-LIF ===
=== alphagrad=70b4686 fix: exact-only was not exact; ADALIF/EncoderDecoder argnums; surface failures ===
=== PHASE lat_mem START Thu Jul 23 03:35:22 PM UTC 2026 ===
2026-07-23 15:35:25,766	INFO worker.py:2012 -- Started a local Ray instance.
/Users/assmuth/dsnn/.venv/lib/python3.13/site-packages/ray/_private/worker.py:2051: FutureWarning: Tip: In future versions of Ray, Ray will no longer override accelerator visible devices env var if num_gpus=0 or num_gpus=None (default). To enable this behavior and turn off this error message, set RAY_ACCEL_ENV_VAR_OVERRIDE_ON_ZERO=0
  warnings.warn(
wandb: Loading settings from /Users/assmuth/.config/wandb/settings
wandb: [wandb.login()] Loaded credentials for https://api.wandb.ai from /Users/assmuth/.netrc.
wandb: Currently logged in as: florian-assmuth (dll-streetview) to https://api.wandb.ai. Use `wandb login --relogin` to force relogin
wandb: WARNING Using a boolean value for 'reinit' is deprecated. Use 'return_previous' or 'finish_previous' instead.
wandb: setting up run h86bgmn7
wandb: Tracking run with wandb version 0.25.0
wandb: Run data is saved locally in /Users/assmuth/dsnn/alphagrad/wandb/run-20260723_153527-h86bgmn7
wandb: Run `wandb offline` to turn off syncing.
wandb: Syncing run exact_encdec_lat_mem
wandb: ⭐️ View project at https://wandb.ai/dll-streetview/dsnn-vertex
wandb: 🚀 View run at https://wandb.ai/dll-streetview/dsnn-vertex/runs/h86bgmn7
[33m(raylet)[0m It looks like you're creating a detached actor in an anonymous namespace. In order to access this actor in the future, you will need to explicitly connect to this namespace with ray.init(namespace="1c958bcc-100d-4876-a411-55f040723f7c", ...)
[36m(CpuApproximationActor pid=1583685)[0m W0723 15:35:34.892433 1583685 text_format.cc:393] Warning parsing text-format xla.TritonGemmConfigsProto: 15:53 (N = 1): text format contains deprecated field "split_k"
[36m(CpuApproximationActor pid=1583685)[0m W0723 15:35:34.892459 1583685 text_format.cc:393] Warning parsing text-format xla.TritonGemmConfigsProto: 16:53 (N = 2): text format contains deprecated field "split_k"
[36m(CpuApproximationActor pid=1583685)[0m W0723 15:35:34.892467 1583685 text_format.cc:393] Warning parsing text-format xla.TritonGemmConfigsProto: 18:53 (N = 4): text format contains deprecated field "split_k"
[36m(CpuApproximationActor pid=1583685)[0m W0723 15:35:34.892476 1583685 text_format.cc:393] Warning parsing text-format xla.TritonGemmConfigsProto: 22:53 (N = 8): text format contains deprecated field "split_k"
[36m(CpuApproximationActor pid=1583685)[0m W0723 15:35:34.892490 1583685 text_format.cc:393] Warning parsing text-format xla.TritonGemmConfigsProto: 30:53 (N = 16): text format contains deprecated field "split_k"
[36m(CpuApproximationActor pid=1583685)[0m W0723 15:35:34.892520 1583685 text_format.cc:393] Warning parsing text-format xla.TritonGemmConfigsProto: 16:52 (N = 32): text format contains deprecated field "split_k"
[36m(CpuApproximationActor pid=1583685)[0m W0723 15:35:34.892581 1583685 text_format.cc:393] Warning parsing text-format xla.TritonGemmConfigsProto: 48:53 (N = 64): text format contains deprecated field "split_k"
[36m(CpuApproximationActor pid=1583685)[0m W0723 15:35:34.892682 1583685 text_format.cc:393] Warning parsing text-format xla.TritonGemmConfigsProto: 78:53 (N = 128): text format contains deprecated field "split_k"
[36m(CpuApproximationActor pid=1583685)[0m W0723 15:35:34.892869 1583685 text_format.cc:393] Warning parsing text-format xla.TritonGemmConfigsProto: 36:55 (N = 256): text format contains deprecated field "split_k"
[36m(CpuApproximationActor pid=1583686)[0m [cpu_approx_worker pid=1583686] env: ALPHAGRAD_EXACT_ONLY=1 ALPHAGRAD_EXAMPLE_WIDTH=64 ALPHAGRAD_FACE_TRANSFORMS=0 ALPHAGRAD_MEASURE_VIA_AOJ=0 ALPHAGRAD_PER_FACE_MVP=0 ALPHAGRAD_POLICY=palimpsa JAX_COMPILATION_CACHE_DIR=/tmp/dsnn-jax-cache-55211-pgi15-gpu10
[36m(CpuApproximationActor pid=1583686)[0m [measure-actor 1] host=pgi15-gpu10.iff.kfa-juelich.de CUDA_VISIBLE_DEVICES=2 jax_devices=[CudaDevice(id=0)]
[33m(raylet)[0m It looks like you're creating a detached actor in an anonymous namespace. In order to access this actor in the future, you will need to explicitly connect to this namespace with ray.init(namespace="1c958bcc-100d-4876-a411-55f040723f7c", ...)
[36m(PPOActor pid=1583683)[0m [ppo_ray] ADDITIVE failed/sentinel penalty = -2.0 (bounded-negative, INCLUDED in advantage+loss -- replaces the failed-row mask; failed rows are repulsive, never a zero-gradient no-op).
[36m(PPOActor pid=1583683)[0m [ppo_ray] V2 anti-hack: failed_adv_stamp=1.0 (post-z-score advantage overwrite on failed rows), cost_symlog_cap=0.0 (symlog'd cost channels clipped to +/-cap).
[36m(PPOActor pid=1583683)[0m [ppo_ray] PopArt value norm ON: beta=0.01 sigma_min(base=0.1, quality[6,9]=0.2) sigma_max=1e+12 robust_std=True (winsor k=5.0) — replaces the rollout advantage z-score; under pure-PopArt advantage a failed row is truly-neutral (A==0), no constant stamp.
[36m(PPOActor pid=1583683)[0m [ppo_ray] DYNAMIC SENTINEL ON: failed/sentinel terminals get per-channel mu_c - 2.0*sigma_c (EMA beta=0.01) instead of -1e10. The additive failed_penalty stamp AND the post-z-score failed_adv_stamp are DISABLED (dynamic value supersedes them); failed_transitions logging + PopArt exclusion unchanged.
[36m(PPOActor pid=1583683)[0m [ppo_ray] RAW COSSIM THREAD ON: env emits full-range cosine_sim in idx6; worker applies guide cap=None into the GAE buffer only, logs reward/cosine_sim_raw from the uncapped value.
[36m(PPOActor pid=1583683)[0m [ppo_ray_worker] POLICY V2 ACTIVE: MicroPPOAgent = PALIMPSA backbone + PointerVertexPolicy + MicroActionPolicy(max_substeps=1) + separate value pool; factor tables up to axis size 64 (observed max 64).
[36m(PPOActor pid=1583683)[0m [ppo_ray_worker] V2 policy heads scaled by 0.1 (near-uniform initial policy).
[36m(CpuApproximationActor pid=1583684)[0m [cpu_approx_worker pid=1583684] env: ALPHAGRAD_EXACT_ONLY=1 ALPHAGRAD_EXAMPLE_WIDTH=64 ALPHAGRAD_FACE_TRANSFORMS=0 ALPHAGRAD_MEASURE_VIA_AOJ=0 ALPHAGRAD_PER_FACE_MVP=0 ALPHAGRAD_POLICY=palimpsa JAX_COMPILATION_CACHE_DIR=/tmp/dsnn-jax-cache-55211-pgi15-gpu10[32m [repeated 2x across cluster] (Ray deduplicates logs by default. Set RAY_DEDUP_LOGS=0 to disable log deduplication, or see https://docs.ray.io/en/master/ray-observability/user-guides/configure-logging.html#log-deduplication for more options.)[0m
[36m(CpuApproximationActor pid=1583684)[0m [measure-actor 2] host=pgi15-gpu10.iff.kfa-juelich.de CUDA_VISIBLE_DEVICES=3 jax_devices=[CudaDevice(id=0)][32m [repeated 2x across cluster][0m
  actors spawned + JIT-warm in 29.3s
ppo_ray:   0%|                                                                                                                                             | 0/1000 [00:00<?, ?it/s][36m(CpuApproximationActor pid=1583685)[0m /Users/assmuth/dsnn/alphagrad/src/alphagrad/approx/env.py:3137: UserWarning: [alphagrad.approx.env] jaxpr tokenization truncated: raw_len=16444 > MAX_TOKENS=16384 (overflow=60). The policy will see a clipped observation for this step. Subsequent truncations are silent but counted (see ``tokenization/{truncated_count, overflow_sum_this_ep}`` in the wandb log).
[36m(CpuApproximationActor pid=1583685)[0m   _record_tokenization_truncation(int(raw_tokens.shape[0]))
[36m(PPOActor pid=1583683)[0m W0723 15:35:35.069470 1583683 text_format.cc:393] Warning parsing text-format xla.TritonGemmConfigsProto: 36:55 (N = 256): text format contains deprecated field "split_k"[32m [repeated 27x across cluster][0m
[36m(CpuApproximationActor pid=1583686)[0m /Users/assmuth/dsnn/graphax/src/graphax/jaxpr.py:779: UserWarning: jaxpr tokenizer: uncaptured value rendered as '?': 'jit'
[36m(CpuApproximationActor pid=1583686)[0m   warnings.warn(
[36m(CpuApproximationActor pid=1583686)[0m /Users/assmuth/dsnn/graphax/src/graphax/jaxpr.py:779: UserWarning: jaxpr tokenizer: uncaptured value rendered as '?': 'compiler_options_kvs'
[36m(CpuApproximationActor pid=1583686)[0m   warnings.warn(
[36m(CpuApproximationActor pid=1583686)[0m /Users/assmuth/dsnn/graphax/src/graphax/jaxpr.py:779: UserWarning: jaxpr tokenizer: uncaptured value rendered as '?': 'donated_invars'
[36m(CpuApproximationActor pid=1583686)[0m   warnings.warn(
[36m(CpuApproximationActor pid=1583686)[0m /Users/assmuth/dsnn/graphax/src/graphax/jaxpr.py:779: UserWarning: jaxpr tokenizer: uncaptured value rendered as '?': 'in_layouts'
[36m(CpuApproximationActor pid=1583686)[0m   warnings.warn(
[36m(CpuApproximationActor pid=1583686)[0m /Users/assmuth/dsnn/graphax/src/graphax/jaxpr.py:779: UserWarning: jaxpr tokenizer: uncaptured value rendered as '?': 'None'
[36m(CpuApproximationActor pid=1583686)[0m   warnings.warn(
[36m(CpuApproximationActor pid=1583686)[0m /Users/assmuth/dsnn/graphax/src/graphax/jaxpr.py:779: UserWarning: jaxpr tokenizer: uncaptured value rendered as '?': 'in_shardings'
[36m(CpuApproximationActor pid=1583686)[0m   warnings.warn(
[36m(CpuApproximationActor pid=1583686)[0m /Users/assmuth/dsnn/graphax/src/graphax/jaxpr.py:779: UserWarning: jaxpr tokenizer: uncaptured value rendered as '?': 'UnspecifiedValue'
[36m(CpuApproximationActor pid=1583686)[0m   warnings.warn(
[36m(CpuApproximationActor pid=1583686)[0m /Users/assmuth/dsnn/graphax/src/graphax/jaxpr.py:779: UserWarning: jaxpr tokenizer: uncaptured value rendered as '?': 'inline'
[36m(CpuApproximationActor pid=1583686)[0m   warnings.warn(
[36m(CpuApproximationActor pid=1583686)[0m /Users/assmuth/dsnn/graphax/src/graphax/jaxpr.py:779: UserWarning: jaxpr tokenizer: uncaptured value rendered as '?': 'keep_unused'
[36m(CpuApproximationActor pid=1583686)[0m   warnings.warn(
[36m(CpuApproximationActor pid=1583686)[0m /Users/assmuth/dsnn/graphax/src/graphax/jaxpr.py:779: UserWarning: jaxpr tokenizer: uncaptured value rendered as '?': 'name'
[36m(CpuApproximationActor pid=1583686)[0m   warnings.warn(
[36m(CpuApproximationActor pid=1583686)[0m /Users/assmuth/dsnn/graphax/src/graphax/jaxpr.py:779: UserWarning: jaxpr tokenizer: uncaptured value rendered as '?': '_where'
[36m(CpuApproximationActor pid=1583686)[0m   warnings.warn(
[36m(CpuApproximationActor pid=1583686)[0m /Users/assmuth/dsnn/graphax/src/graphax/jaxpr.py:779: UserWarning: jaxpr tokenizer: uncaptured value rendered as '?': 'out_layouts'
[36m(CpuApproximationActor pid=1583686)[0m   warnings.warn(
[36m(CpuApproximationActor pid=1583686)[0m /Users/assmuth/dsnn/graphax/src/graphax/jaxpr.py:779: UserWarning: jaxpr tokenizer: uncaptured value rendered as '?': 'out_shardings'
[36m(CpuApproximationActor pid=1583686)[0m   warnings.warn(
[36m(CpuApproximationActor pid=1583686)[0m   _record_tokenization_truncation(int(raw_tokens.shape[0]))
[36m(CpuApproximationActor pid=1583686)[0m /Users/assmuth/dsnn/alphagrad/src/alphagrad/approx/env.py:3137: UserWarning: [alphagrad.approx.env] jaxpr tokenization truncated: raw_len=17287 > MAX_TOKENS=16384 (overflow=903). The policy will see a clipped observation for this step. Subsequent truncations are silent but counted (see ``tokenization/{truncated_count, overflow_sum_this_ep}`` in the wandb log).
[36m(CpuApproximationActor pid=1583684)[0m /Users/assmuth/dsnn/alphagrad/src/alphagrad/approx/env.py:3137: UserWarning: [alphagrad.approx.env] jaxpr tokenization truncated: raw_len=16388 > MAX_TOKENS=16384 (overflow=4). The policy will see a clipped observation for this step. Subsequent truncations are silent but counted (see ``tokenization/{truncated_count, overflow_sum_this_ep}`` in the wandb log).
[36m(CpuApproximationActor pid=1583684)[0m   _record_tokenization_truncation(int(raw_tokens.shape[0]))
[36m(CpuApproximationActor pid=1583685)[0m /Users/assmuth/dsnn/graphax/src/graphax/jaxpr.py:779: UserWarning: jaxpr tokenizer: uncaptured value rendered as '?': 'jit'
[36m(CpuApproximationActor pid=1583685)[0m   warnings.warn([32m [repeated 13x across cluster][0m
[36m(CpuApproximationActor pid=1583685)[0m /Users/assmuth/dsnn/graphax/src/graphax/jaxpr.py:779: UserWarning: jaxpr tokenizer: uncaptured value rendered as '?': 'compiler_options_kvs'
[36m(CpuApproximationActor pid=1583685)[0m /Users/assmuth/dsnn/graphax/src/graphax/jaxpr.py:779: UserWarning: jaxpr tokenizer: uncaptured value rendered as '?': 'donated_invars'
[36m(CpuApproximationActor pid=1583685)[0m /Users/assmuth/dsnn/graphax/src/graphax/jaxpr.py:779: UserWarning: jaxpr tokenizer: uncaptured value rendered as '?': 'in_layouts'
[36m(CpuApproximationActor pid=1583685)[0m /Users/assmuth/dsnn/graphax/src/graphax/jaxpr.py:779: UserWarning: jaxpr tokenizer: uncaptured value rendered as '?': 'None'
[36m(CpuApproximationActor pid=1583685)[0m /Users/assmuth/dsnn/graphax/src/graphax/jaxpr.py:779: UserWarning: jaxpr tokenizer: uncaptured value rendered as '?': 'in_shardings'
[36m(CpuApproximationActor pid=1583685)[0m /Users/assmuth/dsnn/graphax/src/graphax/jaxpr.py:779: UserWarning: jaxpr tokenizer: uncaptured value rendered as '?': 'UnspecifiedValue'
[36m(CpuApproximationActor pid=1583685)[0m /Users/assmuth/dsnn/graphax/src/graphax/jaxpr.py:779: UserWarning: jaxpr tokenizer: uncaptured value rendered as '?': 'inline'
[36m(CpuApproximationActor pid=1583685)[0m /Users/assmuth/dsnn/graphax/src/graphax/jaxpr.py:779: UserWarning: jaxpr tokenizer: uncaptured value rendered as '?': 'keep_unused'
[36m(CpuApproximationActor pid=1583685)[0m /Users/assmuth/dsnn/graphax/src/graphax/jaxpr.py:779: UserWarning: jaxpr tokenizer: uncaptured value rendered as '?': 'name'
[36m(CpuApproximationActor pid=1583685)[0m /Users/assmuth/dsnn/graphax/src/graphax/jaxpr.py:779: UserWarning: jaxpr tokenizer: uncaptured value rendered as '?': '_where'
[36m(CpuApproximationActor pid=1583685)[0m /Users/assmuth/dsnn/graphax/src/graphax/jaxpr.py:779: UserWarning: jaxpr tokenizer: uncaptured value rendered as '?': 'out_layouts'
[36m(CpuApproximationActor pid=1583685)[0m /Users/assmuth/dsnn/graphax/src/graphax/jaxpr.py:779: UserWarning: jaxpr tokenizer: uncaptured value rendered as '?': 'out_shardings'
[36m(CpuApproximationActor pid=1583684)[0m /Users/assmuth/dsnn/graphax/src/graphax/jaxpr.py:779: UserWarning: jaxpr tokenizer: uncaptured value rendered as '?': 'jit'
[36m(CpuApproximationActor pid=1583684)[0m /Users/assmuth/dsnn/graphax/src/graphax/jaxpr.py:779: UserWarning: jaxpr tokenizer: uncaptured value rendered as '?': 'compiler_options_kvs'
[36m(CpuApproximationActor pid=1583684)[0m /Users/assmuth/dsnn/graphax/src/graphax/jaxpr.py:779: UserWarning: jaxpr tokenizer: uncaptured value rendered as '?': 'donated_invars'
[36m(CpuApproximationActor pid=1583684)[0m /Users/assmuth/dsnn/graphax/src/graphax/jaxpr.py:779: UserWarning: jaxpr tokenizer: uncaptured value rendered as '?': 'in_layouts'
[36m(CpuApproximationActor pid=1583684)[0m /Users/assmuth/dsnn/graphax/src/graphax/jaxpr.py:779: UserWarning: jaxpr tokenizer: uncaptured value rendered as '?': 'None'
[36m(CpuApproximationActor pid=1583684)[0m /Users/assmuth/dsnn/graphax/src/graphax/jaxpr.py:779: UserWarning: jaxpr tokenizer: uncaptured value rendered as '?': 'in_shardings'
[36m(CpuApproximationActor pid=1583684)[0m /Users/assmuth/dsnn/graphax/src/graphax/jaxpr.py:779: UserWarning: jaxpr tokenizer: uncaptured value rendered as '?': 'UnspecifiedValue'
[36m(CpuApproximationActor pid=1583684)[0m /Users/assmuth/dsnn/graphax/src/graphax/jaxpr.py:779: UserWarning: jaxpr tokenizer: uncaptured value rendered as '?': 'inline'
[36m(CpuApproximationActor pid=1583684)[0m /Users/assmuth/dsnn/graphax/src/graphax/jaxpr.py:779: UserWarning: jaxpr tokenizer: uncaptured value rendered as '?': 'keep_unused'
[36m(CpuApproximationActor pid=1583684)[0m /Users/assmuth/dsnn/graphax/src/graphax/jaxpr.py:779: UserWarning: jaxpr tokenizer: uncaptured value rendered as '?': 'name'
[36m(CpuApproximationActor pid=1583684)[0m /Users/assmuth/dsnn/graphax/src/graphax/jaxpr.py:779: UserWarning: jaxpr tokenizer: uncaptured value rendered as '?': '_where'
[36m(CpuApproximationActor pid=1583684)[0m /Users/assmuth/dsnn/graphax/src/graphax/jaxpr.py:779: UserWarning: jaxpr tokenizer: uncaptured value rendered as '?': 'out_layouts'
[36m(CpuApproximationActor pid=1583684)[0m /Users/assmuth/dsnn/graphax/src/graphax/jaxpr.py:779: UserWarning: jaxpr tokenizer: uncaptured value rendered as '?': 'out_shardings'
[36m(CpuApproximationActor pid=1583684)[0m   warnings.warn([32m [repeated 13x across cluster][0m
[36m(CpuApproximationActor pid=1583686)[0m [SENTINEL] mem-gate: per-device (est 24.09G>static 15.0G; est 24.09G>0.9*free 11.2G) sharded=False — skip exec
[36m(CpuApproximationActor pid=1583686)[0m [SENTINEL] measure-exception step=112 order_len=112 terminal=True: RuntimeError: mem-gate: per-device limit reached (est 24.09G>static 15.0G; est 24.09G>0.9*free 11.2G) — skip exec
[36m(CpuApproximationActor pid=1583686)[0m [SENTINEL-VERBOSE] ==================================================
[36m(CpuApproximationActor pid=1583686)[0m [SENTINEL-VERBOSE] step=112 order_len=112 terminal=True init=False point_idx=-1
[36m(CpuApproximationActor pid=1583686)[0m [SENTINEL-VERBOSE] EXC RuntimeError: mem-gate: per-device limit reached (est 24.09G>static 15.0G; est 24.09G>0.9*free 11.2G) — skip exec
[36m(CpuApproximationActor pid=1583686)[0m [SENTINEL-VERBOSE] ORDER (112): [1, 56, 91, 92, 65, 40, 35, 106, 62, 71, 63, 78, 49, 94, 13, 53, 26, 61, 37, 22, 69, 18, 6, 90, 45, 5, 109, 84, 11, 98, 110, 93, 24, 2, 103, 36, 14, 32, 42, 51, 17, 3, 8, 67, 108, 86, 48, 16, 102, 74, 73, 104, 68, 96, 75, 19, 27, 31, 83, 57, 66, 64, 105, 29, 9, 82, 44, 88, 77, 97, 25, 15, 34, 76, 20, 30, 99, 79, 10, 41, 52, 38, 80, 21, 39, 23, 85, 7, 107, 101, 28, 72, 47, 54, 4, 95, 46, 55, 50, 112, 100, 58, 70, 33, 59, 60, 87, 81, 43, 89, 111, 12]
[36m(CpuApproximationActor pid=1583686)[0m [SENTINEL-VERBOSE] MICRO-ACTIONS (per vertex, in elimination order):
[36m(CpuApproximationActor pid=1583686)[0m     v0(vertex_id=1): DIAG(bi1=1,bi2=0,factor=2)
[36m(CpuApproximationActor pid=1583686)[0m     v2(vertex_id=91): COMPRESS(axis=0,kind=abs_max)
[36m(CpuApproximationActor pid=1583686)[0m     v3(vertex_id=92): COMPRESS(axis=1,kind=abs_max)
[36m(CpuApproximationActor pid=1583686)[0m     v4(vertex_id=65): COMPRESS(axis=1,kind=abs_max)
[36m(CpuApproximationActor pid=1583686)[0m     v5(vertex_id=40): COMPRESS(axis=0,kind=abs_max)
[36m(CpuApproximationActor pid=1583686)[0m     v7(vertex_id=106): COMPRESS(axis=1,kind=abs_max)
[36m(CpuApproximationActor pid=1583686)[0m     v8(vertex_id=62): COMPRESS(axis=0,kind=abs_max)
[36m(CpuApproximationActor pid=1583686)[0m     v10(vertex_id=63): COMPRESS(axis=0,kind=abs_max)
[36m(CpuApproximationActor pid=1583686)[0m     v14(vertex_id=13): COMPRESS(axis=1,kind=abs_max)
[36m(CpuApproximationActor pid=1583686)[0m     v15(vertex_id=53): COMPRESS(axis=0,kind=abs_max)
[36m(CpuApproximationActor pid=1583686)[0m     v16(vertex_id=26): COMPRESS(axis=0,kind=abs_max)
[36m(CpuApproximationActor pid=1583686)[0m     v17(vertex_id=61): COMPRESS(axis=1,kind=abs_max)
[36m(CpuApproximationActor pid=1583686)[0m     v18(vertex_id=37): COMPRESS(axis=1,kind=abs_max)
[36m(CpuApproximationActor pid=1583686)[0m     v19(vertex_id=22): COMPRESS(axis=0,kind=abs_max)
[36m(CpuApproximationActor pid=1583686)[0m     v20(vertex_id=69): COMPRESS(axis=1,kind=abs_max)
[36m(CpuApproximationActor pid=1583686)[0m     v22(vertex_id=6): COMPRESS(axis=0,kind=abs_max)
[36m(CpuApproximationActor pid=1583686)[0m     v23(vertex_id=90): COMPRESS(axis=0,kind=abs_max)
[36m(CpuApproximationActor pid=1583686)[0m     v25(vertex_id=5): COMPRESS(axis=1,kind=abs_max)
[36m(CpuApproximationActor pid=1583686)[0m     v26(vertex_id=109): COMPRESS(axis=0,kind=abs_max)
[36m(CpuApproximationActor pid=1583686)[0m     v27(vertex_id=84): COMPRESS(axis=0,kind=abs_max)
[36m(CpuApproximationActor pid=1583686)[0m     v28(vertex_id=11): COMPRESS(axis=0,kind=abs_max)
[36m(CpuApproximationActor pid=1583686)[0m     v29(vertex_id=98): COMPRESS(axis=1,kind=abs_max)
[36m(CpuApproximationActor pid=1583686)[0m     v30(vertex_id=110): COMPRESS(axis=0,kind=abs_max)
[36m(CpuApproximationActor pid=1583686)[0m     v31(vertex_id=93): COMPRESS(axis=0,kind=abs_max)
[36m(CpuApproximationActor pid=1583686)[0m     v32(vertex_id=24): COMPRESS(axis=0,kind=abs_max)
[36m(CpuApproximationActor pid=1583686)[0m     v33(vertex_id=2): COMPRESS(axis=0,kind=abs_max)
[36m(CpuApproximationActor pid=1583686)[0m     v34(vertex_id=103): COMPRESS(axis=1,kind=abs_max)
[36m(CpuApproximationActor pid=1583686)[0m     v35(vertex_id=36): COMPRESS(axis=1,kind=abs_max)
[36m(CpuApproximationActor pid=1583686)[0m     v36(vertex_id=14): COMPRESS(axis=0,kind=abs_max)
[36m(CpuApproximationActor pid=1583686)[0m     v37(vertex_id=32): COMPRESS(axis=1,kind=abs_max)
[36m(CpuApproximationActor pid=1583686)[0m     v38(vertex_id=42): DIAG(bi1=1,bi2=0,factor=16)
[36m(CpuApproximationActor pid=1583686)[0m     v39(vertex_id=51): COMPRESS(axis=0,kind=abs_max)
[36m(CpuApproximationActor pid=1583686)[0m     v40(vertex_id=17): COMPRESS(axis=0,kind=abs_max)
[36m(CpuApproximationActor pid=1583686)[0m     v41(vertex_id=3): COMPRESS(axis=0,kind=abs_max)
[36m(CpuApproximationActor pid=1583686)[0m     v43(vertex_id=67): COMPRESS(axis=0,kind=abs_max)
[36m(CpuApproximationActor pid=1583686)[0m     v44(vertex_id=108): COMPRESS(axis=1,kind=abs_max)
[36m(CpuApproximationActor pid=1583686)[0m     v48(vertex_id=102): COMPRESS(axis=0,kind=abs_max)
[36m(CpuApproximationActor pid=1583686)[0m     v49(vertex_id=74): COMPRESS(axis=0,kind=abs_max)
[36m(CpuApproximationActor pid=1583686)[0m     v50(vertex_id=73): DIAG(bi1=1,bi2=1,factor=2)
[36m(CpuApproximationActor pid=1583686)[0m     v53(vertex_id=96): COMPRESS(axis=0,kind=abs_max)
[36m(CpuApproximationActor pid=1583686)[0m     v54(vertex_id=75): COMPRESS(axis=0,kind=abs_max)
[36m(CpuApproximationActor pid=1583686)[0m     v57(vertex_id=31): COMPRESS(axis=1,kind=abs_max)
[36m(CpuApproximationActor pid=1583686)[0m     v58(vertex_id=83): COMPRESS(axis=0,kind=abs_max)
[36m(CpuApproximationActor pid=1583686)[0m     v59(vertex_id=57): COMPRESS(axis=0,kind=abs_max)
[36m(CpuApproximationActor pid=1583686)[0m     v60(vertex_id=66): COMPRESS(axis=1,kind=abs_max)
[36m(CpuApproximationActor pid=1583686)[0m     v61(vertex_id=64): COMPRESS(axis=1,kind=abs_max)
[36m(CpuApproximationActor pid=1583686)[0m     v62(vertex_id=105): COMPRESS(axis=0,kind=abs_max)
[36m(CpuApproximationActor pid=1583686)[0m     v63(vertex_id=29): COMPRESS(axis=0,kind=abs_max)
[36m(CpuApproximationActor pid=1583686)[0m     v65(vertex_id=82): COMPRESS(axis=2,kind=abs_max)
[36m(CpuApproximationActor pid=1583686)[0m     v66(vertex_id=44): COMPRESS(axis=2,kind=abs_max)
[36m(CpuApproximationActor pid=1583686)[0m     v69(vertex_id=97): COMPRESS(axis=1,kind=max)
[36m(CpuApproximationActor pid=1583686)[0m     v70(vertex_id=25): COMPRESS(axis=0,kind=abs_max)
[36m(CpuApproximationActor pid=1583686)[0m     v71(vertex_id=15): COMPRESS(axis=0,kind=abs_max)
[36m(CpuApproximationActor pid=1583686)[0m     v72(vertex_id=34): COMPRESS(axis=1,kind=abs_max)
[36m(CpuApproximationActor pid=1583686)[0m     v73(vertex_id=76): QUANT(dtype=float8_e8m0fnu)
[36m(CpuApproximationActor pid=1583686)[0m     v74(vertex_id=20): COMPRESS(axis=1,kind=abs_max)
[36m(CpuApproximationActor pid=1583686)[0m     v75(vertex_id=30): COMPRESS(axis=2,kind=abs_max)
[36m(CpuApproximationActor pid=1583686)[0m     v76(vertex_id=99): COMPRESS(axis=0,kind=abs_max)
[36m(CpuApproximationActor pid=1583686)[0m     v78(vertex_id=10): COMPRESS(axis=2,kind=abs_max)
[36m(CpuApproximationActor pid=1583686)[0m     v79(vertex_id=41): DIAG(bi1=0,bi2=0,factor=16)
[36m(CpuApproximationActor pid=1583686)[0m     v80(vertex_id=52): COMPRESS(axis=0,kind=abs_max)
[36m(CpuApproximationActor pid=1583686)[0m     v81(vertex_id=38): COMPRESS(axis=0,kind=abs_max)
[36m(CpuApproximationActor pid=1583686)[0m     v82(vertex_id=80): COMPRESS(axis=2,kind=abs_max)
[36m(CpuApproximationActor pid=1583686)[0m     v83(vertex_id=21): COMPRESS(axis=0,kind=abs_max)
[36m(CpuApproximationActor pid=1583686)[0m     v84(vertex_id=39): COMPRESS(axis=0,kind=abs_max)
[36m(CpuApproximationActor pid=1583686)[0m     v86(vertex_id=85): COMPRESS(axis=0,kind=abs_max)
[36m(CpuApproximationActor pid=1583686)[0m     v88(vertex_id=107): COMPRESS(axis=0,kind=abs_max)
[36m(CpuApproximationActor pid=1583686)[0m     v89(vertex_id=101): COMPRESS(axis=0,kind=abs_max)
[36m(CpuApproximationActor pid=1583686)[0m     v90(vertex_id=28): COMPRESS(axis=0,kind=abs_max)
[36m(CpuApproximationActor pid=1583686)[0m     v93(vertex_id=54): COMPRESS(axis=1,kind=abs_max)
[36m(CpuApproximationActor pid=1583686)[0m     v94(vertex_id=4): COMPRESS(axis=2,kind=abs_max)
[36m(CpuApproximationActor pid=1583686)[0m     v95(vertex_id=95): COMPRESS(axis=2,kind=abs_max)
[36m(CpuApproximationActor pid=1583686)[0m     v97(vertex_id=55): COMPRESS(axis=1,kind=abs_max)
[36m(CpuApproximationActor pid=1583686)[0m     v98(vertex_id=50): DIAG(bi1=0,bi2=0,factor=16)
[36m(CpuApproximationActor pid=1583686)[0m     v99(vertex_id=112): COMPRESS(axis=0,kind=abs_max)
[36m(CpuApproximationActor pid=1583686)[0m     v100(vertex_id=100): COMPRESS(axis=1,kind=abs_max)
[36m(CpuApproximationActor pid=1583686)[0m     v101(vertex_id=58): DIAG(bi1=0,bi2=0,factor=2)
[36m(CpuApproximationActor pid=1583686)[0m     v102(vertex_id=70): COMPRESS(axis=0,kind=abs_max)
[36m(CpuApproximationActor pid=1583686)[0m     v103(vertex_id=33): COMPRESS(axis=1,kind=abs_max)
[36m(CpuApproximationActor pid=1583686)[0m     v105(vertex_id=60): COMPRESS(axis=1,kind=abs_max)
[36m(CpuApproximationActor pid=1583686)[0m     v106(vertex_id=87): COMPRESS(axis=0,kind=abs_max)
[36m(CpuApproximationActor pid=1583686)[0m     v107(vertex_id=81): COMPRESS(axis=1,kind=abs_max)
[36m(CpuApproximationActor pid=1583686)[0m     v108(vertex_id=43): COMPRESS(axis=1,kind=abs_max)
[36m(CpuApproximationActor pid=1583686)[0m     v109(vertex_id=89): COMPRESS(axis=1,kind=abs_max)
[36m(CpuApproximationActor pid=1583686)[0m     v110(vertex_id=111): COMPRESS(axis=1,kind=abs_max)
[36m(CpuApproximationActor pid=1583686)[0m     v111(vertex_id=12): DIAG(bi1=0,bi2=1,factor=2)
[36m(CpuApproximationActor pid=1583686)[0m [SENTINEL-VERBOSE] TRACEBACK:
[36m(CpuApproximationActor pid=1583686)[0m Traceback (most recent call last):
[36m(CpuApproximationActor pid=1583686)[0m   File "/Users/assmuth/dsnn/alphagrad/src/alphagrad/approx/cpu_approx_worker.py", line 257, in evaluate
[36m(CpuApproximationActor pid=1583686)[0m     tokens, eqn_ids, reward = _callback(
[36m(CpuApproximationActor pid=1583686)[0m                               ~~~~~~~~~^
[36m(CpuApproximationActor pid=1583686)[0m         self._config,
[36m(CpuApproximationActor pid=1583686)[0m         ^^^^^^^^^^^^^
[36m(CpuApproximationActor pid=1583686)[0m     ...<7 lines>...
[36m(CpuApproximationActor pid=1583686)[0m         point_idx=int(point_idx),
[36m(CpuApproximationActor pid=1583686)[0m         ^^^^^^^^^^^^^^^^^^^^^^^^^
[36m(CpuApproximationActor pid=1583686)[0m     )
[36m(CpuApproximationActor pid=1583686)[0m     ^
[36m(CpuApproximationActor pid=1583686)[0m   File "/Users/assmuth/dsnn/alphagrad/src/alphagrad/approx/env.py", line 3647, in _callback
[36m(CpuApproximationActor pid=1583686)[0m     raise RuntimeError(
[36m(CpuApproximationActor pid=1583686)[0m         f"mem-gate: per-device limit reached ({'; '.join(_why)}) — skip exec"
[36m(CpuApproximationActor pid=1583686)[0m     )
[36m(CpuApproximationActor pid=1583686)[0m RuntimeError: mem-gate: per-device limit reached (est 24.09G>static 15.0G; est 24.09G>0.9*free 11.2G) — skip exec
[36m(CpuApproximationActor pid=1583686)[0m [SENTINEL-VERBOSE] ==================================================
[36m(CpuApproximationActor pid=1583684)[0m     v2(vertex_id=14): COMPRESS(axis=1,kind=abs_max)
[36m(CpuApproximationActor pid=1583684)[0m     v3(vertex_id=111): COMPRESS(axis=1,kind=abs_max)
[36m(CpuApproximationActor pid=1583684)[0m     v4(vertex_id=54): COMPRESS(axis=1,kind=abs_max)
[36m(CpuApproximationActor pid=1583684)[0m     v6(vertex_id=91): COMPRESS(axis=0,kind=abs_max)
[36m(CpuApproximationActor pid=1583684)[0m     v8(vertex_id=27): COMPRESS(axis=0,kind=abs_max)
[36m(CpuApproximationActor pid=1583684)[0m     v9(vertex_id=70): COMPRESS(axis=0,kind=abs_max)
[36m(CpuApproximationActor pid=1583684)[0m     v10(vertex_id=38): COMPRESS(axis=0,kind=abs_max)
[36m(CpuApproximationActor pid=1583684)[0m     v11(vertex_id=25): COMPRESS(axis=1,kind=abs_max)
[36m(CpuApproximationActor pid=1583684)[0m     v15(vertex_id=61): COMPRESS(axis=0,kind=abs_max)
[36m(CpuApproximationActor pid=1583684)[0m     v16(vertex_id=32): COMPRESS(axis=1,kind=abs_max)
[36m(CpuApproximationActor pid=1583684)[0m     v17(vertex_id=13): COMPRESS(axis=0,kind=abs_max)
[36m(CpuApproximationActor pid=1583684)[0m     v19(vertex_id=40): COMPRESS(axis=0,kind=abs_max)
[36m(CpuApproximationActor pid=1583684)[0m     v20(vertex_id=108): COMPRESS(axis=0,kind=abs_max)
[36m(CpuApproximationActor pid=1583684)[0m     v21(vertex_id=33): COMPRESS(axis=1,kind=abs_max)
[36m(CpuApproximationActor pid=1583684)[0m     v22(vertex_id=97): COMPRESS(axis=1,kind=abs_max)
[36m(CpuApproximationActor pid=1583684)[0m     v23(vertex_id=57): COMPRESS(axis=0,kind=abs_max)
[36m(CpuApproximationActor pid=1583684)[0m     v24(vertex_id=41): COMPRESS(axis=3,kind=abs_max)
[36m(CpuApproximationActor pid=1583684)[0m     v25(vertex_id=36): COMPRESS(axis=0,kind=abs_max)
[36m(CpuApproximationActor pid=1583684)[0m     v26(vertex_id=58): COMPRESS(axis=0,kind=abs_max)
[36m(CpuApproximationActor pid=1583684)[0m     v27(vertex_id=21): COMPRESS(axis=1,kind=abs_max)
[36m(CpuApproximationActor pid=1583684)[0m     v30(vertex_id=84): COMPRESS(axis=1,kind=abs_max)
[36m(CpuApproximationActor pid=1583684)[0m     v31(vertex_id=12): COMPRESS(axis=2,kind=abs_max)
[36m(CpuApproximationActor pid=1583684)[0m     v33(vertex_id=100): COMPRESS(axis=0,kind=abs_max)
[36m(CpuApproximationActor pid=1583684)[0m     v34(vertex_id=45): COMPRESS(axis=0,kind=abs_max)
[36m(CpuApproximationActor pid=1583684)[0m     v35(vertex_id=51): COMPRESS(axis=0,kind=abs_max)
[36m(CpuApproximationActor pid=1583684)[0m     v36(vertex_id=2): COMPRESS(axis=1,kind=abs_max)
[36m(CpuApproximationActor pid=1583684)[0m     v37(vertex_id=77): COMPRESS(axis=0,kind=abs_max)
[36m(CpuApproximationActor pid=1583684)[0m     v41(vertex_id=99): COMPRESS(axis=0,kind=abs_max)
[36m(CpuApproximationActor pid=1583684)[0m     v42(vertex_id=55): COMPRESS(axis=1,kind=abs_max)
[36m(CpuApproximationActor pid=1583684)[0m     v43(vertex_id=83): COMPRESS(axis=0,kind=abs_max)
[36m(CpuApproximationActor pid=1583684)[0m     v45(vertex_id=65): COMPRESS(axis=1,kind=abs_max)
[36m(CpuApproximationActor pid=1583684)[0m     v47(vertex_id=96): COMPRESS(axis=0,kind=abs_max)
[36m(CpuApproximationActor pid=1583684)[0m     v48(vertex_id=1): DIAG(bi1=1,bi2=1,factor=16)
[36m(CpuApproximationActor pid=1583684)[0m     v49(vertex_id=81): COMPRESS(axis=0,kind=abs_max)
[36m(CpuApproximationActor pid=1583684)[0m     v50(vertex_id=28): COMPRESS(axis=0,kind=abs_max)
[36m(CpuApproximationActor pid=1583684)[0m     v52(vertex_id=95): COMPRESS(axis=1,kind=abs_max)
[36m(CpuApproximationActor pid=1583684)[0m     v53(vertex_id=56): COMPRESS(axis=0,kind=abs_max)
[36m(CpuApproximationActor pid=1583684)[0m     v54(vertex_id=29): COMPRESS(axis=1,kind=abs_max)
[36m(CpuApproximationActor pid=1583684)[0m     v55(vertex_id=26): COMPRESS(axis=0,kind=abs_max)
[36m(CpuApproximationActor pid=1583684)[0m     v56(vertex_id=5): DIAG(bi1=0,bi2=0,factor=16)
[36m(CpuApproximationActor pid=1583684)[0m     v58(vertex_id=67): COMPRESS(axis=2,kind=abs_max)
[36m(CpuApproximationActor pid=1583684)[0m     v59(vertex_id=46): COMPRESS(axis=0,kind=abs_max)
[36m(CpuApproximationActor pid=1583684)[0m     v60(vertex_id=66): COMPRESS(axis=0,kind=abs_max)
[36m(CpuApproximationActor pid=1583684)[0m     v61(vertex_id=39): COMPRESS(axis=1,kind=abs_max)
[36m(CpuApproximationActor pid=1583684)[0m     v62(vertex_id=24): COMPRESS(axis=0,kind=abs_max)
[36m(CpuApproximationActor pid=1583684)[0m     v64(vertex_id=42): COMPRESS(axis=2,kind=abs_max)
[36m(CpuApproximationActor pid=1583684)[0m     v65(vertex_id=64): COMPRESS(axis=0,kind=abs_max)
[36m(CpuApproximationActor pid=1583684)[0m     v66(vertex_id=98): COMPRESS(axis=0,kind=abs_max)
[36m(CpuApproximationActor pid=1583684)[0m     v67(vertex_id=17): COMPRESS(axis=1,kind=abs_max)
[36m(CpuApproximationActor pid=1583684)[0m     v69(vertex_id=3): COMPRESS(axis=1,kind=abs_max)
[36m(CpuApproximationActor pid=1583684)[0m     v71(vertex_id=73): COMPRESS(axis=1,kind=abs_max)
[36m(CpuApproximationActor pid=1583684)[0m     v72(vertex_id=4): COMPRESS(axis=1,kind=abs_max)
[36m(CpuApproximationActor pid=1583684)[0m     v73(vertex_id=22): COMPRESS(axis=1,kind=abs_max)
[36m(CpuApproximationActor pid=1583684)[0m     v74(vertex_id=23): COMPRESS(axis=1,kind=abs_max)
[36m(CpuApproximationActor pid=1583684)[0m     v76(vertex_id=103): COMPRESS(axis=0,kind=abs_max)
[36m(CpuApproximationActor pid=1583684)[0m     v77(vertex_id=106): COMPRESS(axis=1,kind=abs_max)
[36m(CpuApproximationActor pid=1583684)[0m     v78(vertex_id=20): COMPRESS(axis=1,kind=abs_max)
[36m(CpuApproximationActor pid=1583684)[0m     v79(vertex_id=47): COMPRESS(axis=0,kind=abs_max)
[36m(CpuApproximationActor pid=1583684)[0m     v80(vertex_id=60): COMPRESS(axis=0,kind=abs_max)
[36m(CpuApproximationActor pid=1583684)[0m     v81(vertex_id=85): COMPRESS(axis=0,kind=abs_max)
[36m(CpuApproximationActor pid=1583684)[0m     v82(vertex_id=30): COMPRESS(axis=0,kind=abs_max)
[36m(CpuApproximationActor pid=1583684)[0m     v83(vertex_id=35): COMPRESS(axis=0,kind=abs_max)
[36m(CpuApproximationActor pid=1583684)[0m     v84(vertex_id=15): COMPRESS(axis=0,kind=abs_max)
[36m(CpuApproximationActor pid=1583684)[0m     v86(vertex_id=62): COMPRESS(axis=1,kind=abs_max)
[36m(CpuApproximationActor pid=1583684)[0m     v87(vertex_id=75): COMPRESS(axis=0,kind=abs_max)
[36m(CpuApproximationActor pid=1583684)[0m     v88(vertex_id=68): COMPRESS(axis=0,kind=abs_max)
[36m(CpuApproximationActor pid=1583684)[0m     v89(vertex_id=110): COMPRESS(axis=0,kind=abs_max)
[36m(CpuApproximationActor pid=1583684)[0m     v90(vertex_id=43): DIAG(bi1=0,bi2=1,factor=2)
[36m(CpuApproximationActor pid=1583684)[0m     v91(vertex_id=37): COMPRESS(axis=1,kind=abs_max)
[36m(CpuApproximationActor pid=1583684)[0m     v94(vertex_id=87): COMPRESS(axis=0,kind=abs_max)
[36m(CpuApproximationActor pid=1583684)[0m     v95(vertex_id=109): COMPRESS(axis=1,kind=abs_max)
[36m(CpuApproximationActor pid=1583684)[0m     v96(vertex_id=102): COMPRESS(axis=0,kind=abs_max)
[36m(CpuApproximationActor pid=1583684)[0m     v97(vertex_id=94): COMPRESS(axis=1,kind=abs_max)
[36m(CpuApproximationActor pid=1583684)[0m     v98(vertex_id=90): COMPRESS(axis=0,kind=abs_max)
[36m(CpuApproximationActor pid=1583684)[0m     v99(vertex_id=50): COMPRESS(axis=0,kind=abs_max)
[36m(CpuApproximationActor pid=1583684)[0m     v100(vertex_id=92): COMPRESS(axis=1,kind=abs_max)
[36m(CpuApproximationActor pid=1583684)[0m     v102(vertex_id=52): COMPRESS(axis=1,kind=abs_max)
[36m(CpuApproximationActor pid=1583684)[0m     v105(vertex_id=82): DIAG(bi1=0,bi2=1,factor=16)
[36m(CpuApproximationActor pid=1583684)[0m     v106(vertex_id=10): COMPRESS(axis=2,kind=abs_max)
[36m(CpuApproximationActor pid=1583684)[0m     v109(vertex_id=80): COMPRESS(axis=0,kind=abs_max)
[36m(CpuApproximationActor pid=1583684)[0m     v110(vertex_id=74): COMPRESS(axis=0,kind=abs_max)
[36m(CpuApproximationActor pid=1583684)[0m     v111(vertex_id=11): COMPRESS(axis=2,kind=abs_max)
[36m(CpuApproximationActor pid=1583684)[0m [SENTINEL] mem-gate: per-device (est 16.53G>static 15.0G; est 16.53G>0.9*free 11.7G) sharded=False — skip exec
[36m(CpuApproximationActor pid=1583684)[0m [SENTINEL] measure-exception step=112 order_len=112 terminal=True: RuntimeError: mem-gate: per-device limit reached (est 16.53G>static 15.0G; est 16.53G>0.9*free 11.7G) — skip exec
[36m(CpuApproximationActor pid=1583684)[0m [SENTINEL-VERBOSE] ==================================================[32m [repeated 2x across cluster][0m
[36m(CpuApproximationActor pid=1583684)[0m [SENTINEL-VERBOSE] step=112 order_len=112 terminal=True init=False point_idx=-1
[36m(CpuApproximationActor pid=1583684)[0m [SENTINEL-VERBOSE] EXC RuntimeError: mem-gate: per-device limit reached (est 16.53G>static 15.0G; est 16.53G>0.9*free 11.7G) — skip exec
[36m(CpuApproximationActor pid=1583684)[0m [SENTINEL-VERBOSE] ORDER (112): [19, 53, 14, 111, 54, 31, 91, 112, 27, 70, 38, 25, 88, 63, 105, 61, 32, 13, 71, 40, 108, 33, 97, 57, 41, 36, 58, 21, 86, 93, 84, 12, 18, 100, 45, 51, 2, 77, 8, 7, 44, 99, 55, 83, 9, 65, 104, 96, 1, 81, 28, 6, 95, 56, 29, 26, 5, 101, 67, 46, 66, 39, 24, 34, 42, 64, 98, 17, 69, 3, 89, 73, 4, 22, 23, 78, 103, 106, 20, 47, 60, 85, 30, 35, 15, 59, 62, 75, 68, 110, 43, 37, 72, 79, 87, 109, 102, 94, 90, 50, 92, 48, 52, 49, 107, 82, 10, 76, 16, 80, 74, 11]
[36m(CpuApproximationActor pid=1583684)[0m [SENTINEL-VERBOSE] MICRO-ACTIONS (per vertex, in elimination order):
[36m(CpuApproximationActor pid=1583684)[0m [SENTINEL-VERBOSE] TRACEBACK:
[36m(CpuApproximationActor pid=1583684)[0m Traceback (most recent call last):
[36m(CpuApproximationActor pid=1583684)[0m   File "/Users/assmuth/dsnn/alphagrad/src/alphagrad/approx/cpu_approx_worker.py", line 257, in evaluate
[36m(CpuApproximationActor pid=1583684)[0m     tokens, eqn_ids, reward = _callback(
[36m(CpuApproximationActor pid=1583684)[0m                               ~~~~~~~~~^
[36m(CpuApproximationActor pid=1583684)[0m         self._config,
[36m(CpuApproximationActor pid=1583684)[0m         ^^^^^^^^^^^^^
[36m(CpuApproximationActor pid=1583684)[0m     ...<7 lines>...
[36m(CpuApproximationActor pid=1583684)[0m         point_idx=int(point_idx),
[36m(CpuApproximationActor pid=1583684)[0m         ^^^^^^^^^^^^^^^^^^^^^^^^^
[36m(CpuApproximationActor pid=1583684)[0m     )[32m [repeated 2x across cluster][0m
[36m(CpuApproximationActor pid=1583684)[0m     ^
[36m(CpuApproximationActor pid=1583684)[0m   File "/Users/assmuth/dsnn/alphagrad/src/alphagrad/approx/env.py", line 3647, in _callback
[36m(CpuApproximationActor pid=1583684)[0m     raise RuntimeError(
[36m(CpuApproximationActor pid=1583684)[0m         f"mem-gate: per-device limit reached ({'; '.join(_why)}) — skip exec"
[36m(CpuApproximationActor pid=1583684)[0m RuntimeError: mem-gate: per-device limit reached (est 16.53G>static 15.0G; est 16.53G>0.9*free 11.7G) — skip exec
[36m(CpuApproximationActor pid=1583685)[0m [SENTINEL] mem-gate: per-device (est 15.30G>static 15.0G; est 15.30G>0.9*free 12.5G) sharded=False — skip exec
[36m(CpuApproximationActor pid=1583685)[0m [SENTINEL] measure-exception step=112 order_len=112 terminal=True: RuntimeError: mem-gate: per-device limit reached (est 15.30G>static 15.0G; est 15.30G>0.9*free 12.5G) — skip exec
[36m(CpuApproximationActor pid=1583685)[0m [SENTINEL-VERBOSE] step=112 order_len=112 terminal=True init=False point_idx=-1
[36m(CpuApproximationActor pid=1583685)[0m [SENTINEL-VERBOSE] EXC RuntimeError: mem-gate: per-device limit reached (est 15.30G>static 15.0G; est 15.30G>0.9*free 12.5G) — skip exec
[36m(CpuApproximationActor pid=1583685)[0m [SENTINEL-VERBOSE] ORDER (112): [102, 77, 91, 103, 25, 21, 28, 52, 47, 58, 71, 78, 24, 34, 31, 86, 85, 111, 93, 72, 60, 97, 11, 40, 109, 57, 44, 48, 88, 112, 8, 36, 90, 96, 67, 84, 50, 53, 18, 110, 94, 17, 6, 83, 76, 20, 15, 35, 64, 74, 56, 87, 51, 5, 66, 73, 42, 10, 29, 106, 105, 12, 38, 79, 22, 95, 26, 54, 43, 104, 39, 62, 100, 27, 55, 75, 108, 61, 45, 80, 107, 4, 68, 101, 99, 32, 49, 46, 7, 9, 16, 30, 63, 81, 33, 3, 69, 14, 89, 59, 41, 37, 92, 13, 1, 2, 65, 19, 82, 98, 23, 70]
[36m(CpuApproximationActor pid=1583685)[0m [SENTINEL-VERBOSE] MICRO-ACTIONS (per vertex, in elimination order):
[36m(CpuApproximationActor pid=1583685)[0m     v0(vertex_id=102): COMPRESS(axis=0,kind=abs_max)
[36m(CpuApproximationActor pid=1583685)[0m     v1(vertex_id=77): COMPRESS(axis=0,kind=abs_max)
[36m(CpuApproximationActor pid=1583685)[0m     v2(vertex_id=91): COMPRESS(axis=1,kind=abs_max)
[36m(CpuApproximationActor pid=1583685)[0m     v3(vertex_id=103): COMPRESS(axis=0,kind=abs_max)
[36m(CpuApproximationActor pid=1583685)[0m     v4(vertex_id=25): COMPRESS(axis=0,kind=abs_max)
[36m(CpuApproximationActor pid=1583685)[0m     v5(vertex_id=21): COMPRESS(axis=1,kind=abs_max)
[36m(CpuApproximationActor pid=1583685)[0m     v6(vertex_id=28): COMPRESS(axis=0,kind=abs_max)
[36m(CpuApproximationActor pid=1583685)[0m     v8(vertex_id=47): COMPRESS(axis=0,kind=abs_max)
[36m(CpuApproximationActor pid=1583685)[0m     v10(vertex_id=71): QUANT(dtype=float8_e8m0fnu)
[36m(CpuApproximationActor pid=1583685)[0m     v16(vertex_id=85): COMPRESS(axis=0,kind=abs_max)
[36m(CpuApproximationActor pid=1583685)[0m     v17(vertex_id=111): COMPRESS(axis=1,kind=abs_max)
[36m(CpuApproximationActor pid=1583685)[0m     v20(vertex_id=60): COMPRESS(axis=0,kind=abs_max)
[36m(CpuApproximationActor pid=1583685)[0m     v21(vertex_id=97): COMPRESS(axis=1,kind=abs_max)
[36m(CpuApproximationActor pid=1583685)[0m     v22(vertex_id=11): COMPRESS(axis=0,kind=abs_max)
[36m(CpuApproximationActor pid=1583685)[0m     v23(vertex_id=40): COMPRESS(axis=1,kind=abs_max)
[36m(CpuApproximationActor pid=1583685)[0m     v24(vertex_id=109): COMPRESS(axis=1,kind=abs_max)
[36m(CpuApproximationActor pid=1583685)[0m     v25(vertex_id=57): COMPRESS(axis=0,kind=abs_max)
[36m(CpuApproximationActor pid=1583685)[0m     v26(vertex_id=44): COMPRESS(axis=0,kind=abs_max)
[36m(CpuApproximationActor pid=1583685)[0m     v29(vertex_id=112): COMPRESS(axis=1,kind=abs_max)
[36m(CpuApproximationActor pid=1583685)[0m     v31(vertex_id=36): COMPRESS(axis=0,kind=abs_max)
[36m(CpuApproximationActor pid=1583685)[0m     v32(vertex_id=90): COMPRESS(axis=0,kind=abs_max)
[36m(CpuApproximationActor pid=1583685)[0m     v33(vertex_id=96): COMPRESS(axis=0,kind=abs_max)
[36m(CpuApproximationActor pid=1583685)[0m     v34(vertex_id=67): COMPRESS(axis=0,kind=abs_max)
[36m(CpuApproximationActor pid=1583685)[0m     v35(vertex_id=84): COMPRESS(axis=0,kind=abs_max)
[36m(CpuApproximationActor pid=1583685)[0m     v36(vertex_id=50): COMPRESS(axis=0,kind=abs_max)
[36m(CpuApproximationActor pid=1583685)[0m     v37(vertex_id=53): COMPRESS(axis=0,kind=abs_max)
[36m(CpuApproximationActor pid=1583685)[0m     v39(vertex_id=110): COMPRESS(axis=1,kind=abs_max)
[36m(CpuApproximationActor pid=1583685)[0m     v40(vertex_id=94): COMPRESS(axis=0,kind=abs_max)
[36m(CpuApproximationActor pid=1583685)[0m     v41(vertex_id=17): COMPRESS(axis=0,kind=abs_max)
[36m(CpuApproximationActor pid=1583685)[0m     v43(vertex_id=83): COMPRESS(axis=0,kind=abs_max)
[36m(CpuApproximationActor pid=1583685)[0m     v45(vertex_id=20): COMPRESS(axis=0,kind=abs_max)
[36m(CpuApproximationActor pid=1583685)[0m     v46(vertex_id=15): COMPRESS(axis=0,kind=abs_max)
[36m(CpuApproximationActor pid=1583685)[0m     v47(vertex_id=35): COMPRESS(axis=0,kind=abs_max)
[36m(CpuApproximationActor pid=1583685)[0m     v49(vertex_id=74): COMPRESS(axis=0,kind=abs_max)
[36m(CpuApproximationActor pid=1583685)[0m     v51(vertex_id=87): COMPRESS(axis=0,kind=abs_max)
[36m(CpuApproximationActor pid=1583685)[0m     v52(vertex_id=51): COMPRESS(axis=1,kind=abs_max)
[36m(CpuApproximationActor pid=1583685)[0m     v53(vertex_id=5): COMPRESS(axis=0,kind=abs_max)
[36m(CpuApproximationActor pid=1583685)[0m     v54(vertex_id=66): COMPRESS(axis=1,kind=abs_max)
[36m(CpuApproximationActor pid=1583685)[0m     v55(vertex_id=73): COMPRESS(axis=0,kind=abs_max)
[36m(CpuApproximationActor pid=1583685)[0m     v56(vertex_id=42): DIAG(bi1=0,bi2=1,factor=16)
[36m(CpuApproximationActor pid=1583685)[0m     v57(vertex_id=10): COMPRESS(axis=0,kind=abs_max)
[36m(CpuApproximationActor pid=1583685)[0m     v58(vertex_id=29): COMPRESS(axis=0,kind=abs_max)
[36m(CpuApproximationActor pid=1583685)[0m     v59(vertex_id=106): COMPRESS(axis=0,kind=abs_max)
[36m(CpuApproximationActor pid=1583685)[0m     v60(vertex_id=105): COMPRESS(axis=1,kind=abs_max)
[36m(CpuApproximationActor pid=1583685)[0m     v61(vertex_id=12): COMPRESS(axis=0,kind=abs_max)
[36m(CpuApproximationActor pid=1583685)[0m     v62(vertex_id=38): COMPRESS(axis=0,kind=abs_max)
[36m(CpuApproximationActor pid=1583685)[0m     v64(vertex_id=22): COMPRESS(axis=0,kind=abs_max)
[36m(CpuApproximationActor pid=1583685)[0m     v65(vertex_id=95): COMPRESS(axis=0,kind=abs_max)
[36m(CpuApproximationActor pid=1583685)[0m     v66(vertex_id=26): COMPRESS(axis=0,kind=abs_max)
[36m(CpuApproximationActor pid=1583685)[0m     v67(vertex_id=54): COMPRESS(axis=0,kind=abs_max)
[36m(CpuApproximationActor pid=1583685)[0m     v68(vertex_id=43): COMPRESS(axis=0,kind=abs_max)
[36m(CpuApproximationActor pid=1583685)[0m     v69(vertex_id=104): COMPRESS(axis=0,kind=abs_max)
[36m(CpuApproximationActor pid=1583685)[0m     v70(vertex_id=39): COMPRESS(axis=1,kind=abs_max)
[36m(CpuApproximationActor pid=1583685)[0m     v71(vertex_id=62): COMPRESS(axis=0,kind=abs_max)
[36m(CpuApproximationActor pid=1583685)[0m     v72(vertex_id=100): COMPRESS(axis=0,kind=abs_max)
[36m(CpuApproximationActor pid=1583685)[0m     v73(vertex_id=27): COMPRESS(axis=0,kind=abs_max)
[36m(CpuApproximationActor pid=1583685)[0m     v74(vertex_id=55): COMPRESS(axis=0,kind=abs_max)
[36m(CpuApproximationActor pid=1583685)[0m     v75(vertex_id=75): COMPRESS(axis=0,kind=abs_max)
[36m(CpuApproximationActor pid=1583685)[0m     v76(vertex_id=108): COMPRESS(axis=1,kind=abs_max)
[36m(CpuApproximationActor pid=1583685)[0m     v77(vertex_id=61): COMPRESS(axis=0,kind=abs_max)
[36m(CpuApproximationActor pid=1583685)[0m     v78(vertex_id=45): COMPRESS(axis=1,kind=abs_max)
[36m(CpuApproximationActor pid=1583685)[0m     v79(vertex_id=80): COMPRESS(axis=2,kind=abs_max)
[36m(CpuApproximationActor pid=1583685)[0m     v80(vertex_id=107): COMPRESS(axis=1,kind=abs_max)
[36m(CpuApproximationActor pid=1583685)[0m     v81(vertex_id=4): COMPRESS(axis=0,kind=abs_max)
[36m(CpuApproximationActor pid=1583685)[0m     v82(vertex_id=68): COMPRESS(axis=1,kind=abs_max)
[36m(CpuApproximationActor pid=1583685)[0m     v83(vertex_id=101): COMPRESS(axis=0,kind=abs_max)
[36m(CpuApproximationActor pid=1583685)[0m     v84(vertex_id=99): COMPRESS(axis=0,kind=abs_max)
[36m(CpuApproximationActor pid=1583685)[0m     v85(vertex_id=32): COMPRESS(axis=0,kind=abs_max)
[36m(CpuApproximationActor pid=1583685)[0m     v90(vertex_id=16): COMPRESS(axis=0,kind=abs_max)
[36m(CpuApproximationActor pid=1583685)[0m     v91(vertex_id=30): COMPRESS(axis=1,kind=abs_max)
[36m(CpuApproximationActor pid=1583685)[0m     v93(vertex_id=81): COMPRESS(axis=1,kind=abs_max)
[36m(CpuApproximationActor pid=1583685)[0m     v94(vertex_id=33): COMPRESS(axis=1,kind=abs_max)
[36m(CpuApproximationActor pid=1583685)[0m     v95(vertex_id=3): DIAG(bi1=0,bi2=0,factor=2)
[36m(CpuApproximationActor pid=1583685)[0m     v96(vertex_id=69): COMPRESS(axis=0,kind=abs_max)
[36m(CpuApproximationActor pid=1583685)[0m     v97(vertex_id=14): COMPRESS(axis=0,kind=abs_max)
[36m(CpuApproximationActor pid=1583685)[0m     v98(vertex_id=89): COMPRESS(axis=0,kind=abs_max)
[36m(CpuApproximationActor pid=1583685)[0m     v100(vertex_id=41): COMPRESS(axis=2,kind=abs_max)
[36m(CpuApproximationActor pid=1583685)[0m     v101(vertex_id=37): COMPRESS(axis=0,kind=abs_max)
[36m(CpuApproximationActor pid=1583685)[0m     v102(vertex_id=92): COMPRESS(axis=1,kind=abs_max)
[36m(CpuApproximationActor pid=1583685)[0m     v103(vertex_id=13): COMPRESS(axis=1,kind=abs_max)
[36m(CpuApproximationActor pid=1583685)[0m     v104(vertex_id=1): DIAG(bi1=0,bi2=0,factor=2)
[36m(CpuApproximationActor pid=1583685)[0m     v105(vertex_id=2): COMPRESS(axis=0,kind=abs_max)
[36m(CpuApproximationActor pid=1583685)[0m     v106(vertex_id=65): COMPRESS(axis=0,kind=abs_max)
[36m(CpuApproximationActor pid=1583685)[0m     v107(vertex_id=19): COMPRESS(axis=1,kind=max)
[36m(CpuApproximationActor pid=1583685)[0m     v108(vertex_id=82): COMPRESS(axis=2,kind=abs_max)
[36m(CpuApproximationActor pid=1583685)[0m     v109(vertex_id=98): COMPRESS(axis=0,kind=abs_max)
[36m(CpuApproximationActor pid=1583685)[0m     v110(vertex_id=23): DIAG(bi1=0,bi2=0,factor=16)
[36m(CpuApproximationActor pid=1583685)[0m     v111(vertex_id=70): COMPRESS(axis=0,kind=abs_max)
[36m(CpuApproximationActor pid=1583685)[0m [SENTINEL-VERBOSE] TRACEBACK:
[36m(CpuApproximationActor pid=1583685)[0m Traceback (most recent call last):
[36m(CpuApproximationActor pid=1583685)[0m   File "/Users/assmuth/dsnn/alphagrad/src/alphagrad/approx/cpu_approx_worker.py", line 257, in evaluate
[36m(CpuApproximationActor pid=1583685)[0m     tokens, eqn_ids, reward = _callback(
[36m(CpuApproximationActor pid=1583685)[0m                               ~~~~~~~~~^
[36m(CpuApproximationActor pid=1583685)[0m         self._config,
[36m(CpuApproximationActor pid=1583685)[0m         ^^^^^^^^^^^^^
[36m(CpuApproximationActor pid=1583685)[0m     ...<7 lines>...
[36m(CpuApproximationActor pid=1583685)[0m         point_idx=int(point_idx),
[36m(CpuApproximationActor pid=1583685)[0m         ^^^^^^^^^^^^^^^^^^^^^^^^^
[36m(CpuApproximationActor pid=1583685)[0m     ^
[36m(CpuApproximationActor pid=1583685)[0m   File "/Users/assmuth/dsnn/alphagrad/src/alphagrad/approx/env.py", line 3647, in _callback
[36m(CpuApproximationActor pid=1583685)[0m     raise RuntimeError(
[36m(CpuApproximationActor pid=1583685)[0m         f"mem-gate: per-device limit reached ({'; '.join(_why)}) — skip exec"
[36m(CpuApproximationActor pid=1583685)[0m RuntimeError: mem-gate: per-device limit reached (est 15.30G>static 15.0G; est 15.30G>0.9*free 12.5G) — skip exec
[36m(CpuApproximationActor pid=1583685)[0m [SENTINEL-VERBOSE] ==================================================[32m [repeated 2x across cluster][0m
[36m(CpuApproximationActor pid=1583685)[0m     )[32m [repeated 2x across cluster][0m
[36m(CpuApproximationActor pid=1583685)[0m [SENTINEL] mem-gate: per-device (est 14.13G>0.9*free 8.3G) sharded=False — skip exec
[36m(CpuApproximationActor pid=1583685)[0m [SENTINEL] measure-exception step=112 order_len=112 terminal=True: RuntimeError: mem-gate: per-device limit reached (est 14.13G>0.9*free 8.3G) — skip exec
[36m(CpuApproximationActor pid=1583685)[0m [SENTINEL-VERBOSE] step=112 order_len=112 terminal=True init=False point_idx=-1
[36m(CpuApproximationActor pid=1583685)[0m [SENTINEL-VERBOSE] EXC RuntimeError: mem-gate: per-device limit reached (est 14.13G>0.9*free 8.3G) — skip exec
[36m(CpuApproximationActor pid=1583685)[0m [SENTINEL-VERBOSE] ORDER (112): [38, 63, 62, 95, 7, 74, 31, 90, 33, 2, 87, 39, 40, 56, 48, 19, 9, 69, 70, 58, 99, 54, 44, 5, 42, 30, 107, 10, 29, 110, 77, 18, 88, 6, 105, 14, 41, 64, 11, 24, 16, 4, 36, 49, 80, 45, 47, 23, 79, 52, 100, 109, 84, 102, 91, 83, 101, 68, 27, 59, 15, 76, 96, 108, 65, 20, 98, 12, 61, 32, 111, 71, 82, 106, 104, 86, 3, 97, 73, 8, 92, 50, 34, 93, 94, 67, 17, 75, 37, 103, 1, 26, 22, 89, 28, 55, 43, 46, 53, 85, 112, 25, 78, 35, 72, 81, 13, 57, 60, 66, 21, 51]
[36m(CpuApproximationActor pid=1583685)[0m [SENTINEL-VERBOSE] MICRO-ACTIONS (per vertex, in elimination order):
[36m(CpuApproximationActor pid=1583685)[0m     v0(vertex_id=38): COMPRESS(axis=1,kind=abs_max)
[36m(CpuApproximationActor pid=1583685)[0m     v2(vertex_id=62): COMPRESS(axis=0,kind=abs_max)
[36m(CpuApproximationActor pid=1583685)[0m     v3(vertex_id=95): COMPRESS(axis=1,kind=abs_max)
[36m(CpuApproximationActor pid=1583685)[0m     v4(vertex_id=7): COMPRESS(axis=0,kind=abs_max)
[36m(CpuApproximationActor pid=1583685)[0m     v5(vertex_id=74): COMPRESS(axis=0,kind=abs_max)
[36m(CpuApproximationActor pid=1583685)[0m     v7(vertex_id=90): COMPRESS(axis=1,kind=abs_max)
[36m(CpuApproximationActor pid=1583685)[0m     v8(vertex_id=33): COMPRESS(axis=1,kind=abs_max)
[36m(CpuApproximationActor pid=1583685)[0m     v9(vertex_id=2): COMPRESS(axis=0,kind=abs_max)
[36m(CpuApproximationActor pid=1583685)[0m     v10(vertex_id=87): COMPRESS(axis=0,kind=abs_max)
[36m(CpuApproximationActor pid=1583685)[0m     v11(vertex_id=39): COMPRESS(axis=0,kind=abs_max)
[36m(CpuApproximationActor pid=1583685)[0m     v17(vertex_id=69): COMPRESS(axis=0,kind=abs_max)
[36m(CpuApproximationActor pid=1583685)[0m     v20(vertex_id=99): COMPRESS(axis=1,kind=abs_max)
[36m(CpuApproximationActor pid=1583685)[0m     v21(vertex_id=54): COMPRESS(axis=0,kind=abs_max)
[36m(CpuApproximationActor pid=1583685)[0m     v22(vertex_id=44): COMPRESS(axis=0,kind=abs_max)
[36m(CpuApproximationActor pid=1583685)[0m     v23(vertex_id=5): COMPRESS(axis=1,kind=abs_max)
[36m(CpuApproximationActor pid=1583685)[0m     v24(vertex_id=42): COMPRESS(axis=1,kind=abs_max)
[36m(CpuApproximationActor pid=1583685)[0m     v25(vertex_id=30): COMPRESS(axis=0,kind=abs_max)
[36m(CpuApproximationActor pid=1583685)[0m     v26(vertex_id=107): COMPRESS(axis=1,kind=abs_max)
[36m(CpuApproximationActor pid=1583685)[0m     v27(vertex_id=10): COMPRESS(axis=1,kind=abs_max)
[36m(CpuApproximationActor pid=1583685)[0m     v28(vertex_id=29): COMPRESS(axis=1,kind=abs_max)
[36m(CpuApproximationActor pid=1583685)[0m     v29(vertex_id=110): COMPRESS(axis=0,kind=abs_max)
[36m(CpuApproximationActor pid=1583685)[0m     v30(vertex_id=77): COMPRESS(axis=0,kind=abs_max)
[36m(CpuApproximationActor pid=1583685)[0m     v32(vertex_id=88): COMPRESS(axis=0,kind=abs_max)
[36m(CpuApproximationActor pid=1583685)[0m     v33(vertex_id=6): COMPRESS(axis=0,kind=abs_max)
[36m(CpuApproximationActor pid=1583685)[0m     v35(vertex_id=14): COMPRESS(axis=1,kind=abs_max)
[36m(CpuApproximationActor pid=1583685)[0m     v36(vertex_id=41): DIAG(bi1=0,bi2=0,factor=2)
[36m(CpuApproximationActor pid=1583685)[0m     v37(vertex_id=64): COMPRESS(axis=0,kind=abs_max)
[36m(CpuApproximationActor pid=1583685)[0m     v38(vertex_id=11): COMPRESS(axis=0,kind=abs_max)
[36m(CpuApproximationActor pid=1583685)[0m     v41(vertex_id=4): COMPRESS(axis=2,kind=abs_max)
[36m(CpuApproximationActor pid=1583685)[0m     v42(vertex_id=36): COMPRESS(axis=0,kind=abs_max)
[36m(CpuApproximationActor pid=1583685)[0m     v44(vertex_id=80): COMPRESS(axis=0,kind=abs_max)
[36m(CpuApproximationActor pid=1583685)[0m     v45(vertex_id=45): COMPRESS(axis=1,kind=abs_max)
[36m(CpuApproximationActor pid=1583685)[0m     v49(vertex_id=52): COMPRESS(axis=0,kind=abs_max)
[36m(CpuApproximationActor pid=1583685)[0m     v50(vertex_id=100): COMPRESS(axis=0,kind=abs_max)
[36m(CpuApproximationActor pid=1583685)[0m     v51(vertex_id=109): COMPRESS(axis=1,kind=abs_max)
[36m(CpuApproximationActor pid=1583685)[0m     v52(vertex_id=84): COMPRESS(axis=1,kind=abs_max)
[36m(CpuApproximationActor pid=1583685)[0m     v53(vertex_id=102): COMPRESS(axis=0,kind=abs_max)
[36m(CpuApproximationActor pid=1583685)[0m     v54(vertex_id=91): COMPRESS(axis=0,kind=abs_max)
[36m(CpuApproximationActor pid=1583685)[0m     v55(vertex_id=83): COMPRESS(axis=0,kind=abs_max)
[36m(CpuApproximationActor pid=1583685)[0m     v56(vertex_id=101): COMPRESS(axis=0,kind=abs_max)
[36m(CpuApproximationActor pid=1583685)[0m     v57(vertex_id=68): COMPRESS(axis=1,kind=abs_max)
[36m(CpuApproximationActor pid=1583685)[0m     v58(vertex_id=27): COMPRESS(axis=0,kind=abs_max)
[36m(CpuApproximationActor pid=1583685)[0m     v60(vertex_id=15): COMPRESS(axis=0,kind=abs_max)
[36m(CpuApproximationActor pid=1583685)[0m     v61(vertex_id=76): COMPRESS(axis=0,kind=abs_max)
[36m(CpuApproximationActor pid=1583685)[0m     v62(vertex_id=96): COMPRESS(axis=0,kind=abs_max)
[36m(CpuApproximationActor pid=1583685)[0m     v63(vertex_id=108): COMPRESS(axis=1,kind=abs_max)
[36m(CpuApproximationActor pid=1583685)[0m     v64(vertex_id=65): COMPRESS(axis=1,kind=abs_max)
[36m(CpuApproximationActor pid=1583685)[0m     v65(vertex_id=20): COMPRESS(axis=0,kind=abs_max)
[36m(CpuApproximationActor pid=1583685)[0m     v66(vertex_id=98): COMPRESS(axis=2,kind=abs_max)
[36m(CpuApproximationActor pid=1583685)[0m     v67(vertex_id=12): COMPRESS(axis=1,kind=abs_max)
[36m(CpuApproximationActor pid=1583685)[0m     v68(vertex_id=61): COMPRESS(axis=0,kind=abs_max)
[36m(CpuApproximationActor pid=1583685)[0m     v69(vertex_id=32): COMPRESS(axis=1,kind=abs_max)
[36m(CpuApproximationActor pid=1583685)[0m     v72(vertex_id=82): COMPRESS(axis=1,kind=abs_max)
[36m(CpuApproximationActor pid=1583685)[0m     v73(vertex_id=106): COMPRESS(axis=1,kind=abs_max)
[36m(CpuApproximationActor pid=1583685)[0m     v74(vertex_id=104): COMPRESS(axis=0,kind=abs_max)
[36m(CpuApproximationActor pid=1583685)[0m     v75(vertex_id=86): COMPRESS(axis=0,kind=abs_max)
[36m(CpuApproximationActor pid=1583685)[0m     v76(vertex_id=3): COMPRESS(axis=1,kind=abs_max)
[36m(CpuApproximationActor pid=1583685)[0m     v77(vertex_id=97): DIAG(bi1=0,bi2=0,factor=16)
[36m(CpuApproximationActor pid=1583685)[0m     v78(vertex_id=73): COMPRESS(axis=0,kind=abs_max)
[36m(CpuApproximationActor pid=1583685)[0m     v80(vertex_id=92): COMPRESS(axis=0,kind=abs_max)
[36m(CpuApproximationActor pid=1583685)[0m     v81(vertex_id=50): DIAG(bi1=0,bi2=0,factor=2)
[36m(CpuApproximationActor pid=1583685)[0m     v83(vertex_id=93): COMPRESS(axis=0,kind=abs_max)
[36m(CpuApproximationActor pid=1583685)[0m     v84(vertex_id=94): COMPRESS(axis=0,kind=abs_max)
[36m(CpuApproximationActor pid=1583685)[0m     v85(vertex_id=67): COMPRESS(axis=0,kind=abs_max)
[36m(CpuApproximationActor pid=1583685)[0m     v86(vertex_id=17): COMPRESS(axis=0,kind=abs_max)
[36m(CpuApproximationActor pid=1583685)[0m     v87(vertex_id=75): COMPRESS(axis=1,kind=abs_max)
[36m(CpuApproximationActor pid=1583685)[0m     v88(vertex_id=37): COMPRESS(axis=2,kind=abs_max)
[36m(CpuApproximationActor pid=1583685)[0m     v89(vertex_id=103): COMPRESS(axis=1,kind=abs_max)
[36m(CpuApproximationActor pid=1583685)[0m     v90(vertex_id=1): COMPRESS(axis=2,kind=abs_max)
[36m(CpuApproximationActor pid=1583685)[0m     v91(vertex_id=26): COMPRESS(axis=1,kind=abs_max)
[36m(CpuApproximationActor pid=1583685)[0m     v92(vertex_id=22): COMPRESS(axis=0,kind=abs_max)
[36m(CpuApproximationActor pid=1583685)[0m     v94(vertex_id=28): COMPRESS(axis=1,kind=abs_max)
[36m(CpuApproximationActor pid=1583685)[0m     v95(vertex_id=55): COMPRESS(axis=0,kind=abs_max)
[36m(CpuApproximationActor pid=1583685)[0m     v96(vertex_id=43): COMPRESS(axis=0,kind=abs_max)
[36m(CpuApproximationActor pid=1583685)[0m     v98(vertex_id=53): COMPRESS(axis=1,kind=abs_max)
[36m(CpuApproximationActor pid=1583685)[0m     v99(vertex_id=85): COMPRESS(axis=2,kind=abs_max)
[36m(CpuApproximationActor pid=1583685)[0m     v100(vertex_id=112): COMPRESS(axis=1,kind=abs_max)
[36m(CpuApproximationActor pid=1583685)[0m     v101(vertex_id=25): COMPRESS(axis=0,kind=abs_max)
[36m(CpuApproximationActor pid=1583685)[0m     v103(vertex_id=35): COMPRESS(axis=1,kind=abs_max)
[36m(CpuApproximationActor pid=1583685)[0m     v104(vertex_id=72): COMPRESS(axis=2,kind=abs_max)
[36m(CpuApproximationActor pid=1583685)[0m     v105(vertex_id=81): COMPRESS(axis=0,kind=abs_max)
[36m(CpuApproximationActor pid=1583685)[0m     v106(vertex_id=13): COMPRESS(axis=1,kind=max)
[36m(CpuApproximationActor pid=1583685)[0m     v107(vertex_id=57): COMPRESS(axis=2,kind=abs_max)
[36m(CpuApproximationActor pid=1583685)[0m     v108(vertex_id=60): COMPRESS(axis=0,kind=abs_max)
[36m(CpuApproximationActor pid=1583685)[0m     v109(vertex_id=66): COMPRESS(axis=0,kind=abs_max)
[36m(CpuApproximationActor pid=1583685)[0m     v110(vertex_id=21): COMPRESS(axis=2,kind=abs_max)
[36m(CpuApproximationActor pid=1583685)[0m     v111(vertex_id=51): COMPRESS(axis=0,kind=abs_max)
[36m(CpuApproximationActor pid=1583685)[0m [SENTINEL-VERBOSE] TRACEBACK:
[36m(CpuApproximationActor pid=1583685)[0m Traceback (most recent call last):
[36m(CpuApproximationActor pid=1583685)[0m   File "/Users/assmuth/dsnn/alphagrad/src/alphagrad/approx/cpu_approx_worker.py", line 257, in evaluate
[36m(CpuApproximationActor pid=1583685)[0m     tokens, eqn_ids, reward = _callback(
[36m(CpuApproximationActor pid=1583685)[0m                               ~~~~~~~~~^
[36m(CpuApproximationActor pid=1583685)[0m         self._config,
[36m(CpuApproximationActor pid=1583685)[0m         ^^^^^^^^^^^^^
[36m(CpuApproximationActor pid=1583685)[0m     ...<7 lines>...
[36m(CpuApproximationActor pid=1583685)[0m         point_idx=int(point_idx),
[36m(CpuApproximationActor pid=1583685)[0m         ^^^^^^^^^^^^^^^^^^^^^^^^^
[36m(CpuApproximationActor pid=1583685)[0m     ^
[36m(CpuApproximationActor pid=1583685)[0m   File "/Users/assmuth/dsnn/alphagrad/src/alphagrad/approx/env.py", line 3647, in _callback
[36m(CpuApproximationActor pid=1583685)[0m     raise RuntimeError(
[36m(CpuApproximationActor pid=1583685)[0m         f"mem-gate: per-device limit reached ({'; '.join(_why)}) — skip exec"
[36m(CpuApproximationActor pid=1583685)[0m RuntimeError: mem-gate: per-device limit reached (est 14.13G>0.9*free 8.3G) — skip exec
[36m(CpuApproximationActor pid=1583685)[0m [SENTINEL-VERBOSE] ==================================================[32m [repeated 2x across cluster][0m
[36m(CpuApproximationActor pid=1583685)[0m     )[32m [repeated 2x across cluster][0m
[36m(PPOActor pid=1583683)[0m [ppo_ray] 4/448 failed/sentinel transitions this episode (pool timeout / mem-gate / shape-storm); zeroing raw rewards, forcing dones.
[36m(PPOActor pid=1583683)[0m [ppo_ray][popart] ep=0 ev=-3256651.325 adv(mean/std/absmax)=+0.074/0.186/0.387 latency_ns: mu=+0 sig=1 peak_memory: mu=+0 sig=1 frob_residual: mu=+0 sig=1
[36m(PPOActor pid=1583683)[0m W0723 15:46:22.365265 1583683 hlo_rematerialization.cc:3233] Can't reduce memory use below 17.83GiB (19144916043 bytes) by rematerialization; only reduced to 88.44GiB (94961809553 bytes), down from 108.61GiB (116616989461 bytes) originally
[36m(PPOActor pid=1583683)[0m E0723 15:46:41.198470 1583683 cuda_executor.cc:1210] [0] Failed to allocate device memory: INTERNAL: [0] Failed to allocate 88.38GiB (94903033136 bytes) of device memory: : CUDA_ERROR_OUT_OF_MEMORY: out of memory
Traceback (most recent call last):
  File "/Users/assmuth/dsnn/alphagrad/src/alphagrad/approx/ppo_ray.py", line 776, in <module>
    sys.exit(main())
             ~~~~^^
  File "/Users/assmuth/dsnn/alphagrad/src/alphagrad/approx/ppo_ray.py", line 770, in main
    rc = _run(args)
  File "/Users/assmuth/dsnn/alphagrad/src/alphagrad/approx/ppo_ray.py", line 561, in _run
    stats = ray.get(actor.run_rollout_and_train.remote(seed_counter))
  File "/Users/assmuth/dsnn/.venv/lib/python3.13/site-packages/ray/_private/auto_init_hook.py", line 22, in auto_init_wrapper
    return fn(*args, **kwargs)
  File "/Users/assmuth/dsnn/.venv/lib/python3.13/site-packages/ray/_private/client_mode_hook.py", line 107, in wrapper
    return func(*args, **kwargs)
  File "/Users/assmuth/dsnn/.venv/lib/python3.13/site-packages/ray/_private/worker.py", line 2980, in get
    values, debugger_breakpoint = worker.get_objects(
                                  ~~~~~~~~~~~~~~~~~~^
        object_refs, timeout, use_object_store=_use_object_store
        ^^^^^^^^^^^^^^^^^^^^^^^^^^^^^^^^^^^^^^^^^^^^^^^^^^^^^^^^
    )
    ^
  File "/Users/assmuth/dsnn/.venv/lib/python3.13/site-packages/ray/_private/worker.py", line 1023, in get_objects
    raise value.as_instanceof_cause()
ray.exceptions.RayTaskError(JaxRuntimeError): [36mray::PPOActor.run_rollout_and_train()[39m (pid=1583683, ip=192.168.15.10, actor_id=362f9b482dd01a7a19b66f6e01000000, repr=<alphagrad.approx.ppo_ray_actors.PPOActor object at 0x7dcc7290d550>)
  File "/Users/assmuth/dsnn/alphagrad/src/alphagrad/approx/ppo_ray_actors.py", line 71, in run_rollout_and_train
    return self._impl.run_rollout_and_train(int(rng_seed))
           ~~~~~~~~~~~~~~~~~~~~~~~~~~~~~~~~^^^^^^^^^^^^^^^
  File "/Users/assmuth/dsnn/alphagrad/src/alphagrad/approx/ppo_ray_worker.py", line 3186, in run_rollout_and_train
    agent, opt_state, aux = self._update_step(
                            ~~~~~~~~~~~~~~~~~^
        agent, opt_state, batch,
        ^^^^^^^^^^^^^^^^^^^^^^^^
    ...<2 lines>...
        _ent_coef_j,
        ^^^^^^^^^^^^
    )
    ^
  File "/Users/assmuth/dsnn/.venv/lib/python3.13/site-packages/equinox/_jit.py", line 209, in __call__
    return _call(self, False, args, kwargs)
  File "/Users/assmuth/dsnn/.venv/lib/python3.13/site-packages/equinox/_jit.py", line 271, in _call
    marker.block_until_ready()
    ~~~~~~~~~~~~~~~~~~~~~~~~^^
jax.errors.JaxRuntimeError: RESOURCE_EXHAUSTED: Failed to allocate request for 88.38GiB (94903033136B) on device ordinal 0 [executable_name='jit_update_step']
Traceback (most recent call last):
  File "/Users/assmuth/dsnn/alphagrad/src/alphagrad/approx/ppo_ray.py", line 776, in <module>
    sys.exit(main())
             ~~~~^^
  File "/Users/assmuth/dsnn/alphagrad/src/alphagrad/approx/ppo_ray.py", line 770, in main
    rc = _run(args)
  File "/Users/assmuth/dsnn/alphagrad/src/alphagrad/approx/ppo_ray.py", line 561, in _run
    stats = ray.get(actor.run_rollout_and_train.remote(seed_counter))
  File "/Users/assmuth/dsnn/.venv/lib/python3.13/site-packages/ray/_private/auto_init_hook.py", line 22, in auto_init_wrapper
    return fn(*args, **kwargs)
  File "/Users/assmuth/dsnn/.venv/lib/python3.13/site-packages/ray/_private/client_mode_hook.py", line 107, in wrapper
    return func(*args, **kwargs)
  File "/Users/assmuth/dsnn/.venv/lib/python3.13/site-packages/ray/_private/worker.py", line 2980, in get
    values, debugger_breakpoint = worker.get_objects(
                                  ~~~~~~~~~~~~~~~~~~^
        object_refs, timeout, use_object_store=_use_object_store
        ^^^^^^^^^^^^^^^^^^^^^^^^^^^^^^^^^^^^^^^^^^^^^^^^^^^^^^^^
    )
    ^
  File "/Users/assmuth/dsnn/.venv/lib/python3.13/site-packages/ray/_private/worker.py", line 1023, in get_objects
    raise value.as_instanceof_cause()
ray.exceptions.RayTaskError(JaxRuntimeError): [36mray::PPOActor.run_rollout_and_train()[39m (pid=1583683, ip=192.168.15.10, actor_id=362f9b482dd01a7a19b66f6e01000000, repr=<alphagrad.approx.ppo_ray_actors.PPOActor object at 0x7dcc7290d550>)
  File "/Users/assmuth/dsnn/alphagrad/src/alphagrad/approx/ppo_ray_actors.py", line 71, in run_rollout_and_train
    return self._impl.run_rollout_and_train(int(rng_seed))
           ~~~~~~~~~~~~~~~~~~~~~~~~~~~~~~~~^^^^^^^^^^^^^^^
  File "/Users/assmuth/dsnn/alphagrad/src/alphagrad/approx/ppo_ray_worker.py", line 3186, in run_rollout_and_train
    agent, opt_state, aux = self._update_step(
                            ~~~~~~~~~~~~~~~~~^
        agent, opt_state, batch,
        ^^^^^^^^^^^^^^^^^^^^^^^^
    ...<2 lines>...
        _ent_coef_j,
        ^^^^^^^^^^^^
    )
    ^
  File "/Users/assmuth/dsnn/.venv/lib/python3.13/site-packages/equinox/_jit.py", line 209, in __call__
    return _call(self, False, args, kwargs)
  File "/Users/assmuth/dsnn/.venv/lib/python3.13/site-packages/equinox/_jit.py", line 271, in _call
    marker.block_until_ready()
    ~~~~~~~~~~~~~~~~~~~~~~~~^^
jax.errors.JaxRuntimeError: RESOURCE_EXHAUSTED: Failed to allocate request for 88.38GiB (94903033136B) on device ordinal 0 [executable_name='jit_update_step']
[1;34mwandb[0m: 
[1;34mwandb[0m: 🚀 View run [33mexact_encdec_lat_mem[0m at: [34mhttps://wandb.ai/dll-streetview/dsnn-vertex/runs/h86bgmn7[0m
[1;34mwandb[0m: Find logs at: [1;35mwandb/run-20260723_153527-h86bgmn7/logs[0m
=== PHASE lat_mem RC=1 Thu Jul 23 03:48:01 PM UTC 2026 ===
[log_to_csv] campaign_exp/exact_encdec_lat_mem/run.log -> campaign_exp/exact_encdec_lat_mem/metrics.csv: 0 rows (of 1 episodes, warmup=50, drop_zeros=True), 1 columns
=== PHASE flops START Thu Jul 23 03:48:01 PM UTC 2026 ===
2026-07-23 15:48:04,776	INFO worker.py:2012 -- Started a local Ray instance.
/Users/assmuth/dsnn/.venv/lib/python3.13/site-packages/ray/_private/worker.py:2051: FutureWarning: Tip: In future versions of Ray, Ray will no longer override accelerator visible devices env var if num_gpus=0 or num_gpus=None (default). To enable this behavior and turn off this error message, set RAY_ACCEL_ENV_VAR_OVERRIDE_ON_ZERO=0
  warnings.warn(
wandb: Loading settings from /Users/assmuth/.config/wandb/settings
wandb: [wandb.login()] Loaded credentials for https://api.wandb.ai from /Users/assmuth/.netrc.
wandb: Currently logged in as: florian-assmuth (dll-streetview) to https://api.wandb.ai. Use `wandb login --relogin` to force relogin
wandb: WARNING Using a boolean value for 'reinit' is deprecated. Use 'return_previous' or 'finish_previous' instead.
wandb: setting up run jfpxewm3
wandb: Tracking run with wandb version 0.25.0
wandb: Run data is saved locally in /Users/assmuth/dsnn/alphagrad/wandb/run-20260723_154806-jfpxewm3
wandb: Run `wandb offline` to turn off syncing.
wandb: Syncing run exact_encdec_flops
wandb: ⭐️ View project at https://wandb.ai/dll-streetview/dsnn-vertex
wandb: 🚀 View run at https://wandb.ai/dll-streetview/dsnn-vertex/runs/jfpxewm3
[33m(raylet)[0m It looks like you're creating a detached actor in an anonymous namespace. In order to access this actor in the future, you will need to explicitly connect to this namespace with ray.init(namespace="80f8cbe4-3c4d-45ac-8911-8d26772feb9e", ...)
[36m(CpuApproximationActor pid=1593456)[0m W0723 15:48:13.025292 1593456 text_format.cc:393] Warning parsing text-format xla.TritonGemmConfigsProto: 15:53 (N = 1): text format contains deprecated field "split_k"
[36m(CpuApproximationActor pid=1593456)[0m W0723 15:48:13.025321 1593456 text_format.cc:393] Warning parsing text-format xla.TritonGemmConfigsProto: 16:53 (N = 2): text format contains deprecated field "split_k"
[36m(CpuApproximationActor pid=1593456)[0m W0723 15:48:13.025328 1593456 text_format.cc:393] Warning parsing text-format xla.TritonGemmConfigsProto: 18:53 (N = 4): text format contains deprecated field "split_k"
[36m(CpuApproximationActor pid=1593456)[0m W0723 15:48:13.025338 1593456 text_format.cc:393] Warning parsing text-format xla.TritonGemmConfigsProto: 22:53 (N = 8): text format contains deprecated field "split_k"
[36m(CpuApproximationActor pid=1593456)[0m W0723 15:48:13.025352 1593456 text_format.cc:393] Warning parsing text-format xla.TritonGemmConfigsProto: 30:53 (N = 16): text format contains deprecated field "split_k"
[36m(CpuApproximationActor pid=1593456)[0m W0723 15:48:13.025382 1593456 text_format.cc:393] Warning parsing text-format xla.TritonGemmConfigsProto: 16:52 (N = 32): text format contains deprecated field "split_k"
[36m(CpuApproximationActor pid=1593456)[0m W0723 15:48:13.025436 1593456 text_format.cc:393] Warning parsing text-format xla.TritonGemmConfigsProto: 48:53 (N = 64): text format contains deprecated field "split_k"
[36m(CpuApproximationActor pid=1593456)[0m W0723 15:48:13.025568 1593456 text_format.cc:393] Warning parsing text-format xla.TritonGemmConfigsProto: 78:53 (N = 128): text format contains deprecated field "split_k"
[36m(CpuApproximationActor pid=1593456)[0m W0723 15:48:13.025804 1593456 text_format.cc:393] Warning parsing text-format xla.TritonGemmConfigsProto: 36:55 (N = 256): text format contains deprecated field "split_k"
[36m(PPOActor pid=1593453)[0m W0723 15:48:13.221834 1593453 text_format.cc:393] Warning parsing text-format xla.AutotuneResult: 5:10 (N = 1): text format contains deprecated field "split_k"
[36m(PPOActor pid=1593453)[0m [ppo_ray] ADDITIVE failed/sentinel penalty = -2.0 (bounded-negative, INCLUDED in advantage+loss -- replaces the failed-row mask; failed rows are repulsive, never a zero-gradient no-op).
[36m(PPOActor pid=1593453)[0m [ppo_ray] V2 anti-hack: failed_adv_stamp=1.0 (post-z-score advantage overwrite on failed rows), cost_symlog_cap=0.0 (symlog'd cost channels clipped to +/-cap).
[36m(PPOActor pid=1593453)[0m [ppo_ray] PopArt value norm ON: beta=0.01 sigma_min(base=0.1, quality[6,9]=0.2) sigma_max=1e+12 robust_std=True (winsor k=5.0) — replaces the rollout advantage z-score; under pure-PopArt advantage a failed row is truly-neutral (A==0), no constant stamp.
[36m(PPOActor pid=1593453)[0m [ppo_ray] DYNAMIC SENTINEL ON: failed/sentinel terminals get per-channel mu_c - 2.0*sigma_c (EMA beta=0.01) instead of -1e10. The additive failed_penalty stamp AND the post-z-score failed_adv_stamp are DISABLED (dynamic value supersedes them); failed_transitions logging + PopArt exclusion unchanged.
[36m(PPOActor pid=1593453)[0m [ppo_ray] RAW COSSIM THREAD ON: env emits full-range cosine_sim in idx6; worker applies guide cap=None into the GAE buffer only, logs reward/cosine_sim_raw from the uncapped value.
[33m(raylet)[0m It looks like you're creating a detached actor in an anonymous namespace. In order to access this actor in the future, you will need to explicitly connect to this namespace with ray.init(namespace="80f8cbe4-3c4d-45ac-8911-8d26772feb9e", ...)
[36m(PPOActor pid=1593453)[0m [ppo_ray_worker] POLICY V2 ACTIVE: MicroPPOAgent = PALIMPSA backbone + PointerVertexPolicy + MicroActionPolicy(max_substeps=1) + separate value pool; factor tables up to axis size 64 (observed max 64).
[36m(CpuApproximationActor pid=1593456)[0m [cpu_approx_worker pid=1593456] env: ALPHAGRAD_EXACT_ONLY=1 ALPHAGRAD_EXAMPLE_WIDTH=64 ALPHAGRAD_FACE_TRANSFORMS=0 ALPHAGRAD_MEASURE_VIA_AOJ=0 ALPHAGRAD_PER_FACE_MVP=0 ALPHAGRAD_POLICY=palimpsa JAX_COMPILATION_CACHE_DIR=/tmp/dsnn-jax-cache-55211-pgi15-gpu10
[36m(CpuApproximationActor pid=1593456)[0m [measure-actor 0] host=pgi15-gpu10.iff.kfa-juelich.de CUDA_VISIBLE_DEVICES=2 jax_devices=[CudaDevice(id=0)]
[36m(PPOActor pid=1593453)[0m [ppo_ray_worker] V2 policy heads scaled by 0.1 (near-uniform initial policy).
[36m(CpuApproximationActor pid=1593455)[0m [cpu_approx_worker pid=1593455] env: ALPHAGRAD_EXACT_ONLY=1 ALPHAGRAD_EXAMPLE_WIDTH=64 ALPHAGRAD_FACE_TRANSFORMS=0 ALPHAGRAD_MEASURE_VIA_AOJ=0 ALPHAGRAD_PER_FACE_MVP=0 ALPHAGRAD_POLICY=palimpsa JAX_COMPILATION_CACHE_DIR=/tmp/dsnn-jax-cache-55211-pgi15-gpu10[32m [repeated 2x across cluster] (Ray deduplicates logs by default. Set RAY_DEDUP_LOGS=0 to disable log deduplication, or see https://docs.ray.io/en/master/ray-observability/user-guides/configure-logging.html#log-deduplication for more options.)[0m
[36m(CpuApproximationActor pid=1593455)[0m [measure-actor 2] host=pgi15-gpu10.iff.kfa-juelich.de CUDA_VISIBLE_DEVICES=3 jax_devices=[CudaDevice(id=0)][32m [repeated 2x across cluster][0m
  actors spawned + JIT-warm in 27.9s
ppo_ray:   0%|                                                                                                                                             | 0/1000 [00:00<?, ?it/s][36m(PPOActor pid=1593453)[0m W0723 15:48:33.134719 1593453 text_format.cc:393] Warning parsing text-format xla.AutotuneResult: 5:10 (N = 2): text format contains deprecated field "split_k"
[36m(PPOActor pid=1593453)[0m W0723 15:48:33.134798 1593453 text_format.cc:393] Warning parsing text-format xla.AutotuneResult: 5:10 (N = 4): text format contains deprecated field "split_k"
[36m(PPOActor pid=1593453)[0m W0723 15:48:33.134880 1593453 text_format.cc:393] Warning parsing text-format xla.AutotuneResult: 5:10 (N = 8): text format contains deprecated field "split_k"
[36m(PPOActor pid=1593453)[0m W0723 15:48:33.135028 1593453 text_format.cc:393] Warning parsing text-format xla.AutotuneResult: 5:10 (N = 16): text format contains deprecated field "split_k"
[36m(CpuApproximationActor pid=1593454)[0m W0723 15:48:13.085295 1593454 text_format.cc:393] Warning parsing text-format xla.TritonGemmConfigsProto: 36:55 (N = 256): text format contains deprecated field "split_k"[32m [repeated 18x across cluster][0m
[36m(CpuApproximationActor pid=1593456)[0m /Users/assmuth/dsnn/alphagrad/src/alphagrad/approx/env.py:3137: UserWarning: [alphagrad.approx.env] jaxpr tokenization truncated: raw_len=16444 > MAX_TOKENS=16384 (overflow=60). The policy will see a clipped observation for this step. Subsequent truncations are silent but counted (see ``tokenization/{truncated_count, overflow_sum_this_ep}`` in the wandb log).
[36m(CpuApproximationActor pid=1593456)[0m   _record_tokenization_truncation(int(raw_tokens.shape[0]))
[36m(CpuApproximationActor pid=1593454)[0m /Users/assmuth/dsnn/graphax/src/graphax/jaxpr.py:779: UserWarning: jaxpr tokenizer: uncaptured value rendered as '?': 'jit'
[36m(CpuApproximationActor pid=1593454)[0m   warnings.warn(
[36m(CpuApproximationActor pid=1593454)[0m /Users/assmuth/dsnn/graphax/src/graphax/jaxpr.py:779: UserWarning: jaxpr tokenizer: uncaptured value rendered as '?': 'compiler_options_kvs'
[36m(CpuApproximationActor pid=1593454)[0m   warnings.warn(
[36m(CpuApproximationActor pid=1593454)[0m /Users/assmuth/dsnn/graphax/src/graphax/jaxpr.py:779: UserWarning: jaxpr tokenizer: uncaptured value rendered as '?': 'donated_invars'
[36m(CpuApproximationActor pid=1593454)[0m   warnings.warn(
[36m(CpuApproximationActor pid=1593454)[0m /Users/assmuth/dsnn/graphax/src/graphax/jaxpr.py:779: UserWarning: jaxpr tokenizer: uncaptured value rendered as '?': 'in_layouts'
[36m(CpuApproximationActor pid=1593454)[0m   warnings.warn(
[36m(CpuApproximationActor pid=1593454)[0m /Users/assmuth/dsnn/graphax/src/graphax/jaxpr.py:779: UserWarning: jaxpr tokenizer: uncaptured value rendered as '?': 'None'
[36m(CpuApproximationActor pid=1593454)[0m   warnings.warn(
[36m(CpuApproximationActor pid=1593454)[0m /Users/assmuth/dsnn/graphax/src/graphax/jaxpr.py:779: UserWarning: jaxpr tokenizer: uncaptured value rendered as '?': 'in_shardings'
[36m(CpuApproximationActor pid=1593454)[0m   warnings.warn(
[36m(CpuApproximationActor pid=1593454)[0m /Users/assmuth/dsnn/graphax/src/graphax/jaxpr.py:779: UserWarning: jaxpr tokenizer: uncaptured value rendered as '?': 'UnspecifiedValue'
[36m(CpuApproximationActor pid=1593454)[0m   warnings.warn(
[36m(CpuApproximationActor pid=1593454)[0m /Users/assmuth/dsnn/graphax/src/graphax/jaxpr.py:779: UserWarning: jaxpr tokenizer: uncaptured value rendered as '?': 'inline'
[36m(CpuApproximationActor pid=1593454)[0m   warnings.warn(
[36m(CpuApproximationActor pid=1593454)[0m /Users/assmuth/dsnn/graphax/src/graphax/jaxpr.py:779: UserWarning: jaxpr tokenizer: uncaptured value rendered as '?': 'keep_unused'
[36m(CpuApproximationActor pid=1593454)[0m   warnings.warn(
[36m(CpuApproximationActor pid=1593454)[0m /Users/assmuth/dsnn/graphax/src/graphax/jaxpr.py:779: UserWarning: jaxpr tokenizer: uncaptured value rendered as '?': 'name'
[36m(CpuApproximationActor pid=1593454)[0m   warnings.warn(
[36m(CpuApproximationActor pid=1593454)[0m /Users/assmuth/dsnn/graphax/src/graphax/jaxpr.py:779: UserWarning: jaxpr tokenizer: uncaptured value rendered as '?': '_where'
[36m(CpuApproximationActor pid=1593454)[0m   warnings.warn(
[36m(CpuApproximationActor pid=1593454)[0m /Users/assmuth/dsnn/graphax/src/graphax/jaxpr.py:779: UserWarning: jaxpr tokenizer: uncaptured value rendered as '?': 'out_layouts'
[36m(CpuApproximationActor pid=1593454)[0m   warnings.warn(
[36m(CpuApproximationActor pid=1593454)[0m /Users/assmuth/dsnn/graphax/src/graphax/jaxpr.py:779: UserWarning: jaxpr tokenizer: uncaptured value rendered as '?': 'out_shardings'
[36m(CpuApproximationActor pid=1593454)[0m   warnings.warn(
[36m(CpuApproximationActor pid=1593454)[0m   _record_tokenization_truncation(int(raw_tokens.shape[0]))
[36m(CpuApproximationActor pid=1593454)[0m /Users/assmuth/dsnn/alphagrad/src/alphagrad/approx/env.py:3137: UserWarning: [alphagrad.approx.env] jaxpr tokenization truncated: raw_len=17288 > MAX_TOKENS=16384 (overflow=904). The policy will see a clipped observation for this step. Subsequent truncations are silent but counted (see ``tokenization/{truncated_count, overflow_sum_this_ep}`` in the wandb log).
[36m(CpuApproximationActor pid=1593455)[0m /Users/assmuth/dsnn/alphagrad/src/alphagrad/approx/env.py:3137: UserWarning: [alphagrad.approx.env] jaxpr tokenization truncated: raw_len=16388 > MAX_TOKENS=16384 (overflow=4). The policy will see a clipped observation for this step. Subsequent truncations are silent but counted (see ``tokenization/{truncated_count, overflow_sum_this_ep}`` in the wandb log).
[36m(CpuApproximationActor pid=1593455)[0m   _record_tokenization_truncation(int(raw_tokens.shape[0]))
[36m(CpuApproximationActor pid=1593456)[0m /Users/assmuth/dsnn/graphax/src/graphax/jaxpr.py:779: UserWarning: jaxpr tokenizer: uncaptured value rendered as '?': 'jit'
[36m(CpuApproximationActor pid=1593456)[0m   warnings.warn([32m [repeated 13x across cluster][0m
[36m(CpuApproximationActor pid=1593456)[0m /Users/assmuth/dsnn/graphax/src/graphax/jaxpr.py:779: UserWarning: jaxpr tokenizer: uncaptured value rendered as '?': 'compiler_options_kvs'
[36m(CpuApproximationActor pid=1593456)[0m /Users/assmuth/dsnn/graphax/src/graphax/jaxpr.py:779: UserWarning: jaxpr tokenizer: uncaptured value rendered as '?': 'donated_invars'
[36m(CpuApproximationActor pid=1593456)[0m /Users/assmuth/dsnn/graphax/src/graphax/jaxpr.py:779: UserWarning: jaxpr tokenizer: uncaptured value rendered as '?': 'in_layouts'
[36m(CpuApproximationActor pid=1593456)[0m /Users/assmuth/dsnn/graphax/src/graphax/jaxpr.py:779: UserWarning: jaxpr tokenizer: uncaptured value rendered as '?': 'None'
[36m(CpuApproximationActor pid=1593456)[0m /Users/assmuth/dsnn/graphax/src/graphax/jaxpr.py:779: UserWarning: jaxpr tokenizer: uncaptured value rendered as '?': 'in_shardings'
[36m(CpuApproximationActor pid=1593456)[0m /Users/assmuth/dsnn/graphax/src/graphax/jaxpr.py:779: UserWarning: jaxpr tokenizer: uncaptured value rendered as '?': 'UnspecifiedValue'
[36m(CpuApproximationActor pid=1593456)[0m /Users/assmuth/dsnn/graphax/src/graphax/jaxpr.py:779: UserWarning: jaxpr tokenizer: uncaptured value rendered as '?': 'inline'
[36m(CpuApproximationActor pid=1593456)[0m /Users/assmuth/dsnn/graphax/src/graphax/jaxpr.py:779: UserWarning: jaxpr tokenizer: uncaptured value rendered as '?': 'keep_unused'
[36m(CpuApproximationActor pid=1593456)[0m /Users/assmuth/dsnn/graphax/src/graphax/jaxpr.py:779: UserWarning: jaxpr tokenizer: uncaptured value rendered as '?': 'name'
[36m(CpuApproximationActor pid=1593456)[0m /Users/assmuth/dsnn/graphax/src/graphax/jaxpr.py:779: UserWarning: jaxpr tokenizer: uncaptured value rendered as '?': '_where'
[36m(CpuApproximationActor pid=1593456)[0m /Users/assmuth/dsnn/graphax/src/graphax/jaxpr.py:779: UserWarning: jaxpr tokenizer: uncaptured value rendered as '?': 'out_layouts'
[36m(CpuApproximationActor pid=1593456)[0m /Users/assmuth/dsnn/graphax/src/graphax/jaxpr.py:779: UserWarning: jaxpr tokenizer: uncaptured value rendered as '?': 'out_shardings'
[36m(CpuApproximationActor pid=1593455)[0m /Users/assmuth/dsnn/graphax/src/graphax/jaxpr.py:779: UserWarning: jaxpr tokenizer: uncaptured value rendered as '?': 'jit'
[36m(CpuApproximationActor pid=1593455)[0m /Users/assmuth/dsnn/graphax/src/graphax/jaxpr.py:779: UserWarning: jaxpr tokenizer: uncaptured value rendered as '?': 'compiler_options_kvs'
[36m(CpuApproximationActor pid=1593455)[0m /Users/assmuth/dsnn/graphax/src/graphax/jaxpr.py:779: UserWarning: jaxpr tokenizer: uncaptured value rendered as '?': 'donated_invars'
[36m(CpuApproximationActor pid=1593455)[0m /Users/assmuth/dsnn/graphax/src/graphax/jaxpr.py:779: UserWarning: jaxpr tokenizer: uncaptured value rendered as '?': 'in_layouts'
[36m(CpuApproximationActor pid=1593455)[0m /Users/assmuth/dsnn/graphax/src/graphax/jaxpr.py:779: UserWarning: jaxpr tokenizer: uncaptured value rendered as '?': 'None'
[36m(CpuApproximationActor pid=1593455)[0m /Users/assmuth/dsnn/graphax/src/graphax/jaxpr.py:779: UserWarning: jaxpr tokenizer: uncaptured value rendered as '?': 'in_shardings'
[36m(CpuApproximationActor pid=1593455)[0m /Users/assmuth/dsnn/graphax/src/graphax/jaxpr.py:779: UserWarning: jaxpr tokenizer: uncaptured value rendered as '?': 'UnspecifiedValue'
[36m(CpuApproximationActor pid=1593455)[0m /Users/assmuth/dsnn/graphax/src/graphax/jaxpr.py:779: UserWarning: jaxpr tokenizer: uncaptured value rendered as '?': 'inline'
[36m(CpuApproximationActor pid=1593455)[0m /Users/assmuth/dsnn/graphax/src/graphax/jaxpr.py:779: UserWarning: jaxpr tokenizer: uncaptured value rendered as '?': 'keep_unused'
[36m(CpuApproximationActor pid=1593455)[0m /Users/assmuth/dsnn/graphax/src/graphax/jaxpr.py:779: UserWarning: jaxpr tokenizer: uncaptured value rendered as '?': 'name'
[36m(CpuApproximationActor pid=1593455)[0m /Users/assmuth/dsnn/graphax/src/graphax/jaxpr.py:779: UserWarning: jaxpr tokenizer: uncaptured value rendered as '?': '_where'
[36m(CpuApproximationActor pid=1593455)[0m /Users/assmuth/dsnn/graphax/src/graphax/jaxpr.py:779: UserWarning: jaxpr tokenizer: uncaptured value rendered as '?': 'out_layouts'
[36m(CpuApproximationActor pid=1593455)[0m /Users/assmuth/dsnn/graphax/src/graphax/jaxpr.py:779: UserWarning: jaxpr tokenizer: uncaptured value rendered as '?': 'out_shardings'
[36m(CpuApproximationActor pid=1593455)[0m   warnings.warn([32m [repeated 13x across cluster][0m
[36m(CpuApproximationActor pid=1593454)[0m [SENTINEL] mem-gate: per-device (est 24.09G>static 15.0G; est 24.09G>0.9*free 11.2G) sharded=False — skip exec
[36m(CpuApproximationActor pid=1593454)[0m [SENTINEL] measure-exception step=112 order_len=112 terminal=True: RuntimeError: mem-gate: per-device limit reached (est 24.09G>static 15.0G; est 24.09G>0.9*free 11.2G) — skip exec
[36m(CpuApproximationActor pid=1593454)[0m [SENTINEL-VERBOSE] ==================================================
[36m(CpuApproximationActor pid=1593454)[0m [SENTINEL-VERBOSE] step=112 order_len=112 terminal=True init=False point_idx=-1
[36m(CpuApproximationActor pid=1593454)[0m [SENTINEL-VERBOSE] EXC RuntimeError: mem-gate: per-device limit reached (est 24.09G>static 15.0G; est 24.09G>0.9*free 11.2G) — skip exec
[36m(CpuApproximationActor pid=1593454)[0m [SENTINEL-VERBOSE] ORDER (112): [1, 56, 91, 92, 65, 40, 35, 106, 62, 71, 63, 78, 49, 94, 13, 53, 26, 61, 37, 22, 69, 18, 6, 90, 45, 5, 109, 84, 11, 98, 110, 93, 24, 2, 103, 36, 14, 32, 42, 51, 17, 3, 8, 67, 108, 86, 48, 16, 102, 74, 73, 104, 68, 96, 75, 19, 27, 31, 83, 57, 66, 64, 105, 29, 9, 82, 44, 88, 77, 97, 25, 15, 34, 76, 20, 30, 99, 79, 10, 41, 52, 38, 80, 21, 39, 23, 85, 7, 107, 101, 28, 72, 47, 54, 4, 95, 46, 55, 50, 112, 100, 58, 70, 33, 59, 60, 87, 81, 43, 89, 111, 12]
[36m(CpuApproximationActor pid=1593454)[0m [SENTINEL-VERBOSE] MICRO-ACTIONS (per vertex, in elimination order):
[36m(CpuApproximationActor pid=1593454)[0m     v0(vertex_id=1): DIAG(bi1=1,bi2=0,factor=2)
[36m(CpuApproximationActor pid=1593454)[0m     v2(vertex_id=91): COMPRESS(axis=0,kind=abs_max)
[36m(CpuApproximationActor pid=1593454)[0m     v3(vertex_id=92): COMPRESS(axis=1,kind=abs_max)
[36m(CpuApproximationActor pid=1593454)[0m     v4(vertex_id=65): COMPRESS(axis=1,kind=abs_max)
[36m(CpuApproximationActor pid=1593454)[0m     v5(vertex_id=40): COMPRESS(axis=0,kind=abs_max)
[36m(CpuApproximationActor pid=1593454)[0m     v7(vertex_id=106): COMPRESS(axis=1,kind=abs_max)
[36m(CpuApproximationActor pid=1593454)[0m     v8(vertex_id=62): COMPRESS(axis=0,kind=abs_max)
[36m(CpuApproximationActor pid=1593454)[0m     v10(vertex_id=63): COMPRESS(axis=0,kind=abs_max)
[36m(CpuApproximationActor pid=1593454)[0m     v14(vertex_id=13): COMPRESS(axis=1,kind=abs_max)
[36m(CpuApproximationActor pid=1593454)[0m     v15(vertex_id=53): COMPRESS(axis=0,kind=abs_max)
[36m(CpuApproximationActor pid=1593454)[0m     v16(vertex_id=26): COMPRESS(axis=0,kind=abs_max)
[36m(CpuApproximationActor pid=1593454)[0m     v17(vertex_id=61): COMPRESS(axis=1,kind=abs_max)
[36m(CpuApproximationActor pid=1593454)[0m     v18(vertex_id=37): COMPRESS(axis=1,kind=abs_max)
[36m(CpuApproximationActor pid=1593454)[0m     v19(vertex_id=22): COMPRESS(axis=0,kind=abs_max)
[36m(CpuApproximationActor pid=1593454)[0m     v20(vertex_id=69): COMPRESS(axis=1,kind=abs_max)
[36m(CpuApproximationActor pid=1593454)[0m     v22(vertex_id=6): COMPRESS(axis=0,kind=abs_max)
[36m(CpuApproximationActor pid=1593454)[0m     v23(vertex_id=90): COMPRESS(axis=0,kind=abs_max)
[36m(CpuApproximationActor pid=1593454)[0m     v25(vertex_id=5): COMPRESS(axis=1,kind=abs_max)
[36m(CpuApproximationActor pid=1593454)[0m     v26(vertex_id=109): COMPRESS(axis=0,kind=abs_max)
[36m(CpuApproximationActor pid=1593454)[0m     v27(vertex_id=84): COMPRESS(axis=0,kind=abs_max)
[36m(CpuApproximationActor pid=1593454)[0m     v28(vertex_id=11): COMPRESS(axis=0,kind=abs_max)
[36m(CpuApproximationActor pid=1593454)[0m     v29(vertex_id=98): COMPRESS(axis=1,kind=abs_max)
[36m(CpuApproximationActor pid=1593454)[0m     v30(vertex_id=110): COMPRESS(axis=0,kind=abs_max)
[36m(CpuApproximationActor pid=1593454)[0m     v31(vertex_id=93): COMPRESS(axis=0,kind=abs_max)
[36m(CpuApproximationActor pid=1593454)[0m     v32(vertex_id=24): COMPRESS(axis=0,kind=abs_max)
[36m(CpuApproximationActor pid=1593454)[0m     v33(vertex_id=2): COMPRESS(axis=0,kind=abs_max)
[36m(CpuApproximationActor pid=1593454)[0m     v34(vertex_id=103): COMPRESS(axis=1,kind=abs_max)
[36m(CpuApproximationActor pid=1593454)[0m     v35(vertex_id=36): COMPRESS(axis=1,kind=abs_max)
[36m(CpuApproximationActor pid=1593454)[0m     v36(vertex_id=14): COMPRESS(axis=0,kind=abs_max)
[36m(CpuApproximationActor pid=1593454)[0m     v37(vertex_id=32): COMPRESS(axis=1,kind=abs_max)
[36m(CpuApproximationActor pid=1593454)[0m     v38(vertex_id=42): DIAG(bi1=1,bi2=0,factor=16)
[36m(CpuApproximationActor pid=1593454)[0m     v39(vertex_id=51): COMPRESS(axis=0,kind=abs_max)
[36m(CpuApproximationActor pid=1593454)[0m     v40(vertex_id=17): COMPRESS(axis=0,kind=abs_max)
[36m(CpuApproximationActor pid=1593454)[0m     v41(vertex_id=3): COMPRESS(axis=0,kind=abs_max)
[36m(CpuApproximationActor pid=1593454)[0m     v43(vertex_id=67): COMPRESS(axis=0,kind=abs_max)
[36m(CpuApproximationActor pid=1593454)[0m     v44(vertex_id=108): COMPRESS(axis=1,kind=abs_max)
[36m(CpuApproximationActor pid=1593454)[0m     v48(vertex_id=102): COMPRESS(axis=0,kind=abs_max)
[36m(CpuApproximationActor pid=1593454)[0m     v49(vertex_id=74): COMPRESS(axis=0,kind=abs_max)
[36m(CpuApproximationActor pid=1593454)[0m     v50(vertex_id=73): DIAG(bi1=1,bi2=1,factor=2)
[36m(CpuApproximationActor pid=1593454)[0m     v53(vertex_id=96): COMPRESS(axis=0,kind=abs_max)
[36m(CpuApproximationActor pid=1593454)[0m     v54(vertex_id=75): COMPRESS(axis=0,kind=abs_max)
[36m(CpuApproximationActor pid=1593454)[0m     v57(vertex_id=31): COMPRESS(axis=1,kind=abs_max)
[36m(CpuApproximationActor pid=1593454)[0m     v58(vertex_id=83): COMPRESS(axis=0,kind=abs_max)
[36m(CpuApproximationActor pid=1593454)[0m     v59(vertex_id=57): COMPRESS(axis=0,kind=abs_max)
[36m(CpuApproximationActor pid=1593454)[0m     v60(vertex_id=66): COMPRESS(axis=0,kind=abs_max)
[36m(CpuApproximationActor pid=1593454)[0m     v61(vertex_id=64): COMPRESS(axis=1,kind=abs_max)
[36m(CpuApproximationActor pid=1593454)[0m     v62(vertex_id=105): COMPRESS(axis=0,kind=abs_max)
[36m(CpuApproximationActor pid=1593454)[0m     v63(vertex_id=29): COMPRESS(axis=0,kind=abs_max)
[36m(CpuApproximationActor pid=1593454)[0m     v65(vertex_id=82): COMPRESS(axis=2,kind=abs_max)
[36m(CpuApproximationActor pid=1593454)[0m     v66(vertex_id=44): COMPRESS(axis=2,kind=abs_max)
[36m(CpuApproximationActor pid=1593454)[0m     v69(vertex_id=97): COMPRESS(axis=1,kind=max)
[36m(CpuApproximationActor pid=1593454)[0m     v70(vertex_id=25): COMPRESS(axis=0,kind=abs_max)
[36m(CpuApproximationActor pid=1593454)[0m     v71(vertex_id=15): COMPRESS(axis=0,kind=abs_max)
[36m(CpuApproximationActor pid=1593454)[0m     v72(vertex_id=34): COMPRESS(axis=1,kind=abs_max)
[36m(CpuApproximationActor pid=1593454)[0m     v73(vertex_id=76): QUANT(dtype=float8_e8m0fnu)
[36m(CpuApproximationActor pid=1593454)[0m     v74(vertex_id=20): COMPRESS(axis=1,kind=abs_max)
[36m(CpuApproximationActor pid=1593454)[0m     v75(vertex_id=30): COMPRESS(axis=2,kind=abs_max)
[36m(CpuApproximationActor pid=1593454)[0m     v76(vertex_id=99): COMPRESS(axis=0,kind=abs_max)
[36m(CpuApproximationActor pid=1593454)[0m     v78(vertex_id=10): DIAG(bi1=0,bi2=0,factor=2)
[36m(CpuApproximationActor pid=1593454)[0m     v79(vertex_id=41): DIAG(bi1=0,bi2=0,factor=16)
[36m(CpuApproximationActor pid=1593454)[0m     v80(vertex_id=52): COMPRESS(axis=0,kind=abs_max)
[36m(CpuApproximationActor pid=1593454)[0m     v81(vertex_id=38): COMPRESS(axis=0,kind=abs_max)
[36m(CpuApproximationActor pid=1593454)[0m     v82(vertex_id=80): COMPRESS(axis=2,kind=abs_max)
[36m(CpuApproximationActor pid=1593454)[0m     v83(vertex_id=21): COMPRESS(axis=0,kind=abs_max)
[36m(CpuApproximationActor pid=1593454)[0m     v84(vertex_id=39): COMPRESS(axis=0,kind=abs_max)
[36m(CpuApproximationActor pid=1593454)[0m     v85(vertex_id=23): COMPRESS(axis=1,kind=abs_max)
[36m(CpuApproximationActor pid=1593454)[0m     v86(vertex_id=85): COMPRESS(axis=0,kind=abs_max)
[36m(CpuApproximationActor pid=1593454)[0m     v88(vertex_id=107): COMPRESS(axis=0,kind=abs_max)
[36m(CpuApproximationActor pid=1593454)[0m     v89(vertex_id=101): COMPRESS(axis=0,kind=abs_max)
[36m(CpuApproximationActor pid=1593454)[0m     v90(vertex_id=28): COMPRESS(axis=0,kind=abs_max)
[36m(CpuApproximationActor pid=1593454)[0m     v93(vertex_id=54): COMPRESS(axis=1,kind=abs_max)
[36m(CpuApproximationActor pid=1593454)[0m     v94(vertex_id=4): COMPRESS(axis=2,kind=abs_max)
[36m(CpuApproximationActor pid=1593454)[0m     v95(vertex_id=95): COMPRESS(axis=2,kind=abs_max)
[36m(CpuApproximationActor pid=1593454)[0m     v97(vertex_id=55): COMPRESS(axis=1,kind=abs_max)
[36m(CpuApproximationActor pid=1593454)[0m     v98(vertex_id=50): DIAG(bi1=0,bi2=0,factor=16)
[36m(CpuApproximationActor pid=1593454)[0m     v99(vertex_id=112): COMPRESS(axis=0,kind=abs_max)
[36m(CpuApproximationActor pid=1593454)[0m     v100(vertex_id=100): COMPRESS(axis=1,kind=abs_max)
[36m(CpuApproximationActor pid=1593454)[0m     v101(vertex_id=58): DIAG(bi1=0,bi2=0,factor=2)
[36m(CpuApproximationActor pid=1593454)[0m     v102(vertex_id=70): COMPRESS(axis=0,kind=abs_max)
[36m(CpuApproximationActor pid=1593454)[0m     v103(vertex_id=33): COMPRESS(axis=1,kind=abs_max)
[36m(CpuApproximationActor pid=1593454)[0m     v105(vertex_id=60): COMPRESS(axis=1,kind=abs_max)
[36m(CpuApproximationActor pid=1593454)[0m     v106(vertex_id=87): COMPRESS(axis=0,kind=abs_max)
[36m(CpuApproximationActor pid=1593454)[0m     v107(vertex_id=81): COMPRESS(axis=1,kind=abs_max)
[36m(CpuApproximationActor pid=1593454)[0m     v108(vertex_id=43): COMPRESS(axis=1,kind=abs_max)
[36m(CpuApproximationActor pid=1593454)[0m     v109(vertex_id=89): COMPRESS(axis=1,kind=abs_max)
[36m(CpuApproximationActor pid=1593454)[0m     v110(vertex_id=111): COMPRESS(axis=1,kind=abs_max)
[36m(CpuApproximationActor pid=1593454)[0m     v111(vertex_id=12): DIAG(bi1=0,bi2=1,factor=2)
[36m(CpuApproximationActor pid=1593454)[0m [SENTINEL-VERBOSE] TRACEBACK:
[36m(CpuApproximationActor pid=1593454)[0m Traceback (most recent call last):
[36m(CpuApproximationActor pid=1593454)[0m   File "/Users/assmuth/dsnn/alphagrad/src/alphagrad/approx/cpu_approx_worker.py", line 257, in evaluate
[36m(CpuApproximationActor pid=1593454)[0m     tokens, eqn_ids, reward = _callback(
[36m(CpuApproximationActor pid=1593454)[0m                               ~~~~~~~~~^
[36m(CpuApproximationActor pid=1593454)[0m         self._config,
[36m(CpuApproximationActor pid=1593454)[0m         ^^^^^^^^^^^^^
[36m(CpuApproximationActor pid=1593454)[0m     ...<7 lines>...
[36m(CpuApproximationActor pid=1593454)[0m         point_idx=int(point_idx),
[36m(CpuApproximationActor pid=1593454)[0m         ^^^^^^^^^^^^^^^^^^^^^^^^^
[36m(CpuApproximationActor pid=1593454)[0m     )
[36m(CpuApproximationActor pid=1593454)[0m     ^
[36m(CpuApproximationActor pid=1593454)[0m   File "/Users/assmuth/dsnn/alphagrad/src/alphagrad/approx/env.py", line 3647, in _callback
[36m(CpuApproximationActor pid=1593454)[0m     raise RuntimeError(
[36m(CpuApproximationActor pid=1593454)[0m         f"mem-gate: per-device limit reached ({'; '.join(_why)}) — skip exec"
[36m(CpuApproximationActor pid=1593454)[0m     )
[36m(CpuApproximationActor pid=1593454)[0m RuntimeError: mem-gate: per-device limit reached (est 24.09G>static 15.0G; est 24.09G>0.9*free 11.2G) — skip exec
[36m(CpuApproximationActor pid=1593454)[0m [SENTINEL-VERBOSE] ==================================================
[36m(CpuApproximationActor pid=1593455)[0m     v2(vertex_id=14): COMPRESS(axis=1,kind=abs_max)
[36m(CpuApproximationActor pid=1593455)[0m     v3(vertex_id=111): COMPRESS(axis=1,kind=abs_max)
[36m(CpuApproximationActor pid=1593455)[0m     v4(vertex_id=54): COMPRESS(axis=1,kind=abs_max)
[36m(CpuApproximationActor pid=1593455)[0m     v6(vertex_id=91): COMPRESS(axis=0,kind=abs_max)
[36m(CpuApproximationActor pid=1593455)[0m     v8(vertex_id=27): COMPRESS(axis=0,kind=abs_max)
[36m(CpuApproximationActor pid=1593455)[0m     v9(vertex_id=70): COMPRESS(axis=0,kind=abs_max)
[36m(CpuApproximationActor pid=1593455)[0m     v10(vertex_id=38): COMPRESS(axis=0,kind=abs_max)
[36m(CpuApproximationActor pid=1593455)[0m     v11(vertex_id=25): COMPRESS(axis=1,kind=abs_max)
[36m(CpuApproximationActor pid=1593455)[0m     v15(vertex_id=61): COMPRESS(axis=0,kind=abs_max)
[36m(CpuApproximationActor pid=1593455)[0m     v16(vertex_id=32): COMPRESS(axis=1,kind=abs_max)
[36m(CpuApproximationActor pid=1593455)[0m     v17(vertex_id=13): COMPRESS(axis=0,kind=abs_max)
[36m(CpuApproximationActor pid=1593455)[0m     v19(vertex_id=40): COMPRESS(axis=0,kind=abs_max)
[36m(CpuApproximationActor pid=1593455)[0m     v20(vertex_id=108): COMPRESS(axis=0,kind=abs_max)
[36m(CpuApproximationActor pid=1593455)[0m     v21(vertex_id=33): COMPRESS(axis=1,kind=abs_max)
[36m(CpuApproximationActor pid=1593455)[0m     v22(vertex_id=97): COMPRESS(axis=1,kind=abs_max)
[36m(CpuApproximationActor pid=1593455)[0m     v23(vertex_id=57): COMPRESS(axis=0,kind=abs_max)
[36m(CpuApproximationActor pid=1593455)[0m     v24(vertex_id=41): COMPRESS(axis=3,kind=abs_max)
[36m(CpuApproximationActor pid=1593455)[0m     v25(vertex_id=36): COMPRESS(axis=0,kind=abs_max)
[36m(CpuApproximationActor pid=1593455)[0m     v26(vertex_id=58): COMPRESS(axis=0,kind=abs_max)
[36m(CpuApproximationActor pid=1593455)[0m     v27(vertex_id=21): COMPRESS(axis=1,kind=abs_max)
[36m(CpuApproximationActor pid=1593455)[0m     v30(vertex_id=84): COMPRESS(axis=1,kind=abs_max)
[36m(CpuApproximationActor pid=1593455)[0m     v31(vertex_id=12): COMPRESS(axis=2,kind=abs_max)
[36m(CpuApproximationActor pid=1593455)[0m     v33(vertex_id=100): COMPRESS(axis=0,kind=abs_max)
[36m(CpuApproximationActor pid=1593455)[0m     v34(vertex_id=45): COMPRESS(axis=0,kind=abs_max)
[36m(CpuApproximationActor pid=1593455)[0m     v35(vertex_id=51): COMPRESS(axis=0,kind=abs_max)
[36m(CpuApproximationActor pid=1593455)[0m     v36(vertex_id=2): COMPRESS(axis=1,kind=abs_max)
[36m(CpuApproximationActor pid=1593455)[0m     v37(vertex_id=77): COMPRESS(axis=0,kind=abs_max)
[36m(CpuApproximationActor pid=1593455)[0m     v41(vertex_id=99): COMPRESS(axis=0,kind=abs_max)
[36m(CpuApproximationActor pid=1593455)[0m     v42(vertex_id=55): COMPRESS(axis=1,kind=abs_max)
[36m(CpuApproximationActor pid=1593455)[0m     v43(vertex_id=83): COMPRESS(axis=0,kind=abs_max)
[36m(CpuApproximationActor pid=1593455)[0m     v45(vertex_id=65): COMPRESS(axis=1,kind=abs_max)
[36m(CpuApproximationActor pid=1593455)[0m     v47(vertex_id=96): COMPRESS(axis=0,kind=abs_max)
[36m(CpuApproximationActor pid=1593455)[0m     v48(vertex_id=1): DIAG(bi1=1,bi2=1,factor=16)
[36m(CpuApproximationActor pid=1593455)[0m     v49(vertex_id=81): COMPRESS(axis=0,kind=abs_max)
[36m(CpuApproximationActor pid=1593455)[0m     v50(vertex_id=28): COMPRESS(axis=0,kind=abs_max)
[36m(CpuApproximationActor pid=1593455)[0m     v52(vertex_id=95): COMPRESS(axis=1,kind=abs_max)
[36m(CpuApproximationActor pid=1593455)[0m     v53(vertex_id=56): COMPRESS(axis=0,kind=abs_max)
[36m(CpuApproximationActor pid=1593455)[0m     v54(vertex_id=29): COMPRESS(axis=1,kind=abs_max)
[36m(CpuApproximationActor pid=1593455)[0m     v55(vertex_id=26): COMPRESS(axis=0,kind=abs_max)
[36m(CpuApproximationActor pid=1593455)[0m     v56(vertex_id=5): DIAG(bi1=0,bi2=0,factor=16)
[36m(CpuApproximationActor pid=1593455)[0m     v58(vertex_id=67): COMPRESS(axis=2,kind=abs_max)
[36m(CpuApproximationActor pid=1593455)[0m     v59(vertex_id=46): COMPRESS(axis=0,kind=abs_max)
[36m(CpuApproximationActor pid=1593455)[0m     v60(vertex_id=66): COMPRESS(axis=0,kind=abs_max)
[36m(CpuApproximationActor pid=1593455)[0m     v61(vertex_id=39): COMPRESS(axis=1,kind=abs_max)
[36m(CpuApproximationActor pid=1593455)[0m     v62(vertex_id=24): COMPRESS(axis=0,kind=abs_max)
[36m(CpuApproximationActor pid=1593455)[0m     v64(vertex_id=42): COMPRESS(axis=2,kind=abs_max)
[36m(CpuApproximationActor pid=1593455)[0m     v65(vertex_id=64): COMPRESS(axis=0,kind=abs_max)
[36m(CpuApproximationActor pid=1593455)[0m     v66(vertex_id=98): COMPRESS(axis=0,kind=abs_max)
[36m(CpuApproximationActor pid=1593455)[0m     v67(vertex_id=17): COMPRESS(axis=1,kind=abs_max)
[36m(CpuApproximationActor pid=1593455)[0m     v68(vertex_id=69): COMPRESS(axis=1,kind=abs_max)
[36m(CpuApproximationActor pid=1593455)[0m     v69(vertex_id=3): COMPRESS(axis=1,kind=abs_max)
[36m(CpuApproximationActor pid=1593455)[0m     v71(vertex_id=73): COMPRESS(axis=1,kind=abs_max)
[36m(CpuApproximationActor pid=1593455)[0m     v72(vertex_id=4): COMPRESS(axis=1,kind=abs_max)
[36m(CpuApproximationActor pid=1593455)[0m     v73(vertex_id=22): COMPRESS(axis=1,kind=abs_max)
[36m(CpuApproximationActor pid=1593455)[0m     v74(vertex_id=23): COMPRESS(axis=1,kind=max)
[36m(CpuApproximationActor pid=1593455)[0m     v76(vertex_id=103): COMPRESS(axis=0,kind=abs_max)
[36m(CpuApproximationActor pid=1593455)[0m     v77(vertex_id=106): COMPRESS(axis=1,kind=abs_max)
[36m(CpuApproximationActor pid=1593455)[0m     v78(vertex_id=20): COMPRESS(axis=1,kind=abs_max)
[36m(CpuApproximationActor pid=1593455)[0m     v79(vertex_id=47): COMPRESS(axis=0,kind=abs_max)
[36m(CpuApproximationActor pid=1593455)[0m     v80(vertex_id=60): COMPRESS(axis=0,kind=abs_max)
[36m(CpuApproximationActor pid=1593455)[0m     v81(vertex_id=85): COMPRESS(axis=0,kind=abs_max)
[36m(CpuApproximationActor pid=1593455)[0m     v82(vertex_id=30): COMPRESS(axis=0,kind=abs_max)
[36m(CpuApproximationActor pid=1593455)[0m     v83(vertex_id=35): COMPRESS(axis=0,kind=abs_max)
[36m(CpuApproximationActor pid=1593455)[0m     v84(vertex_id=15): COMPRESS(axis=0,kind=abs_max)
[36m(CpuApproximationActor pid=1593455)[0m     v86(vertex_id=62): COMPRESS(axis=1,kind=abs_max)
[36m(CpuApproximationActor pid=1593455)[0m     v87(vertex_id=75): COMPRESS(axis=0,kind=abs_max)
[36m(CpuApproximationActor pid=1593455)[0m     v88(vertex_id=68): COMPRESS(axis=0,kind=abs_max)
[36m(CpuApproximationActor pid=1593455)[0m     v89(vertex_id=110): COMPRESS(axis=0,kind=abs_max)
[36m(CpuApproximationActor pid=1593455)[0m     v90(vertex_id=43): DIAG(bi1=0,bi2=1,factor=2)
[36m(CpuApproximationActor pid=1593455)[0m     v91(vertex_id=37): COMPRESS(axis=1,kind=abs_max)
[36m(CpuApproximationActor pid=1593455)[0m     v94(vertex_id=87): COMPRESS(axis=0,kind=abs_max)
[36m(CpuApproximationActor pid=1593455)[0m     v95(vertex_id=109): COMPRESS(axis=1,kind=abs_max)
[36m(CpuApproximationActor pid=1593455)[0m     v96(vertex_id=102): COMPRESS(axis=0,kind=abs_max)
[36m(CpuApproximationActor pid=1593455)[0m     v97(vertex_id=94): COMPRESS(axis=1,kind=abs_max)
[36m(CpuApproximationActor pid=1593455)[0m     v98(vertex_id=90): COMPRESS(axis=0,kind=abs_max)
[36m(CpuApproximationActor pid=1593455)[0m     v99(vertex_id=50): COMPRESS(axis=0,kind=abs_max)
[36m(CpuApproximationActor pid=1593455)[0m     v100(vertex_id=92): COMPRESS(axis=1,kind=abs_max)
[36m(CpuApproximationActor pid=1593455)[0m     v102(vertex_id=80): COMPRESS(axis=1,kind=abs_max)
[36m(CpuApproximationActor pid=1593455)[0m     v105(vertex_id=82): DIAG(bi1=0,bi2=1,factor=16)
[36m(CpuApproximationActor pid=1593455)[0m     v106(vertex_id=10): COMPRESS(axis=2,kind=abs_max)
[36m(CpuApproximationActor pid=1593455)[0m     v109(vertex_id=52): COMPRESS(axis=0,kind=abs_max)
[36m(CpuApproximationActor pid=1593455)[0m     v110(vertex_id=74): COMPRESS(axis=0,kind=abs_max)
[36m(CpuApproximationActor pid=1593455)[0m     v111(vertex_id=11): COMPRESS(axis=2,kind=abs_max)
[36m(CpuApproximationActor pid=1593455)[0m [SENTINEL] mem-gate: per-device (est 19.01G>static 15.0G; est 19.01G>0.9*free 11.3G) sharded=False — skip exec
[36m(CpuApproximationActor pid=1593455)[0m [SENTINEL] measure-exception step=112 order_len=112 terminal=True: RuntimeError: mem-gate: per-device limit reached (est 19.01G>static 15.0G; est 19.01G>0.9*free 11.3G) — skip exec
[36m(CpuApproximationActor pid=1593455)[0m [SENTINEL-VERBOSE] ==================================================[32m [repeated 2x across cluster][0m
[36m(CpuApproximationActor pid=1593455)[0m [SENTINEL-VERBOSE] step=112 order_len=112 terminal=True init=False point_idx=-1
[36m(CpuApproximationActor pid=1593455)[0m [SENTINEL-VERBOSE] EXC RuntimeError: mem-gate: per-device limit reached (est 19.01G>static 15.0G; est 19.01G>0.9*free 11.3G) — skip exec
[36m(CpuApproximationActor pid=1593455)[0m [SENTINEL-VERBOSE] ORDER (112): [19, 53, 14, 111, 54, 31, 91, 112, 27, 70, 38, 25, 88, 63, 105, 61, 32, 13, 71, 40, 108, 33, 97, 57, 41, 36, 58, 21, 86, 93, 84, 12, 18, 100, 45, 51, 2, 77, 8, 7, 44, 99, 55, 83, 9, 65, 104, 96, 1, 81, 28, 6, 95, 56, 29, 26, 5, 101, 67, 46, 66, 39, 24, 34, 42, 64, 98, 17, 69, 3, 89, 73, 4, 22, 23, 78, 103, 106, 20, 47, 60, 85, 30, 35, 15, 59, 62, 75, 68, 110, 43, 37, 72, 79, 87, 109, 102, 94, 90, 50, 92, 48, 80, 49, 107, 82, 10, 76, 16, 52, 74, 11]
[36m(CpuApproximationActor pid=1593455)[0m [SENTINEL-VERBOSE] MICRO-ACTIONS (per vertex, in elimination order):
[36m(CpuApproximationActor pid=1593455)[0m [SENTINEL-VERBOSE] TRACEBACK:
[36m(CpuApproximationActor pid=1593455)[0m Traceback (most recent call last):
[36m(CpuApproximationActor pid=1593455)[0m   File "/Users/assmuth/dsnn/alphagrad/src/alphagrad/approx/cpu_approx_worker.py", line 257, in evaluate
[36m(CpuApproximationActor pid=1593455)[0m     tokens, eqn_ids, reward = _callback(
[36m(CpuApproximationActor pid=1593455)[0m                               ~~~~~~~~~^
[36m(CpuApproximationActor pid=1593455)[0m         self._config,
[36m(CpuApproximationActor pid=1593455)[0m         ^^^^^^^^^^^^^
[36m(CpuApproximationActor pid=1593455)[0m     ...<7 lines>...
[36m(CpuApproximationActor pid=1593455)[0m         point_idx=int(point_idx),
[36m(CpuApproximationActor pid=1593455)[0m         ^^^^^^^^^^^^^^^^^^^^^^^^^
[36m(CpuApproximationActor pid=1593455)[0m     )[32m [repeated 2x across cluster][0m
[36m(CpuApproximationActor pid=1593455)[0m     ^
[36m(CpuApproximationActor pid=1593455)[0m   File "/Users/assmuth/dsnn/alphagrad/src/alphagrad/approx/env.py", line 3647, in _callback
[36m(CpuApproximationActor pid=1593455)[0m     raise RuntimeError(
[36m(CpuApproximationActor pid=1593455)[0m         f"mem-gate: per-device limit reached ({'; '.join(_why)}) — skip exec"
[36m(CpuApproximationActor pid=1593455)[0m RuntimeError: mem-gate: per-device limit reached (est 19.01G>static 15.0G; est 19.01G>0.9*free 11.3G) — skip exec
[36m(CpuApproximationActor pid=1593456)[0m E0723 15:55:56.959652 1594005 slow_operation_alarm.cc:73] 
[36m(CpuApproximationActor pid=1593456)[0m ********************************
[36m(CpuApproximationActor pid=1593456)[0m [Compiling module jit_EncoderDecoder for GPU] Very slow compile? If you want to file a bug, run with envvar XLA_FLAGS=--xla_dump_to=/tmp/foo and attach the results.
[36m(CpuApproximationActor pid=1593456)[0m ********************************
[36m(CpuApproximationActor pid=1593456)[0m E0723 15:55:57.739601 1593456 slow_operation_alarm.cc:140] The operation took 2m0.780449803s
[36m(CpuApproximationActor pid=1593456)[0m 
[36m(CpuApproximationActor pid=1593456)[0m ********************************
[36m(CpuApproximationActor pid=1593456)[0m [Compiling module jit_EncoderDecoder for GPU] Very slow compile? If you want to file a bug, run with envvar XLA_FLAGS=--xla_dump_to=/tmp/foo and attach the results.
[36m(CpuApproximationActor pid=1593456)[0m ********************************
[36m(CpuApproximationActor pid=1593456)[0m [SENTINEL] mem-gate: per-device (est 15.30G>static 15.0G; est 15.30G>0.9*free 12.5G) sharded=False — skip exec
[36m(CpuApproximationActor pid=1593456)[0m [SENTINEL] measure-exception step=112 order_len=112 terminal=True: RuntimeError: mem-gate: per-device limit reached (est 15.30G>static 15.0G; est 15.30G>0.9*free 12.5G) — skip exec
[36m(CpuApproximationActor pid=1593456)[0m [SENTINEL-VERBOSE] step=112 order_len=112 terminal=True init=False point_idx=-1
[36m(CpuApproximationActor pid=1593456)[0m [SENTINEL-VERBOSE] EXC RuntimeError: mem-gate: per-device limit reached (est 15.30G>static 15.0G; est 15.30G>0.9*free 12.5G) — skip exec
[36m(CpuApproximationActor pid=1593456)[0m [SENTINEL-VERBOSE] ORDER (112): [102, 77, 91, 103, 25, 21, 28, 52, 47, 58, 71, 78, 24, 34, 31, 86, 85, 111, 93, 72, 60, 97, 11, 40, 109, 57, 44, 48, 88, 112, 8, 36, 90, 96, 67, 84, 50, 53, 18, 110, 94, 17, 6, 83, 76, 20, 15, 35, 64, 74, 56, 87, 51, 5, 66, 73, 42, 10, 29, 106, 105, 12, 38, 79, 22, 95, 26, 54, 43, 104, 39, 62, 100, 27, 55, 75, 108, 61, 45, 80, 107, 4, 68, 101, 99, 32, 49, 46, 7, 9, 16, 30, 63, 81, 33, 3, 69, 14, 89, 59, 41, 37, 92, 13, 1, 2, 65, 19, 82, 98, 23, 70]
[36m(CpuApproximationActor pid=1593456)[0m [SENTINEL-VERBOSE] MICRO-ACTIONS (per vertex, in elimination order):
[36m(CpuApproximationActor pid=1593456)[0m     v0(vertex_id=102): COMPRESS(axis=0,kind=abs_max)
[36m(CpuApproximationActor pid=1593456)[0m     v1(vertex_id=77): COMPRESS(axis=0,kind=abs_max)
[36m(CpuApproximationActor pid=1593456)[0m     v2(vertex_id=91): COMPRESS(axis=1,kind=abs_max)
[36m(CpuApproximationActor pid=1593456)[0m     v3(vertex_id=103): COMPRESS(axis=0,kind=abs_max)
[36m(CpuApproximationActor pid=1593456)[0m     v4(vertex_id=25): COMPRESS(axis=0,kind=abs_max)
[36m(CpuApproximationActor pid=1593456)[0m     v5(vertex_id=21): COMPRESS(axis=1,kind=abs_max)
[36m(CpuApproximationActor pid=1593456)[0m     v6(vertex_id=28): COMPRESS(axis=0,kind=abs_max)
[36m(CpuApproximationActor pid=1593456)[0m     v8(vertex_id=47): COMPRESS(axis=0,kind=abs_max)
[36m(CpuApproximationActor pid=1593456)[0m     v10(vertex_id=71): QUANT(dtype=float8_e8m0fnu)
[36m(CpuApproximationActor pid=1593456)[0m     v16(vertex_id=85): COMPRESS(axis=0,kind=abs_max)
[36m(CpuApproximationActor pid=1593456)[0m     v17(vertex_id=111): COMPRESS(axis=1,kind=abs_max)
[36m(CpuApproximationActor pid=1593456)[0m     v20(vertex_id=60): COMPRESS(axis=0,kind=abs_max)
[36m(CpuApproximationActor pid=1593456)[0m     v21(vertex_id=97): COMPRESS(axis=1,kind=abs_max)
[36m(CpuApproximationActor pid=1593456)[0m     v22(vertex_id=11): COMPRESS(axis=0,kind=abs_max)
[36m(CpuApproximationActor pid=1593456)[0m     v23(vertex_id=40): COMPRESS(axis=1,kind=abs_max)
[36m(CpuApproximationActor pid=1593456)[0m     v24(vertex_id=109): COMPRESS(axis=1,kind=abs_max)
[36m(CpuApproximationActor pid=1593456)[0m     v25(vertex_id=57): COMPRESS(axis=0,kind=abs_max)
[36m(CpuApproximationActor pid=1593456)[0m     v26(vertex_id=44): COMPRESS(axis=0,kind=abs_max)
[36m(CpuApproximationActor pid=1593456)[0m     v29(vertex_id=112): COMPRESS(axis=1,kind=abs_max)
[36m(CpuApproximationActor pid=1593456)[0m     v31(vertex_id=36): COMPRESS(axis=0,kind=abs_max)
[36m(CpuApproximationActor pid=1593456)[0m     v32(vertex_id=90): COMPRESS(axis=0,kind=abs_max)
[36m(CpuApproximationActor pid=1593456)[0m     v33(vertex_id=96): COMPRESS(axis=0,kind=abs_max)
[36m(CpuApproximationActor pid=1593456)[0m     v34(vertex_id=67): COMPRESS(axis=0,kind=abs_max)
[36m(CpuApproximationActor pid=1593456)[0m     v35(vertex_id=84): COMPRESS(axis=0,kind=abs_max)
[36m(CpuApproximationActor pid=1593456)[0m     v36(vertex_id=50): COMPRESS(axis=0,kind=abs_max)
[36m(CpuApproximationActor pid=1593456)[0m     v37(vertex_id=53): COMPRESS(axis=0,kind=abs_max)
[36m(CpuApproximationActor pid=1593456)[0m     v39(vertex_id=110): COMPRESS(axis=1,kind=abs_max)
[36m(CpuApproximationActor pid=1593456)[0m     v40(vertex_id=94): COMPRESS(axis=0,kind=abs_max)
[36m(CpuApproximationActor pid=1593456)[0m     v41(vertex_id=17): COMPRESS(axis=0,kind=abs_max)
[36m(CpuApproximationActor pid=1593456)[0m     v43(vertex_id=83): COMPRESS(axis=0,kind=abs_max)
[36m(CpuApproximationActor pid=1593456)[0m     v45(vertex_id=20): COMPRESS(axis=0,kind=abs_max)
[36m(CpuApproximationActor pid=1593456)[0m     v46(vertex_id=15): COMPRESS(axis=0,kind=abs_max)
[36m(CpuApproximationActor pid=1593456)[0m     v47(vertex_id=35): COMPRESS(axis=0,kind=abs_max)
[36m(CpuApproximationActor pid=1593456)[0m     v49(vertex_id=74): COMPRESS(axis=0,kind=abs_max)
[36m(CpuApproximationActor pid=1593456)[0m     v51(vertex_id=87): COMPRESS(axis=0,kind=abs_max)
[36m(CpuApproximationActor pid=1593456)[0m     v52(vertex_id=51): COMPRESS(axis=1,kind=abs_max)
[36m(CpuApproximationActor pid=1593456)[0m     v53(vertex_id=5): COMPRESS(axis=0,kind=abs_max)
[36m(CpuApproximationActor pid=1593456)[0m     v54(vertex_id=66): COMPRESS(axis=1,kind=abs_max)
[36m(CpuApproximationActor pid=1593456)[0m     v55(vertex_id=73): COMPRESS(axis=0,kind=abs_max)
[36m(CpuApproximationActor pid=1593456)[0m     v56(vertex_id=42): DIAG(bi1=0,bi2=1,factor=16)
[36m(CpuApproximationActor pid=1593456)[0m     v57(vertex_id=10): COMPRESS(axis=0,kind=abs_max)
[36m(CpuApproximationActor pid=1593456)[0m     v58(vertex_id=29): COMPRESS(axis=0,kind=abs_max)
[36m(CpuApproximationActor pid=1593456)[0m     v59(vertex_id=106): COMPRESS(axis=0,kind=abs_max)
[36m(CpuApproximationActor pid=1593456)[0m     v60(vertex_id=105): COMPRESS(axis=1,kind=abs_max)
[36m(CpuApproximationActor pid=1593456)[0m     v61(vertex_id=12): COMPRESS(axis=0,kind=abs_max)
[36m(CpuApproximationActor pid=1593456)[0m     v62(vertex_id=38): COMPRESS(axis=0,kind=abs_max)
[36m(CpuApproximationActor pid=1593456)[0m     v64(vertex_id=22): COMPRESS(axis=0,kind=abs_max)
[36m(CpuApproximationActor pid=1593456)[0m     v65(vertex_id=95): COMPRESS(axis=0,kind=abs_max)
[36m(CpuApproximationActor pid=1593456)[0m     v66(vertex_id=26): COMPRESS(axis=0,kind=abs_max)
[36m(CpuApproximationActor pid=1593456)[0m     v67(vertex_id=54): COMPRESS(axis=0,kind=abs_max)
[36m(CpuApproximationActor pid=1593456)[0m     v68(vertex_id=43): COMPRESS(axis=0,kind=abs_max)
[36m(CpuApproximationActor pid=1593456)[0m     v69(vertex_id=104): COMPRESS(axis=0,kind=abs_max)
[36m(CpuApproximationActor pid=1593456)[0m     v70(vertex_id=39): COMPRESS(axis=1,kind=abs_max)
[36m(CpuApproximationActor pid=1593456)[0m     v71(vertex_id=62): COMPRESS(axis=0,kind=abs_max)
[36m(CpuApproximationActor pid=1593456)[0m     v72(vertex_id=100): COMPRESS(axis=0,kind=abs_max)
[36m(CpuApproximationActor pid=1593456)[0m     v73(vertex_id=27): COMPRESS(axis=0,kind=abs_max)
[36m(CpuApproximationActor pid=1593456)[0m     v74(vertex_id=55): COMPRESS(axis=0,kind=abs_max)
[36m(CpuApproximationActor pid=1593456)[0m     v75(vertex_id=75): COMPRESS(axis=0,kind=abs_max)
[36m(CpuApproximationActor pid=1593456)[0m     v76(vertex_id=108): COMPRESS(axis=1,kind=abs_max)
[36m(CpuApproximationActor pid=1593456)[0m     v77(vertex_id=61): COMPRESS(axis=0,kind=abs_max)
[36m(CpuApproximationActor pid=1593456)[0m     v78(vertex_id=45): COMPRESS(axis=1,kind=abs_max)
[36m(CpuApproximationActor pid=1593456)[0m     v79(vertex_id=80): COMPRESS(axis=2,kind=abs_max)
[36m(CpuApproximationActor pid=1593456)[0m     v80(vertex_id=107): COMPRESS(axis=1,kind=abs_max)
[36m(CpuApproximationActor pid=1593456)[0m     v81(vertex_id=4): COMPRESS(axis=0,kind=abs_max)
[36m(CpuApproximationActor pid=1593456)[0m     v82(vertex_id=68): COMPRESS(axis=1,kind=abs_max)
[36m(CpuApproximationActor pid=1593456)[0m     v83(vertex_id=101): COMPRESS(axis=0,kind=abs_max)
[36m(CpuApproximationActor pid=1593456)[0m     v84(vertex_id=99): COMPRESS(axis=0,kind=abs_max)
[36m(CpuApproximationActor pid=1593456)[0m     v85(vertex_id=32): COMPRESS(axis=0,kind=abs_max)
[36m(CpuApproximationActor pid=1593456)[0m     v90(vertex_id=16): COMPRESS(axis=0,kind=abs_max)
[36m(CpuApproximationActor pid=1593456)[0m     v91(vertex_id=30): COMPRESS(axis=1,kind=abs_max)
[36m(CpuApproximationActor pid=1593456)[0m     v93(vertex_id=81): COMPRESS(axis=1,kind=abs_max)
[36m(CpuApproximationActor pid=1593456)[0m     v94(vertex_id=33): COMPRESS(axis=1,kind=abs_max)
[36m(CpuApproximationActor pid=1593456)[0m     v95(vertex_id=3): DIAG(bi1=0,bi2=0,factor=2)
[36m(CpuApproximationActor pid=1593456)[0m     v96(vertex_id=69): COMPRESS(axis=0,kind=abs_max)
[36m(CpuApproximationActor pid=1593456)[0m     v97(vertex_id=14): COMPRESS(axis=0,kind=abs_max)
[36m(CpuApproximationActor pid=1593456)[0m     v98(vertex_id=89): COMPRESS(axis=0,kind=abs_max)
[36m(CpuApproximationActor pid=1593456)[0m     v100(vertex_id=41): COMPRESS(axis=2,kind=abs_max)
[36m(CpuApproximationActor pid=1593456)[0m     v101(vertex_id=37): COMPRESS(axis=0,kind=abs_max)
[36m(CpuApproximationActor pid=1593456)[0m     v102(vertex_id=92): COMPRESS(axis=1,kind=abs_max)
[36m(CpuApproximationActor pid=1593456)[0m     v103(vertex_id=13): COMPRESS(axis=1,kind=abs_max)
[36m(CpuApproximationActor pid=1593456)[0m     v104(vertex_id=1): DIAG(bi1=0,bi2=0,factor=2)
[36m(CpuApproximationActor pid=1593456)[0m     v105(vertex_id=2): COMPRESS(axis=0,kind=abs_max)
[36m(CpuApproximationActor pid=1593456)[0m     v106(vertex_id=65): COMPRESS(axis=0,kind=abs_max)
[36m(CpuApproximationActor pid=1593456)[0m     v107(vertex_id=19): COMPRESS(axis=1,kind=max)
[36m(CpuApproximationActor pid=1593456)[0m     v108(vertex_id=82): COMPRESS(axis=2,kind=abs_max)
[36m(CpuApproximationActor pid=1593456)[0m     v109(vertex_id=98): COMPRESS(axis=0,kind=abs_max)
[36m(CpuApproximationActor pid=1593456)[0m     v110(vertex_id=23): DIAG(bi1=0,bi2=0,factor=16)
[36m(CpuApproximationActor pid=1593456)[0m     v111(vertex_id=70): COMPRESS(axis=0,kind=abs_max)
[36m(CpuApproximationActor pid=1593456)[0m [SENTINEL-VERBOSE] TRACEBACK:
[36m(CpuApproximationActor pid=1593456)[0m Traceback (most recent call last):
[36m(CpuApproximationActor pid=1593456)[0m   File "/Users/assmuth/dsnn/alphagrad/src/alphagrad/approx/cpu_approx_worker.py", line 257, in evaluate
[36m(CpuApproximationActor pid=1593456)[0m     tokens, eqn_ids, reward = _callback(
[36m(CpuApproximationActor pid=1593456)[0m                               ~~~~~~~~~^
[36m(CpuApproximationActor pid=1593456)[0m         self._config,
[36m(CpuApproximationActor pid=1593456)[0m         ^^^^^^^^^^^^^
[36m(CpuApproximationActor pid=1593456)[0m     ...<7 lines>...
[36m(CpuApproximationActor pid=1593456)[0m         point_idx=int(point_idx),
[36m(CpuApproximationActor pid=1593456)[0m         ^^^^^^^^^^^^^^^^^^^^^^^^^
[36m(CpuApproximationActor pid=1593456)[0m     ^
[36m(CpuApproximationActor pid=1593456)[0m   File "/Users/assmuth/dsnn/alphagrad/src/alphagrad/approx/env.py", line 3647, in _callback
[36m(CpuApproximationActor pid=1593456)[0m     raise RuntimeError(
[36m(CpuApproximationActor pid=1593456)[0m         f"mem-gate: per-device limit reached ({'; '.join(_why)}) — skip exec"
[36m(CpuApproximationActor pid=1593456)[0m RuntimeError: mem-gate: per-device limit reached (est 15.30G>static 15.0G; est 15.30G>0.9*free 12.5G) — skip exec
[36m(CpuApproximationActor pid=1593456)[0m [SENTINEL-VERBOSE] ==================================================[32m [repeated 2x across cluster][0m
[36m(CpuApproximationActor pid=1593456)[0m     )[32m [repeated 2x across cluster][0m
[36m(CpuApproximationActor pid=1593456)[0m [SENTINEL] mem-gate: per-device (est 10.30G>0.9*free 8.9G) sharded=False — skip exec
[36m(CpuApproximationActor pid=1593456)[0m [SENTINEL] measure-exception step=112 order_len=112 terminal=True: RuntimeError: mem-gate: per-device limit reached (est 10.30G>0.9*free 8.9G) — skip exec
[36m(CpuApproximationActor pid=1593456)[0m [SENTINEL-VERBOSE] step=112 order_len=112 terminal=True init=False point_idx=-1
[36m(CpuApproximationActor pid=1593456)[0m [SENTINEL-VERBOSE] EXC RuntimeError: mem-gate: per-device limit reached (est 10.30G>0.9*free 8.9G) — skip exec
[36m(CpuApproximationActor pid=1593456)[0m [SENTINEL-VERBOSE] ORDER (112): [38, 63, 62, 95, 7, 74, 31, 90, 33, 2, 87, 39, 40, 56, 48, 19, 9, 69, 70, 58, 99, 54, 44, 5, 42, 30, 107, 10, 29, 110, 77, 18, 88, 6, 105, 14, 41, 64, 11, 24, 16, 4, 36, 49, 80, 45, 47, 23, 79, 52, 100, 3, 84, 102, 91, 83, 101, 68, 27, 59, 15, 76, 96, 108, 65, 20, 98, 12, 61, 32, 111, 71, 82, 106, 104, 86, 46, 97, 73, 8, 92, 50, 34, 93, 94, 67, 17, 75, 37, 109, 1, 26, 22, 89, 103, 55, 43, 81, 53, 85, 112, 25, 78, 35, 72, 66, 13, 57, 60, 28, 21, 51]
[36m(CpuApproximationActor pid=1593456)[0m [SENTINEL-VERBOSE] MICRO-ACTIONS (per vertex, in elimination order):
[36m(CpuApproximationActor pid=1593456)[0m     v0(vertex_id=38): COMPRESS(axis=1,kind=abs_max)
[36m(CpuApproximationActor pid=1593456)[0m     v2(vertex_id=62): COMPRESS(axis=0,kind=abs_max)
[36m(CpuApproximationActor pid=1593456)[0m     v3(vertex_id=95): COMPRESS(axis=1,kind=abs_max)
[36m(CpuApproximationActor pid=1593456)[0m     v4(vertex_id=7): COMPRESS(axis=0,kind=abs_max)
[36m(CpuApproximationActor pid=1593456)[0m     v5(vertex_id=74): COMPRESS(axis=0,kind=abs_max)
[36m(CpuApproximationActor pid=1593456)[0m     v7(vertex_id=90): COMPRESS(axis=1,kind=abs_max)
[36m(CpuApproximationActor pid=1593456)[0m     v8(vertex_id=33): COMPRESS(axis=1,kind=abs_max)
[36m(CpuApproximationActor pid=1593456)[0m     v9(vertex_id=2): COMPRESS(axis=0,kind=abs_max)
[36m(CpuApproximationActor pid=1593456)[0m     v10(vertex_id=87): COMPRESS(axis=0,kind=abs_max)
[36m(CpuApproximationActor pid=1593456)[0m     v11(vertex_id=39): COMPRESS(axis=0,kind=abs_max)
[36m(CpuApproximationActor pid=1593456)[0m     v17(vertex_id=69): COMPRESS(axis=0,kind=abs_max)
[36m(CpuApproximationActor pid=1593456)[0m     v20(vertex_id=99): COMPRESS(axis=1,kind=abs_max)
[36m(CpuApproximationActor pid=1593456)[0m     v21(vertex_id=54): COMPRESS(axis=0,kind=abs_max)
[36m(CpuApproximationActor pid=1593456)[0m     v22(vertex_id=44): COMPRESS(axis=0,kind=abs_max)
[36m(CpuApproximationActor pid=1593456)[0m     v23(vertex_id=5): COMPRESS(axis=1,kind=abs_max)
[36m(CpuApproximationActor pid=1593456)[0m     v24(vertex_id=42): COMPRESS(axis=1,kind=abs_max)
[36m(CpuApproximationActor pid=1593456)[0m     v25(vertex_id=30): COMPRESS(axis=0,kind=abs_max)
[36m(CpuApproximationActor pid=1593456)[0m     v26(vertex_id=107): COMPRESS(axis=1,kind=abs_max)
[36m(CpuApproximationActor pid=1593456)[0m     v27(vertex_id=10): COMPRESS(axis=1,kind=abs_max)
[36m(CpuApproximationActor pid=1593456)[0m     v28(vertex_id=29): COMPRESS(axis=1,kind=abs_max)
[36m(CpuApproximationActor pid=1593456)[0m     v29(vertex_id=110): COMPRESS(axis=0,kind=abs_max)
[36m(CpuApproximationActor pid=1593456)[0m     v30(vertex_id=77): COMPRESS(axis=0,kind=abs_max)
[36m(CpuApproximationActor pid=1593456)[0m     v32(vertex_id=88): COMPRESS(axis=0,kind=abs_max)
[36m(CpuApproximationActor pid=1593456)[0m     v33(vertex_id=6): COMPRESS(axis=0,kind=abs_max)
[36m(CpuApproximationActor pid=1593456)[0m     v35(vertex_id=14): COMPRESS(axis=1,kind=abs_max)
[36m(CpuApproximationActor pid=1593456)[0m     v36(vertex_id=41): DIAG(bi1=0,bi2=0,factor=2)
[36m(CpuApproximationActor pid=1593456)[0m     v37(vertex_id=64): COMPRESS(axis=0,kind=abs_max)
[36m(CpuApproximationActor pid=1593456)[0m     v38(vertex_id=11): COMPRESS(axis=0,kind=abs_max)
[36m(CpuApproximationActor pid=1593456)[0m     v41(vertex_id=4): COMPRESS(axis=2,kind=abs_max)
[36m(CpuApproximationActor pid=1593456)[0m     v42(vertex_id=36): COMPRESS(axis=0,kind=abs_max)
[36m(CpuApproximationActor pid=1593456)[0m     v44(vertex_id=80): COMPRESS(axis=0,kind=abs_max)
[36m(CpuApproximationActor pid=1593456)[0m     v45(vertex_id=45): COMPRESS(axis=1,kind=abs_max)
[36m(CpuApproximationActor pid=1593456)[0m     v49(vertex_id=52): COMPRESS(axis=0,kind=abs_max)
[36m(CpuApproximationActor pid=1593456)[0m     v50(vertex_id=100): COMPRESS(axis=0,kind=abs_max)
[36m(CpuApproximationActor pid=1593456)[0m     v51(vertex_id=3): DIAG(bi1=0,bi2=0,factor=4)
[36m(CpuApproximationActor pid=1593456)[0m     v52(vertex_id=84): COMPRESS(axis=1,kind=abs_max)
[36m(CpuApproximationActor pid=1593456)[0m     v53(vertex_id=102): COMPRESS(axis=0,kind=abs_max)
[36m(CpuApproximationActor pid=1593456)[0m     v54(vertex_id=91): COMPRESS(axis=0,kind=abs_max)
[36m(CpuApproximationActor pid=1593456)[0m     v55(vertex_id=83): COMPRESS(axis=0,kind=abs_max)
[36m(CpuApproximationActor pid=1593456)[0m     v56(vertex_id=101): COMPRESS(axis=0,kind=abs_max)
[36m(CpuApproximationActor pid=1593456)[0m     v57(vertex_id=68): COMPRESS(axis=1,kind=abs_max)
[36m(CpuApproximationActor pid=1593456)[0m     v58(vertex_id=27): COMPRESS(axis=0,kind=abs_max)
[36m(CpuApproximationActor pid=1593456)[0m     v60(vertex_id=15): COMPRESS(axis=0,kind=abs_max)
[36m(CpuApproximationActor pid=1593456)[0m     v61(vertex_id=76): COMPRESS(axis=0,kind=abs_max)
[36m(CpuApproximationActor pid=1593456)[0m     v62(vertex_id=96): COMPRESS(axis=0,kind=abs_max)
[36m(CpuApproximationActor pid=1593456)[0m     v63(vertex_id=108): COMPRESS(axis=1,kind=abs_max)
[36m(CpuApproximationActor pid=1593456)[0m     v64(vertex_id=65): COMPRESS(axis=1,kind=abs_max)
[36m(CpuApproximationActor pid=1593456)[0m     v65(vertex_id=20): COMPRESS(axis=0,kind=abs_max)
[36m(CpuApproximationActor pid=1593456)[0m     v66(vertex_id=98): COMPRESS(axis=2,kind=abs_max)
[36m(CpuApproximationActor pid=1593456)[0m     v67(vertex_id=12): COMPRESS(axis=1,kind=abs_max)
[36m(CpuApproximationActor pid=1593456)[0m     v68(vertex_id=61): COMPRESS(axis=0,kind=abs_max)
[36m(CpuApproximationActor pid=1593456)[0m     v69(vertex_id=32): COMPRESS(axis=1,kind=abs_max)
[36m(CpuApproximationActor pid=1593456)[0m     v72(vertex_id=82): COMPRESS(axis=1,kind=abs_max)
[36m(CpuApproximationActor pid=1593456)[0m     v73(vertex_id=106): COMPRESS(axis=1,kind=abs_max)
[36m(CpuApproximationActor pid=1593456)[0m     v74(vertex_id=104): COMPRESS(axis=0,kind=abs_max)
[36m(CpuApproximationActor pid=1593456)[0m     v75(vertex_id=86): COMPRESS(axis=0,kind=abs_max)
[36m(CpuApproximationActor pid=1593456)[0m     v77(vertex_id=97): DIAG(bi1=0,bi2=0,factor=2)
[36m(CpuApproximationActor pid=1593456)[0m     v78(vertex_id=73): COMPRESS(axis=0,kind=abs_max)
[36m(CpuApproximationActor pid=1593456)[0m     v80(vertex_id=92): COMPRESS(axis=0,kind=abs_max)
[36m(CpuApproximationActor pid=1593456)[0m     v81(vertex_id=50): DIAG(bi1=0,bi2=0,factor=2)
[36m(CpuApproximationActor pid=1593456)[0m     v83(vertex_id=93): COMPRESS(axis=0,kind=abs_max)
[36m(CpuApproximationActor pid=1593456)[0m     v84(vertex_id=94): COMPRESS(axis=0,kind=abs_max)
[36m(CpuApproximationActor pid=1593456)[0m     v85(vertex_id=67): COMPRESS(axis=0,kind=abs_max)
[36m(CpuApproximationActor pid=1593456)[0m     v86(vertex_id=17): COMPRESS(axis=0,kind=abs_max)
[36m(CpuApproximationActor pid=1593456)[0m     v87(vertex_id=75): COMPRESS(axis=1,kind=abs_max)
[36m(CpuApproximationActor pid=1593456)[0m     v88(vertex_id=37): COMPRESS(axis=2,kind=abs_max)
[36m(CpuApproximationActor pid=1593456)[0m     v89(vertex_id=109): COMPRESS(axis=1,kind=abs_max)
[36m(CpuApproximationActor pid=1593456)[0m     v90(vertex_id=1): COMPRESS(axis=2,kind=abs_max)
[36m(CpuApproximationActor pid=1593456)[0m     v91(vertex_id=26): COMPRESS(axis=0,kind=abs_max)
[36m(CpuApproximationActor pid=1593456)[0m     v92(vertex_id=22): COMPRESS(axis=0,kind=abs_max)
[36m(CpuApproximationActor pid=1593456)[0m     v94(vertex_id=103): COMPRESS(axis=1,kind=abs_max)
[36m(CpuApproximationActor pid=1593456)[0m     v95(vertex_id=55): COMPRESS(axis=0,kind=abs_max)
[36m(CpuApproximationActor pid=1593456)[0m     v96(vertex_id=43): COMPRESS(axis=0,kind=abs_max)
[36m(CpuApproximationActor pid=1593456)[0m     v97(vertex_id=81): COMPRESS(axis=1,kind=abs_max)
[36m(CpuApproximationActor pid=1593456)[0m     v98(vertex_id=53): COMPRESS(axis=1,kind=abs_max)
[36m(CpuApproximationActor pid=1593456)[0m     v99(vertex_id=85): COMPRESS(axis=2,kind=abs_max)
[36m(CpuApproximationActor pid=1593456)[0m     v100(vertex_id=112): COMPRESS(axis=1,kind=abs_max)
[36m(CpuApproximationActor pid=1593456)[0m     v101(vertex_id=25): COMPRESS(axis=0,kind=abs_max)
[36m(CpuApproximationActor pid=1593456)[0m     v103(vertex_id=35): COMPRESS(axis=1,kind=abs_max)
[36m(CpuApproximationActor pid=1593456)[0m     v104(vertex_id=72): COMPRESS(axis=2,kind=abs_max)
[36m(CpuApproximationActor pid=1593456)[0m     v105(vertex_id=66): COMPRESS(axis=0,kind=abs_max)
[36m(CpuApproximationActor pid=1593456)[0m     v106(vertex_id=13): COMPRESS(axis=1,kind=max)
[36m(CpuApproximationActor pid=1593456)[0m     v107(vertex_id=57): COMPRESS(axis=2,kind=abs_max)
[36m(CpuApproximationActor pid=1593456)[0m     v108(vertex_id=60): COMPRESS(axis=0,kind=abs_max)
[36m(CpuApproximationActor pid=1593456)[0m     v109(vertex_id=28): COMPRESS(axis=2,kind=abs_max)
[36m(CpuApproximationActor pid=1593456)[0m     v110(vertex_id=21): COMPRESS(axis=2,kind=abs_max)
[36m(CpuApproximationActor pid=1593456)[0m     v111(vertex_id=51): COMPRESS(axis=0,kind=abs_max)
[36m(CpuApproximationActor pid=1593456)[0m [SENTINEL-VERBOSE] TRACEBACK:
[36m(CpuApproximationActor pid=1593456)[0m Traceback (most recent call last):
[36m(CpuApproximationActor pid=1593456)[0m   File "/Users/assmuth/dsnn/alphagrad/src/alphagrad/approx/cpu_approx_worker.py", line 257, in evaluate
[36m(CpuApproximationActor pid=1593456)[0m     tokens, eqn_ids, reward = _callback(
[36m(CpuApproximationActor pid=1593456)[0m                               ~~~~~~~~~^
[36m(CpuApproximationActor pid=1593456)[0m         self._config,
[36m(CpuApproximationActor pid=1593456)[0m         ^^^^^^^^^^^^^
[36m(CpuApproximationActor pid=1593456)[0m     ...<7 lines>...
[36m(CpuApproximationActor pid=1593456)[0m         point_idx=int(point_idx),
[36m(CpuApproximationActor pid=1593456)[0m         ^^^^^^^^^^^^^^^^^^^^^^^^^
[36m(CpuApproximationActor pid=1593456)[0m     ^
[36m(CpuApproximationActor pid=1593456)[0m   File "/Users/assmuth/dsnn/alphagrad/src/alphagrad/approx/env.py", line 3647, in _callback
[36m(CpuApproximationActor pid=1593456)[0m     raise RuntimeError(
[36m(CpuApproximationActor pid=1593456)[0m         f"mem-gate: per-device limit reached ({'; '.join(_why)}) — skip exec"
[36m(CpuApproximationActor pid=1593456)[0m RuntimeError: mem-gate: per-device limit reached (est 10.30G>0.9*free 8.9G) — skip exec
[36m(CpuApproximationActor pid=1593456)[0m [SENTINEL-VERBOSE] ==================================================[32m [repeated 2x across cluster][0m
[36m(CpuApproximationActor pid=1593456)[0m     )[32m [repeated 2x across cluster][0m
[36m(PPOActor pid=1593453)[0m W0723 15:56:39.468051 1593453 text_format.cc:393] Warning parsing text-format xla.AutotuneResult: 5:10 (N = 32): text format contains deprecated field "split_k"
[36m(PPOActor pid=1593453)[0m [ppo_ray] 4/448 failed/sentinel transitions this episode (pool timeout / mem-gate / shape-storm); zeroing raw rewards, forcing dones.
[36m(PPOActor pid=1593453)[0m [ppo_ray][popart] ep=0 ev=-244713.184 adv(mean/std/absmax)=-0.056/0.023/0.103 flops: mu=+0 sig=1 frob_residual: mu=+0 sig=1
[36m(PPOActor pid=1593453)[0m W0723 15:56:48.314537 1593453 text_format.cc:393] Warning parsing text-format xla.AutotuneResult: 5:10 (N = 64): text format contains deprecated field "split_k"
[36m(PPOActor pid=1593453)[0m W0723 15:56:55.016994 1593453 hlo_rematerialization.cc:3233] Can't reduce memory use below 17.83GiB (19144916043 bytes) by rematerialization; only reduced to 88.44GiB (94961809553 bytes), down from 108.61GiB (116616989461 bytes) originally
[36m(PPOActor pid=1593453)[0m E0723 15:57:13.807576 1593453 cuda_executor.cc:1210] [0] Failed to allocate device memory: INTERNAL: [0] Failed to allocate 88.38GiB (94903033136 bytes) of device memory: : CUDA_ERROR_OUT_OF_MEMORY: out of memory
Traceback (most recent call last):
  File "/Users/assmuth/dsnn/alphagrad/src/alphagrad/approx/ppo_ray.py", line 776, in <module>
    sys.exit(main())
             ~~~~^^
  File "/Users/assmuth/dsnn/alphagrad/src/alphagrad/approx/ppo_ray.py", line 770, in main
    rc = _run(args)
  File "/Users/assmuth/dsnn/alphagrad/src/alphagrad/approx/ppo_ray.py", line 561, in _run
    stats = ray.get(actor.run_rollout_and_train.remote(seed_counter))
  File "/Users/assmuth/dsnn/.venv/lib/python3.13/site-packages/ray/_private/auto_init_hook.py", line 22, in auto_init_wrapper
    return fn(*args, **kwargs)
  File "/Users/assmuth/dsnn/.venv/lib/python3.13/site-packages/ray/_private/client_mode_hook.py", line 107, in wrapper
    return func(*args, **kwargs)
  File "/Users/assmuth/dsnn/.venv/lib/python3.13/site-packages/ray/_private/worker.py", line 2980, in get
    values, debugger_breakpoint = worker.get_objects(
                                  ~~~~~~~~~~~~~~~~~~^
        object_refs, timeout, use_object_store=_use_object_store
        ^^^^^^^^^^^^^^^^^^^^^^^^^^^^^^^^^^^^^^^^^^^^^^^^^^^^^^^^
    )
    ^
  File "/Users/assmuth/dsnn/.venv/lib/python3.13/site-packages/ray/_private/worker.py", line 1023, in get_objects
    raise value.as_instanceof_cause()
ray.exceptions.RayTaskError(JaxRuntimeError): [36mray::PPOActor.run_rollout_and_train()[39m (pid=1593453, ip=192.168.15.10, actor_id=bddc5da6fdc980fa4f51e8ee01000000, repr=<alphagrad.approx.ppo_ray_actors.PPOActor object at 0x7e2e0c729550>)
  File "/Users/assmuth/dsnn/alphagrad/src/alphagrad/approx/ppo_ray_actors.py", line 71, in run_rollout_and_train
    return self._impl.run_rollout_and_train(int(rng_seed))
           ~~~~~~~~~~~~~~~~~~~~~~~~~~~~~~~~^^^^^^^^^^^^^^^
  File "/Users/assmuth/dsnn/alphagrad/src/alphagrad/approx/ppo_ray_worker.py", line 3186, in run_rollout_and_train
    agent, opt_state, aux = self._update_step(
                            ~~~~~~~~~~~~~~~~~^
        agent, opt_state, batch,
        ^^^^^^^^^^^^^^^^^^^^^^^^
    ...<2 lines>...
        _ent_coef_j,
        ^^^^^^^^^^^^
    )
    ^
  File "/Users/assmuth/dsnn/.venv/lib/python3.13/site-packages/equinox/_jit.py", line 209, in __call__
    return _call(self, False, args, kwargs)
  File "/Users/assmuth/dsnn/.venv/lib/python3.13/site-packages/equinox/_jit.py", line 271, in _call
    marker.block_until_ready()
    ~~~~~~~~~~~~~~~~~~~~~~~~^^
jax.errors.JaxRuntimeError: RESOURCE_EXHAUSTED: Failed to allocate request for 88.38GiB (94903033136B) on device ordinal 0 [executable_name='jit_update_step']
Traceback (most recent call last):
  File "/Users/assmuth/dsnn/alphagrad/src/alphagrad/approx/ppo_ray.py", line 776, in <module>
    sys.exit(main())
             ~~~~^^
  File "/Users/assmuth/dsnn/alphagrad/src/alphagrad/approx/ppo_ray.py", line 770, in main
    rc = _run(args)
  File "/Users/assmuth/dsnn/alphagrad/src/alphagrad/approx/ppo_ray.py", line 561, in _run
    stats = ray.get(actor.run_rollout_and_train.remote(seed_counter))
  File "/Users/assmuth/dsnn/.venv/lib/python3.13/site-packages/ray/_private/auto_init_hook.py", line 22, in auto_init_wrapper
    return fn(*args, **kwargs)
  File "/Users/assmuth/dsnn/.venv/lib/python3.13/site-packages/ray/_private/client_mode_hook.py", line 107, in wrapper
    return func(*args, **kwargs)
  File "/Users/assmuth/dsnn/.venv/lib/python3.13/site-packages/ray/_private/worker.py", line 2980, in get
    values, debugger_breakpoint = worker.get_objects(
                                  ~~~~~~~~~~~~~~~~~~^
        object_refs, timeout, use_object_store=_use_object_store
        ^^^^^^^^^^^^^^^^^^^^^^^^^^^^^^^^^^^^^^^^^^^^^^^^^^^^^^^^
    )
    ^
  File "/Users/assmuth/dsnn/.venv/lib/python3.13/site-packages/ray/_private/worker.py", line 1023, in get_objects
    raise value.as_instanceof_cause()
ray.exceptions.RayTaskError(JaxRuntimeError): [36mray::PPOActor.run_rollout_and_train()[39m (pid=1593453, ip=192.168.15.10, actor_id=bddc5da6fdc980fa4f51e8ee01000000, repr=<alphagrad.approx.ppo_ray_actors.PPOActor object at 0x7e2e0c729550>)
  File "/Users/assmuth/dsnn/alphagrad/src/alphagrad/approx/ppo_ray_actors.py", line 71, in run_rollout_and_train
    return self._impl.run_rollout_and_train(int(rng_seed))
           ~~~~~~~~~~~~~~~~~~~~~~~~~~~~~~~~^^^^^^^^^^^^^^^
  File "/Users/assmuth/dsnn/alphagrad/src/alphagrad/approx/ppo_ray_worker.py", line 3186, in run_rollout_and_train
    agent, opt_state, aux = self._update_step(
                            ~~~~~~~~~~~~~~~~~^
        agent, opt_state, batch,
        ^^^^^^^^^^^^^^^^^^^^^^^^
    ...<2 lines>...
        _ent_coef_j,
        ^^^^^^^^^^^^
    )
    ^
  File "/Users/assmuth/dsnn/.venv/lib/python3.13/site-packages/equinox/_jit.py", line 209, in __call__
    return _call(self, False, args, kwargs)
  File "/Users/assmuth/dsnn/.venv/lib/python3.13/site-packages/equinox/_jit.py", line 271, in _call
    marker.block_until_ready()
    ~~~~~~~~~~~~~~~~~~~~~~~~^^
jax.errors.JaxRuntimeError: RESOURCE_EXHAUSTED: Failed to allocate request for 88.38GiB (94903033136B) on device ordinal 0 [executable_name='jit_update_step']
[1;34mwandb[0m: 
[1;34mwandb[0m: 🚀 View run [33mexact_encdec_flops[0m at: [34mhttps://wandb.ai/dll-streetview/dsnn-vertex/runs/jfpxewm3[0m
[1;34mwandb[0m: Find logs at: [1;35mwandb/run-20260723_154806-jfpxewm3/logs[0m
=== PHASE flops RC=1 Thu Jul 23 03:57:18 PM UTC 2026 ===
[log_to_csv] campaign_exp/exact_encdec_flops/run.log -> campaign_exp/exact_encdec_flops/metrics.csv: 0 rows (of 1 episodes, warmup=50, drop_zeros=True), 1 columns
=== ALL PHASES DONE (FAILED=1) Thu Jul 23 03:57:18 PM UTC 2026 ===
